session_id,user_id,session_date,session_duration_sec,pages_viewed
1,2811,2025-11-25,522,5
2,1960,2025-09-09,1265,7
3,2028,2025-08-24,135,3
4,379,2025-03-28,133,8
5,713,2025-06-30,276,4
6,1373,2025-03-28,1203,7
7,225,2025-03-13,82,6
8,1738,2025-10-07,224,9
9,738,2025-09-08,296,4
10,236,2025-04-05,339,3
11,183,2025-10-05,271,6
12,712,2025-11-25,555,10
13,1893,2025-01-31,355,4
14,2492,2025-09-26,238,6
15,1889,2025-01-18,1013,4
16,623,2025-02-08,419,4
17,1260,2025-12-09,403,5
18,1151,2025-01-25,688,7
19,749,2025-01-04,230,3
20,2203,2025-07-31,931,5
21,2305,2025-03-12,446,4
22,2283,2025-11-19,281,2
23,2548,2025-04-29,816,4
24,2337,2025-02-04,425,5
25,510,2025-12-29,558,5
26,1576,2025-03-19,115,5
27,1824,2025-01-05,140,10
28,2757,2025-04-22,341,12
29,785,2025-09-16,352,5
30,2942,2025-08-22,708,5
31,2824,2025-07-11,175,3
32,2346,2025-01-31,848,6
33,137,2025-11-13,708,7
34,2424,2025-11-23,51,4
35,2135,2025-12-08,752,5
36,1778,2025-11-12,202,3
37,1223,2025-09-05,501,7
38,2485,2025-12-04,652,9
39,1334,2025-09-07,461,7
40,1778,2025-01-09,412,7
41,1305,2025-01-04,446,7
42,764,2025-09-30,289,6
43,702,2025-10-10,619,3
44,2990,2025-07-30,734,3
45,152,2025-01-07,254,2
46,1326,2025-01-09,623,6
47,1302,2025-09-29,255,4
48,1712,2025-05-21,291,7
49,1032,2025-10-02,141,4
50,807,2025-05-27,424,4
51,235,2025-01-09,386,7
52,2723,2025-09-15,299,9
53,561,2025-12-24,725,5
54,1326,2025-12-12,757,6
55,38,2025-08-09,422,5
56,1160,2025-04-02,374,7
57,2870,2025-02-24,931,4
58,421,2025-02-19,381,6
59,1243,2025-09-26,251,4
60,348,2025-03-18,325,8
61,1832,2025-05-04,396,5
62,1570,2025-04-09,511,7
63,2796,2025-11-14,217,7
64,1919,2025-09-27,248,4
65,2321,2025-05-10,602,5
66,1902,2025-07-01,196,12
67,2356,2025-05-17,563,8
68,1398,2025-07-23,330,4
69,2781,2025-02-10,132,3
70,1825,2025-07-11,406,5
71,2492,2025-07-27,387,12
72,1229,2025-08-24,689,8
73,405,2025-10-17,445,5
74,1722,2025-05-05,647,5
75,2901,2025-12-23,577,7
76,1221,2025-04-26,822,9
77,2826,2025-06-03,497,5
78,115,2025-12-17,307,8
79,1677,2025-02-11,716,10
80,65,2025-12-01,335,6
81,1300,2025-11-29,882,7
82,825,2025-01-17,447,3
83,2287,2025-02-17,392,5
84,2350,2025-07-27,681,5
85,1416,2025-07-14,142,9
86,969,2025-07-13,192,8
87,369,2025-10-10,178,10
88,233,2025-09-01,710,9
89,2243,2025-01-29,272,6
90,907,2025-11-23,553,6
91,921,2025-01-05,300,9
92,689,2025-12-26,266,10
93,177,2025-03-29,576,7
94,2265,2025-02-12,613,9
95,1035,2025-09-13,519,5
96,1470,2025-08-11,417,4
97,630,2025-11-27,173,5
98,164,2025-06-19,252,7
99,2101,2025-10-17,284,9
100,2266,2025-02-18,289,6
101,824,2025-09-28,591,7
102,2433,2025-01-22,558,8
103,56,2025-04-28,510,6
104,118,2025-04-19,331,11
105,2948,2025-12-21,266,3
106,798,2025-10-18,692,7
107,780,2025-09-01,934,5
108,2851,2025-05-19,484,9
109,2893,2025-01-24,301,3
110,1439,2025-02-08,581,5
111,1894,2025-12-17,354,5
112,2903,2025-05-24,407,8
113,708,2025-10-06,324,9
114,1104,2025-10-16,930,6
115,22,2025-12-03,649,6
116,1501,2025-01-17,555,5
117,843,2025-04-02,130,9
118,1761,2025-06-11,376,6
119,1117,2025-01-09,520,5
120,192,2025-04-17,222,7
121,1019,2025-10-28,545,3
122,1127,2025-03-15,218,7
123,396,2025-12-31,360,8
124,2688,2025-07-23,581,5
125,1019,2025-02-09,429,8
126,567,2025-06-03,349,4
127,231,2025-03-25,773,8
128,874,2025-10-16,538,3
129,2622,2025-05-04,543,4
130,240,2025-10-18,525,6
131,90,2025-07-19,493,5
132,2280,2025-12-13,551,6
133,457,2025-10-04,809,7
134,2281,2025-06-19,591,5
135,354,2025-07-16,122,8
136,1005,2025-03-13,557,6
137,1357,2025-12-19,512,8
138,439,2025-02-10,834,8
139,1399,2025-09-14,167,4
140,345,2025-06-27,271,5
141,2712,2025-01-28,956,8
142,657,2025-02-20,380,7
143,2178,2025-08-12,160,6
144,2189,2025-04-29,436,4
145,2463,2025-02-08,261,7
146,1117,2025-06-24,506,7
147,626,2025-11-06,261,7
148,284,2025-11-11,684,6
149,1980,2025-11-01,611,4
150,1679,2025-07-23,496,5
151,223,2025-06-17,368,7
152,744,2025-01-16,591,9
153,463,2025-11-21,655,2
154,1569,2025-05-20,423,4
155,1706,2025-08-19,334,5
156,1164,2025-09-09,513,9
157,2405,2025-04-27,388,8
158,1737,2025-07-02,433,6
159,1047,2025-10-11,559,10
160,2907,2025-07-12,219,4
161,665,2025-08-10,643,10
162,1357,2025-04-06,410,8
163,1015,2025-12-15,134,6
164,2133,2025-10-27,280,9
165,2669,2025-12-05,225,5
166,1055,2025-07-14,453,7
167,1765,2025-02-13,405,5
168,2288,2025-11-13,295,6
169,1914,2025-06-01,1096,5
170,363,2025-05-07,414,5
171,2870,2026-01-01,366,3
172,1413,2025-02-07,339,7
173,668,2025-02-12,940,9
174,1881,2025-05-18,218,6
175,1395,2025-03-20,299,10
176,99,2025-07-14,890,6
177,2095,2025-12-31,465,3
178,2887,2025-11-21,320,5
179,422,2025-03-20,922,6
180,1504,2025-07-19,503,2
181,62,2025-06-12,462,6
182,1133,2025-07-04,251,5
183,1703,2025-02-24,330,7
184,598,2025-02-16,154,5
185,392,2025-01-03,520,4
186,1076,2025-06-07,744,6
187,2651,2025-08-16,241,5
188,1313,2025-07-04,410,11
189,2030,2025-05-19,373,4
190,2385,2025-02-22,182,5
191,810,2025-03-09,673,5
192,1406,2025-02-14,154,5
193,2800,2025-04-06,296,8
194,1160,2025-08-09,1126,5
195,1532,2025-08-18,571,6
196,1386,2025-10-13,384,6
197,881,2025-10-12,165,5
198,1600,2025-09-20,681,10
199,2683,2025-07-28,789,8
200,254,2025-02-22,178,4
201,2068,2025-01-14,567,7
202,2576,2025-02-15,676,11
203,1169,2025-07-01,768,11
204,1232,2025-10-11,447,3
205,2424,2025-02-17,360,8
206,166,2025-11-02,178,5
207,1574,2025-11-03,343,8
208,2909,2025-06-16,395,3
209,617,2025-07-17,218,6
210,2660,2025-01-07,314,5
211,1626,2025-05-30,444,4
212,503,2025-07-31,284,6
213,913,2025-07-18,364,4
214,2127,2025-02-13,433,6
215,585,2025-10-14,434,6
216,1959,2025-05-05,254,5
217,2736,2025-10-20,266,7
218,396,2025-09-24,181,5
219,1632,2025-03-28,760,5
220,1881,2025-12-17,363,6
221,402,2025-07-14,302,6
222,975,2025-03-28,407,6
223,224,2025-03-13,666,5
224,518,2025-05-18,371,3
225,2682,2025-06-04,374,6
226,236,2025-05-18,157,5
227,116,2025-09-10,949,8
228,226,2025-03-16,498,10
229,2278,2025-02-02,99,5
230,182,2025-03-27,187,9
231,1342,2025-08-11,340,6
232,210,2025-05-22,580,8
233,1416,2025-08-04,395,3
234,2144,2025-06-03,354,4
235,894,2025-09-05,989,5
236,1882,2025-02-09,452,11
237,2804,2025-07-04,202,8
238,1110,2025-05-09,588,8
239,2463,2025-05-07,512,5
240,2027,2025-11-17,326,8
241,394,2025-09-11,614,4
242,2744,2025-11-01,754,6
243,844,2025-11-12,708,5
244,1525,2025-04-11,407,3
245,604,2025-08-23,407,6
246,582,2025-02-24,955,12
247,2043,2025-03-11,223,7
248,1940,2025-06-05,229,11
249,133,2025-01-04,477,7
250,2839,2025-07-22,634,10
251,2697,2025-06-20,173,6
252,2269,2025-11-14,910,4
253,976,2025-07-14,901,7
254,1814,2025-06-18,672,7
255,1544,2025-08-14,355,4
256,2836,2025-06-21,281,5
257,2739,2025-08-09,177,8
258,1358,2025-11-30,254,2
259,39,2025-11-01,420,4
260,1317,2025-03-11,905,3
261,2738,2025-06-03,362,5
262,162,2025-06-14,514,5
263,1910,2025-11-05,453,8
264,1128,2025-12-22,537,9
265,2209,2025-04-13,300,4
266,1659,2025-09-03,291,6
267,1964,2025-06-10,927,3
268,1058,2025-04-01,430,6
269,2290,2025-07-23,371,6
270,967,2025-06-13,307,11
271,890,2025-05-30,575,5
272,2161,2025-12-22,630,5
273,2366,2025-11-21,294,6
274,2071,2025-09-09,426,5
275,2872,2025-10-22,852,5
276,2749,2025-05-05,345,5
277,1667,2025-06-16,256,3
278,1442,2025-07-12,521,5
279,1068,2025-05-24,440,6
280,128,2025-07-21,309,7
281,2924,2025-07-06,675,7
282,158,2025-02-28,308,7
283,827,2025-10-16,312,6
284,1891,2025-04-13,281,7
285,2900,2025-10-31,251,4
286,512,2025-10-07,174,8
287,2093,2025-04-03,142,6
288,2267,2025-12-16,275,5
289,443,2025-10-09,544,5
290,2363,2025-01-14,372,9
291,2225,2025-08-25,755,5
292,2276,2025-12-29,335,5
293,1727,2025-04-18,509,4
294,2007,2025-08-13,127,7
295,1696,2025-05-30,179,4
296,267,2025-12-21,200,5
297,2918,2025-02-05,270,4
298,838,2025-07-29,636,5
299,489,2025-12-11,393,4
300,702,2025-09-13,515,4
301,687,2025-03-13,337,5
302,996,2025-11-21,505,3
303,357,2025-06-05,172,10
304,872,2025-05-04,435,3
305,1974,2025-05-10,114,6
306,2252,2025-12-04,339,6
307,552,2025-03-20,293,8
308,1811,2025-08-05,507,6
309,323,2025-07-13,156,8
310,2642,2025-02-07,217,6
311,2229,2025-08-18,672,4
312,2547,2025-11-03,296,3
313,83,2025-09-03,185,6
314,2351,2025-10-26,452,8
315,262,2025-07-25,305,7
316,784,2025-10-01,435,5
317,1224,2025-09-17,258,8
318,914,2025-12-21,955,5
319,2740,2025-08-03,348,7
320,944,2025-10-06,458,5
321,2731,2025-01-19,399,8
322,1319,2025-07-04,146,6
323,1536,2025-12-26,227,5
324,689,2025-10-02,144,5
325,2444,2025-11-01,162,8
326,1773,2025-11-23,849,5
327,839,2025-02-13,463,7
328,878,2025-02-25,738,4
329,2871,2025-05-08,443,9
330,49,2025-12-03,676,4
331,2837,2025-12-07,239,5
332,293,2025-07-01,287,4
333,1652,2025-03-27,498,7
334,536,2025-11-28,226,7
335,311,2025-11-10,869,5
336,537,2025-01-23,374,5
337,1927,2025-10-16,727,4
338,2687,2025-11-27,260,6
339,234,2025-12-13,553,5
340,1233,2025-11-28,337,5
341,2653,2025-07-24,273,5
342,2142,2025-06-19,797,4
343,2375,2025-08-09,162,6
344,2273,2025-02-24,709,4
345,967,2025-01-06,559,5
346,890,2025-02-20,171,8
347,2059,2025-05-13,552,2
348,35,2025-04-24,332,6
349,447,2025-09-19,275,6
350,1764,2025-09-23,316,7
351,2489,2025-10-13,196,5
352,2701,2025-10-25,82,4
353,1559,2025-12-19,957,6
354,595,2025-10-22,446,7
355,2026,2025-04-24,991,6
356,2277,2025-08-17,221,4
357,344,2025-07-11,364,9
358,1104,2025-07-20,169,8
359,1420,2025-08-26,540,7
360,1314,2025-12-14,402,2
361,1479,2025-10-29,302,3
362,1152,2025-12-20,160,2
363,2957,2025-09-14,434,5
364,1922,2025-03-19,758,2
365,1383,2025-06-26,502,4
366,2575,2025-01-13,742,7
367,2123,2025-09-05,869,3
368,1570,2025-02-23,417,8
369,1895,2025-06-01,283,9
370,2244,2025-08-01,556,4
371,1867,2025-02-13,548,8
372,29,2025-03-01,482,5
373,706,2025-03-14,585,6
374,1021,2025-06-28,288,11
375,2064,2025-06-09,277,7
376,1447,2025-06-25,685,7
377,2853,2025-08-22,329,3
378,2988,2025-04-16,515,5
379,1660,2025-09-24,428,10
380,967,2025-09-05,376,7
381,2277,2025-06-28,568,3
382,2763,2025-09-01,494,6
383,573,2025-02-19,342,7
384,1607,2025-08-13,671,5
385,615,2025-12-23,424,9
386,326,2025-08-20,517,6
387,2923,2025-06-13,211,3
388,359,2025-02-04,203,4
389,1811,2025-06-03,164,8
390,2372,2025-01-23,397,5
391,1722,2025-12-30,216,6
392,1350,2025-02-28,384,7
393,165,2025-01-12,799,12
394,1597,2025-06-25,249,8
395,1628,2025-11-28,432,8
396,2846,2025-02-25,404,9
397,2503,2025-12-13,153,6
398,1177,2025-03-26,241,12
399,1151,2025-05-05,178,8
400,193,2025-09-22,366,4
401,2675,2025-03-31,996,7
402,2578,2025-10-10,277,4
403,92,2025-03-23,316,5
404,139,2025-06-19,204,6
405,481,2025-10-14,351,12
406,2497,2025-08-07,991,6
407,1357,2025-08-25,498,4
408,2917,2025-04-29,342,6
409,340,2025-07-27,889,8
410,1076,2025-11-19,701,10
411,2514,2025-04-05,222,12
412,2766,2025-04-06,300,6
413,799,2025-11-24,172,8
414,475,2025-12-03,472,4
415,2449,2025-08-10,529,6
416,1463,2025-07-22,357,4
417,605,2025-01-15,581,8
418,2980,2025-11-11,473,8
419,2970,2025-04-12,742,7
420,821,2025-08-19,494,8
421,2705,2025-10-31,357,5
422,598,2025-08-08,403,4
423,1533,2025-07-19,389,7
424,514,2025-01-03,340,2
425,1527,2025-12-27,399,3
426,1878,2025-04-20,275,6
427,1700,2025-04-16,146,7
428,1030,2025-05-23,257,5
429,500,2025-12-27,499,5
430,1685,2025-02-02,444,10
431,717,2025-10-23,345,10
432,1142,2025-02-22,199,3
433,1509,2025-10-02,126,7
434,2649,2025-04-06,458,9
435,666,2025-07-07,480,8
436,2516,2025-06-16,397,7
437,2209,2025-04-11,564,6
438,2318,2025-08-23,340,5
439,1080,2025-02-28,439,8
440,228,2025-05-15,184,9
441,2897,2025-12-10,524,4
442,149,2025-09-08,599,3
443,1070,2025-09-28,287,4
444,1168,2025-11-24,869,7
445,632,2025-06-10,374,9
446,1364,2025-11-02,271,9
447,413,2025-07-18,338,6
448,1756,2025-11-09,440,5
449,520,2025-07-20,898,5
450,1368,2025-10-28,300,4
451,2435,2025-02-28,362,7
452,2323,2025-06-28,411,11
453,2401,2025-06-30,181,11
454,1103,2025-08-23,298,5
455,598,2025-11-13,337,5
456,1660,2025-03-30,316,6
457,1686,2025-12-11,291,4
458,2606,2025-12-28,492,6
459,2161,2025-06-02,366,7
460,2189,2025-11-11,290,5
461,1925,2025-10-30,313,5
462,730,2025-02-13,460,6
463,589,2025-12-11,292,5
464,2459,2025-03-10,493,5
465,377,2025-06-10,504,6
466,1408,2025-03-02,373,5
467,1870,2025-05-03,374,3
468,751,2025-06-06,485,5
469,627,2025-03-01,567,3
470,1630,2025-04-04,314,6
471,995,2025-07-11,490,11
472,1584,2025-12-22,407,2
473,703,2025-03-14,219,5
474,2510,2025-09-19,471,3
475,2060,2025-07-18,809,5
476,1180,2025-08-03,383,3
477,477,2025-11-02,833,4
478,2987,2025-03-12,162,9
479,401,2025-10-22,453,6
480,2856,2025-07-16,287,3
481,2225,2025-08-05,416,5
482,57,2025-04-06,185,4
483,1876,2025-09-07,702,8
484,448,2025-11-22,237,11
485,203,2025-10-03,287,8
486,1657,2025-12-22,402,7
487,738,2025-11-27,249,2
488,202,2025-03-30,245,5
489,1354,2025-10-12,403,5
490,2411,2025-03-27,414,9
491,892,2025-09-08,338,9
492,2502,2025-05-28,530,5
493,2404,2025-03-13,360,4
494,216,2025-04-06,196,7
495,2603,2025-06-11,112,3
496,2935,2025-08-19,362,3
497,23,2025-11-14,188,5
498,2203,2025-01-28,552,5
499,1210,2025-07-03,54,10
500,2297,2025-01-05,489,6
501,749,2025-09-06,220,8
502,805,2025-03-11,540,6
503,134,2025-04-10,214,3
504,321,2025-07-16,902,8
505,2438,2025-10-15,881,4
506,434,2025-09-16,661,10
507,1046,2025-12-01,486,7
508,873,2025-09-11,124,5
509,2906,2025-07-29,186,6
510,2099,2025-12-17,262,4
511,2224,2025-09-09,224,4
512,2918,2025-08-01,494,7
513,253,2025-12-30,249,3
514,966,2025-08-16,490,8
515,739,2025-09-08,523,10
516,1130,2025-03-27,670,5
517,1340,2025-02-12,778,6
518,302,2025-10-17,454,2
519,2596,2025-01-16,769,9
520,1978,2025-04-23,303,3
521,2764,2025-05-30,426,6
522,2827,2025-01-17,784,6
523,2316,2025-05-21,491,6
524,551,2025-04-26,255,13
525,1479,2025-10-03,391,3
526,1316,2025-05-28,932,3
527,1588,2025-03-28,133,7
528,1823,2025-08-23,320,8
529,1825,2025-10-17,1367,5
530,1165,2025-09-11,530,5
531,314,2025-10-09,479,7
532,184,2025-09-19,264,6
533,1688,2025-02-27,295,7
534,713,2025-10-21,292,5
535,2176,2025-02-28,359,7
536,1311,2025-05-18,613,8
537,2748,2025-10-06,618,5
538,2434,2025-07-07,511,4
539,271,2025-10-05,383,6
540,1795,2025-01-22,101,5
541,811,2025-08-14,727,5
542,2463,2025-10-07,574,8
543,198,2025-04-22,733,10
544,1080,2025-08-06,267,1
545,2879,2025-02-22,298,3
546,1227,2025-12-01,1322,5
547,1645,2025-05-07,147,5
548,628,2025-06-02,542,4
549,604,2025-01-17,672,3
550,1162,2025-08-19,119,9
551,1446,2025-05-15,392,9
552,1081,2025-06-28,350,4
553,1586,2025-02-14,189,6
554,2119,2025-08-13,564,7
555,911,2025-03-02,175,5
556,594,2025-05-02,452,5
557,1396,2025-04-18,279,5
558,600,2025-10-29,67,7
559,514,2025-12-19,294,7
560,1896,2025-06-29,289,6
561,2132,2025-12-30,563,3
562,1067,2025-11-09,568,2
563,2887,2025-11-20,143,6
564,1958,2025-08-08,430,3
565,2654,2025-03-26,287,8
566,810,2025-11-12,427,8
567,2181,2025-03-13,394,4
568,1089,2025-04-16,310,11
569,290,2025-04-16,668,9
570,2424,2025-01-31,189,7
571,769,2025-10-19,256,3
572,2515,2025-06-29,706,6
573,471,2025-09-30,337,10
574,2197,2025-05-24,506,6
575,88,2025-11-02,464,7
576,2444,2025-10-03,461,12
577,790,2025-03-28,310,4
578,1665,2025-06-15,207,8
579,1310,2025-12-27,344,7
580,865,2025-05-30,698,12
581,1294,2025-05-29,222,6
582,24,2025-10-21,131,9
583,1887,2025-05-17,529,5
584,311,2025-09-21,154,7
585,1485,2025-12-14,506,4
586,1232,2025-02-18,238,7
587,2712,2025-03-11,527,9
588,2486,2025-07-30,599,3
589,706,2025-01-31,600,5
590,1360,2025-05-22,590,4
591,422,2025-12-02,438,5
592,1774,2025-03-06,456,9
593,2369,2025-12-26,162,9
594,2635,2025-03-09,363,2
595,947,2025-05-08,341,5
596,1187,2025-03-16,691,8
597,1835,2025-12-31,381,7
598,1565,2025-06-14,299,10
599,849,2025-05-07,449,8
600,1590,2025-12-13,378,11
601,1319,2025-07-21,717,7
602,2090,2025-09-08,176,13
603,1948,2025-03-14,393,9
604,1309,2025-10-23,589,4
605,2987,2025-11-20,176,4
606,387,2025-05-18,296,9
607,2036,2025-11-18,332,3
608,1162,2025-08-01,382,5
609,2026,2025-07-12,114,5
610,2958,2025-08-20,586,6
611,716,2025-02-08,601,7
612,2479,2025-11-21,461,5
613,2602,2025-02-17,225,8
614,2848,2025-07-26,272,8
615,426,2025-09-21,179,7
616,1440,2025-05-23,634,4
617,2074,2025-12-22,231,7
618,385,2025-07-08,226,5
619,56,2025-08-21,268,6
620,2682,2025-09-07,776,5
621,106,2025-06-17,349,6
622,2897,2025-10-25,254,7
623,670,2025-01-02,570,4
624,376,2025-02-17,474,6
625,743,2025-08-23,48,4
626,967,2025-11-22,827,3
627,308,2025-12-07,368,6
628,2139,2025-12-24,683,9
629,802,2025-07-03,613,5
630,110,2025-02-02,443,5
631,1665,2025-10-01,167,7
632,2633,2025-07-23,375,1
633,340,2025-04-22,322,5
634,1589,2025-08-08,900,4
635,979,2025-04-19,201,5
636,2404,2025-09-11,849,5
637,1916,2025-05-18,196,8
638,168,2025-06-15,345,7
639,557,2025-05-26,787,7
640,905,2025-06-22,187,5
641,105,2025-10-08,761,6
642,2048,2025-10-23,756,5
643,2198,2025-03-08,662,11
644,146,2025-10-17,352,6
645,2764,2025-09-06,371,7
646,874,2025-06-25,540,12
647,299,2025-12-16,199,3
648,1737,2025-01-25,783,3
649,646,2025-01-24,359,4
650,2771,2025-02-20,346,7
651,638,2025-11-17,362,7
652,2287,2025-08-24,361,5
653,2512,2025-01-09,320,4
654,2501,2025-03-05,491,9
655,784,2025-03-22,550,4
656,897,2025-08-14,180,7
657,371,2025-08-22,432,6
658,487,2025-01-01,268,4
659,2038,2025-08-08,95,6
660,2213,2025-04-14,398,6
661,1361,2025-12-19,441,4
662,192,2025-03-09,289,4
663,730,2025-11-29,285,6
664,2262,2025-06-04,210,7
665,2622,2025-03-23,171,6
666,957,2025-05-21,253,5
667,381,2025-02-17,221,4
668,2721,2025-12-02,288,7
669,798,2025-07-04,157,5
670,239,2025-05-09,221,9
671,2748,2025-02-12,455,6
672,1106,2025-07-10,528,9
673,1387,2025-12-07,300,4
674,2553,2025-11-29,366,7
675,2250,2025-03-26,844,6
676,2968,2025-01-27,508,5
677,1528,2025-07-22,1134,7
678,1668,2025-11-17,456,5
679,37,2025-06-06,150,5
680,2692,2025-12-25,322,5
681,1997,2025-04-30,304,4
682,1426,2025-08-08,605,7
683,2813,2025-12-02,574,7
684,2754,2025-02-16,378,5
685,2593,2025-12-27,400,8
686,1491,2025-02-18,233,6
687,1225,2025-01-01,602,8
688,2588,2025-04-20,308,2
689,2023,2025-09-02,154,7
690,2442,2025-02-09,253,7
691,833,2025-03-09,311,7
692,597,2025-10-31,415,5
693,2441,2025-04-26,979,8
694,700,2025-09-23,519,8
695,1647,2025-12-15,134,5
696,2019,2025-08-16,650,7
697,441,2025-01-05,431,4
698,1861,2025-01-05,392,4
699,1641,2025-12-23,491,10
700,1530,2025-06-25,420,7
701,2966,2025-03-03,117,5
702,2368,2025-08-05,657,2
703,2601,2025-12-22,110,11
704,1095,2025-03-09,535,2
705,568,2025-09-02,283,5
706,2967,2025-02-06,218,6
707,236,2025-04-28,842,7
708,1305,2025-07-16,447,3
709,1186,2025-02-15,531,3
710,1033,2025-02-22,327,3
711,2108,2025-02-22,595,10
712,2941,2025-06-10,262,7
713,1841,2025-07-08,556,6
714,225,2025-06-03,475,6
715,1843,2025-03-12,433,5
716,2748,2025-07-15,298,8
717,582,2025-03-10,457,8
718,169,2025-11-25,368,6
719,1466,2025-12-13,317,7
720,14,2025-03-15,552,11
721,2212,2025-02-05,258,3
722,1444,2025-09-29,142,4
723,2805,2025-10-16,181,8
724,1871,2025-01-05,622,11
725,1544,2025-11-09,399,7
726,1690,2025-11-29,471,2
727,1572,2025-03-26,341,6
728,1052,2025-08-14,374,8
729,1732,2025-06-29,616,2
730,446,2025-04-20,721,9
731,716,2025-11-18,520,8
732,819,2025-03-19,489,7
733,2152,2025-07-30,228,5
734,2790,2025-11-12,489,6
735,426,2025-12-18,299,4
736,1125,2025-08-15,581,4
737,1565,2025-04-22,411,3
738,2687,2025-02-14,100,4
739,850,2025-02-21,815,7
740,1546,2025-03-13,534,6
741,1130,2025-03-05,918,4
742,1703,2025-10-29,421,4
743,2002,2025-07-16,370,7
744,2817,2025-06-29,229,4
745,277,2025-08-08,253,5
746,1807,2025-06-11,540,5
747,2948,2025-03-13,473,6
748,2236,2025-05-07,322,8
749,1940,2025-05-22,381,12
750,2153,2025-11-27,333,11
751,546,2025-02-13,428,2
752,2428,2025-05-08,250,6
753,110,2025-10-11,491,3
754,545,2025-11-04,172,3
755,2402,2025-11-04,322,2
756,743,2025-11-08,279,6
757,2365,2025-05-26,572,4
758,1290,2025-12-20,494,4
759,1876,2025-01-14,367,6
760,1089,2025-12-04,394,5
761,333,2025-06-04,614,6
762,1537,2025-04-16,726,7
763,1157,2025-09-23,1011,5
764,592,2025-11-07,250,4
765,783,2025-09-18,329,8
766,540,2025-04-07,141,3
767,2783,2025-07-20,711,8
768,1559,2025-06-01,349,7
769,1520,2025-11-27,362,7
770,2669,2025-01-28,1112,3
771,619,2025-05-03,641,2
772,2957,2025-09-11,278,5
773,1834,2025-07-17,287,9
774,992,2025-02-27,460,6
775,2147,2025-05-04,150,9
776,2365,2025-09-13,576,7
777,2171,2025-11-23,332,3
778,2847,2025-11-01,148,3
779,1617,2025-02-06,840,7
780,1519,2025-09-28,873,3
781,2505,2025-01-07,116,7
782,522,2025-07-04,292,4
783,2568,2025-06-12,426,3
784,917,2025-03-09,485,8
785,717,2025-07-18,567,4
786,2363,2025-10-19,345,7
787,2757,2025-08-04,608,6
788,2758,2025-07-07,1014,8
789,1937,2025-10-07,292,5
790,560,2025-12-16,779,10
791,969,2025-03-30,442,5
792,2404,2025-08-30,132,8
793,1078,2025-02-07,190,4
794,890,2025-01-09,283,5
795,793,2025-10-28,442,1
796,2313,2025-02-04,209,8
797,982,2025-01-08,473,3
798,802,2025-05-15,370,8
799,43,2025-04-21,646,10
800,1610,2025-01-21,495,7
801,2910,2025-01-31,475,7
802,1778,2025-07-23,334,6
803,350,2025-09-17,437,4
804,1568,2025-05-27,397,8
805,1130,2025-11-18,361,6
806,2960,2025-12-31,233,5
807,2049,2025-09-14,648,7
808,1781,2025-08-01,426,3
809,584,2025-08-05,555,7
810,432,2025-12-26,426,5
811,1933,2025-07-25,328,4
812,2101,2025-02-12,241,5
813,2988,2025-11-24,381,6
814,2568,2025-10-02,438,5
815,1349,2025-10-03,108,9
816,2195,2025-11-12,625,7
817,2031,2025-03-20,16,7
818,1190,2025-05-23,364,5
819,1163,2025-02-12,543,3
820,2677,2025-06-08,714,7
821,299,2025-02-10,309,4
822,1940,2025-09-19,842,3
823,789,2025-04-15,266,8
824,850,2025-03-21,245,7
825,2226,2025-10-02,780,6
826,2890,2025-06-17,515,6
827,1378,2025-07-20,420,4
828,1178,2025-10-28,463,11
829,1950,2025-11-21,330,7
830,878,2025-11-29,750,6
831,1139,2025-12-15,182,3
832,1578,2025-11-26,290,4
833,2807,2025-02-03,111,8
834,2493,2025-06-08,123,8
835,2756,2025-12-24,332,2
836,2650,2025-08-12,884,5
837,1647,2025-05-03,527,5
838,1904,2025-01-30,435,8
839,1383,2025-05-06,842,5
840,145,2025-02-14,111,5
841,2323,2025-08-11,381,6
842,2557,2025-03-01,662,4
843,1203,2025-08-21,138,9
844,2801,2025-11-10,423,6
845,1862,2025-11-08,770,8
846,1855,2025-01-29,134,8
847,2525,2025-06-08,556,3
848,1867,2025-12-08,395,3
849,1099,2025-12-03,379,9
850,1152,2025-03-31,262,4
851,1735,2025-03-03,201,6
852,2714,2025-01-07,532,6
853,568,2025-12-29,410,3
854,1814,2025-03-12,539,5
855,531,2025-12-26,570,9
856,2207,2025-01-06,220,15
857,1562,2025-03-25,615,6
858,681,2025-09-12,331,8
859,2071,2025-06-27,372,5
860,1071,2025-09-25,533,4
861,2573,2025-09-22,441,9
862,729,2025-05-13,446,7
863,1730,2025-03-27,444,5
864,2192,2025-07-10,196,6
865,668,2025-03-06,290,5
866,1613,2025-05-18,842,3
867,681,2025-03-02,255,8
868,973,2025-01-16,766,10
869,2847,2025-06-21,955,8
870,2133,2025-08-08,83,7
871,2464,2025-05-20,141,6
872,2742,2025-09-26,502,1
873,2530,2025-02-02,596,4
874,2504,2025-05-15,427,5
875,827,2025-12-31,376,7
876,297,2025-10-23,524,6
877,1254,2025-11-18,84,7
878,2998,2025-02-09,278,10
879,2728,2025-09-12,175,5
880,2426,2025-08-22,323,3
881,2469,2025-09-19,812,8
882,2153,2025-07-04,755,9
883,1729,2025-01-29,365,8
884,2025,2025-09-13,680,6
885,330,2025-10-18,215,5
886,2487,2025-03-27,168,5
887,1156,2025-07-08,132,5
888,1891,2025-03-22,124,4
889,382,2025-05-11,676,3
890,2186,2025-02-22,551,9
891,2991,2025-10-21,262,3
892,843,2025-12-12,475,4
893,2318,2025-03-01,310,11
894,396,2025-04-27,263,4
895,2961,2025-09-18,529,4
896,2512,2025-01-02,1179,8
897,450,2025-01-23,191,4
898,1355,2025-01-07,717,8
899,1987,2025-05-06,382,7
900,1309,2025-01-24,366,5
901,1298,2025-08-30,1144,6
902,2068,2025-07-06,790,5
903,2287,2025-07-16,242,5
904,1294,2025-03-18,486,6
905,2466,2025-04-02,518,6
906,1850,2025-01-19,278,5
907,186,2025-10-11,517,9
908,1234,2026-01-01,311,6
909,1438,2025-12-02,401,10
910,253,2025-08-03,213,4
911,19,2025-04-25,545,3
912,2760,2025-06-14,331,7
913,1160,2025-05-08,823,6
914,223,2025-08-02,355,9
915,3,2025-06-13,822,5
916,1260,2025-05-19,319,9
917,854,2025-02-09,327,8
918,1489,2025-10-20,607,4
919,228,2025-07-10,257,7
920,2961,2025-03-03,410,9
921,1678,2025-09-15,261,8
922,499,2025-12-11,1011,2
923,2569,2025-01-27,786,6
924,2750,2025-04-02,417,6
925,1886,2025-04-25,330,3
926,2965,2025-09-22,214,9
927,2016,2025-01-24,302,6
928,1163,2025-07-25,464,3
929,1300,2025-02-05,203,4
930,2339,2025-08-27,566,7
931,1077,2025-05-25,711,9
932,715,2025-06-09,617,6
933,948,2025-06-17,270,8
934,2696,2025-02-14,640,3
935,2732,2025-10-11,442,6
936,870,2025-08-22,626,5
937,1071,2025-01-05,650,6
938,94,2025-07-08,669,6
939,2988,2025-04-13,325,4
940,560,2025-05-30,823,7
941,1776,2025-10-16,279,13
942,2261,2025-06-05,204,7
943,436,2025-11-15,373,5
944,852,2025-05-05,248,5
945,2556,2025-08-26,522,3
946,2884,2025-07-08,302,4
947,2699,2025-10-30,517,8
948,205,2025-09-10,335,9
949,2429,2025-04-11,517,5
950,1100,2025-10-07,570,6
951,77,2025-05-06,310,1
952,816,2025-03-19,567,5
953,768,2025-01-04,120,6
954,2458,2025-07-29,141,7
955,106,2025-01-13,338,6
956,2599,2025-04-30,421,6
957,2874,2025-10-05,366,6
958,2136,2025-06-27,538,8
959,1747,2025-11-22,425,7
960,2929,2025-12-22,434,5
961,1466,2025-01-05,277,4
962,2588,2025-06-21,614,12
963,245,2025-01-01,365,8
964,2626,2025-12-03,753,3
965,1406,2025-07-12,512,8
966,982,2025-06-07,329,6
967,2765,2025-02-23,902,7
968,1737,2025-04-16,276,5
969,142,2025-09-29,320,4
970,893,2025-05-02,400,4
971,1392,2025-08-03,361,11
972,2400,2025-09-09,989,8
973,545,2025-01-31,256,5
974,2961,2025-03-14,270,8
975,2200,2025-12-31,384,8
976,1470,2025-05-24,177,5
977,2701,2025-02-17,674,6
978,763,2025-01-23,731,8
979,624,2025-04-29,519,9
980,656,2025-09-24,380,5
981,2498,2025-07-31,341,2
982,2769,2025-12-25,359,6
983,1248,2025-07-10,543,6
984,43,2025-08-23,480,11
985,2312,2025-02-13,158,6
986,1027,2025-10-25,493,5
987,1661,2025-02-18,234,9
988,1292,2025-09-16,300,4
989,596,2025-03-10,118,4
990,1013,2025-11-23,299,8
991,2225,2025-07-21,874,12
992,2111,2025-02-08,430,5
993,958,2025-10-31,107,4
994,561,2025-10-18,224,9
995,1331,2025-02-01,551,3
996,1313,2025-08-11,476,9
997,1822,2025-12-06,290,8
998,1551,2025-03-08,260,5
999,850,2025-05-02,250,5
1000,1279,2025-05-30,325,4
1001,2652,2025-05-14,452,9
1002,1534,2025-06-11,452,4
1003,1815,2025-07-21,235,6
1004,1742,2025-12-25,770,6
1005,606,2025-06-17,460,4
1006,2878,2025-06-12,220,8
1007,1487,2025-08-20,91,5
1008,1295,2025-05-20,756,6
1009,746,2025-04-30,595,5
1010,558,2025-02-08,209,5
1011,2112,2025-04-14,355,6
1012,942,2025-03-11,705,4
1013,2297,2025-10-27,638,4
1014,1270,2025-02-25,544,5
1015,940,2025-03-21,439,7
1016,1611,2025-02-24,240,6
1017,2205,2025-03-26,344,5
1018,2783,2025-08-19,392,2
1019,1726,2025-08-27,519,6
1020,985,2025-06-10,602,3
1021,1588,2025-07-28,263,6
1022,1337,2025-03-03,421,6
1023,1875,2025-10-02,701,4
1024,662,2025-07-03,638,6
1025,33,2025-04-17,794,6
1026,1817,2025-08-20,431,9
1027,2606,2025-06-07,301,5
1028,2121,2025-08-26,548,7
1029,1890,2025-05-16,279,6
1030,2873,2025-03-03,252,9
1031,1157,2025-02-16,717,6
1032,61,2025-03-22,225,3
1033,1544,2025-12-18,423,4
1034,272,2025-06-05,121,9
1035,2294,2025-12-27,804,10
1036,1200,2025-12-23,236,2
1037,2676,2025-11-05,639,3
1038,1807,2025-01-21,274,4
1039,2753,2025-04-21,527,7
1040,2710,2025-06-17,207,8
1041,1155,2025-03-17,418,7
1042,1126,2025-02-16,343,9
1043,310,2025-12-31,212,6
1044,1316,2025-05-08,578,9
1045,1746,2025-07-02,636,5
1046,2543,2025-07-22,414,5
1047,338,2025-09-20,150,9
1048,2627,2025-01-26,149,7
1049,10,2025-12-13,174,12
1050,49,2025-06-03,484,3
1051,1511,2025-05-14,235,6
1052,2671,2025-03-31,865,4
1053,1345,2025-01-16,161,9
1054,731,2025-07-27,309,5
1055,795,2025-08-20,624,8
1056,1649,2025-10-12,727,10
1057,133,2025-10-09,420,7
1058,2131,2025-05-08,317,5
1059,2105,2025-02-18,534,3
1060,376,2025-08-25,298,8
1061,2397,2025-02-22,151,10
1062,271,2025-03-13,327,5
1063,1507,2025-03-04,271,8
1064,2159,2025-01-07,684,8
1065,2917,2025-02-01,187,5
1066,2935,2025-04-24,193,4
1067,76,2025-03-08,252,4
1068,1957,2025-04-12,338,7
1069,1667,2025-07-25,913,4
1070,329,2025-07-10,279,5
1071,2170,2025-12-18,511,6
1072,41,2025-11-19,390,6
1073,1191,2025-11-27,441,10
1074,2970,2025-02-13,486,3
1075,2690,2025-10-26,723,4
1076,2327,2025-10-28,264,6
1077,2811,2025-05-13,330,8
1078,2517,2025-02-08,569,3
1079,2057,2025-01-12,452,3
1080,13,2025-02-03,104,8
1081,924,2025-04-12,178,1
1082,2971,2025-11-27,485,7
1083,1843,2025-08-16,214,5
1084,1233,2025-03-07,266,5
1085,1215,2025-02-17,509,10
1086,653,2025-06-19,720,7
1087,1704,2025-03-04,811,8
1088,621,2025-01-22,350,10
1089,1963,2025-08-25,575,8
1090,1646,2025-01-26,610,7
1091,2244,2025-03-28,291,6
1092,417,2025-10-21,549,6
1093,664,2025-08-10,529,3
1094,1779,2025-07-22,506,4
1095,1380,2025-09-12,507,5
1096,148,2025-01-16,724,7
1097,2046,2025-07-15,139,5
1098,1389,2025-12-16,322,7
1099,2412,2025-08-07,706,7
1100,1726,2025-03-30,154,7
1101,402,2025-07-01,121,2
1102,2654,2025-04-20,184,5
1103,1516,2025-04-06,705,4
1104,2032,2025-05-21,442,6
1105,229,2025-05-24,734,12
1106,1599,2025-08-17,353,9
1107,2585,2025-03-18,598,5
1108,268,2025-01-18,395,7
1109,1429,2025-11-11,518,5
1110,1817,2025-11-14,223,8
1111,1035,2025-11-12,452,3
1112,1344,2025-05-06,474,3
1113,126,2025-11-28,496,5
1114,2354,2025-06-01,1120,11
1115,1726,2025-09-13,527,10
1116,1113,2025-07-30,958,6
1117,2676,2025-10-09,236,3
1118,1376,2025-09-03,387,4
1119,689,2025-02-01,100,7
1120,1281,2025-02-14,94,7
1121,1233,2025-05-24,195,9
1122,281,2025-07-16,279,4
1123,443,2025-03-12,844,10
1124,1864,2025-08-03,781,4
1125,837,2025-04-13,465,6
1126,389,2025-11-26,280,5
1127,617,2025-09-27,249,7
1128,147,2025-05-08,407,6
1129,521,2025-11-19,556,8
1130,630,2025-10-06,711,5
1131,2482,2025-01-10,578,6
1132,2192,2025-07-15,128,7
1133,289,2026-01-01,328,6
1134,1410,2025-07-03,157,9
1135,14,2025-09-03,541,4
1136,257,2025-10-06,700,4
1137,1722,2025-09-06,422,3
1138,1424,2025-06-26,426,6
1139,1231,2025-10-17,201,7
1140,858,2025-09-15,546,8
1141,2991,2025-06-14,764,5
1142,1196,2025-07-18,512,4
1143,464,2025-05-19,357,8
1144,270,2025-04-03,629,7
1145,1245,2025-01-14,395,12
1146,2671,2025-06-13,951,11
1147,1207,2025-11-02,282,8
1148,72,2025-04-23,226,11
1149,1307,2025-01-16,465,5
1150,2122,2025-05-24,399,7
1151,2403,2025-01-30,917,5
1152,1751,2025-08-30,253,9
1153,497,2025-09-29,277,9
1154,988,2025-07-03,93,7
1155,2628,2025-10-27,622,10
1156,910,2025-04-30,385,3
1157,373,2025-03-23,291,5
1158,362,2025-02-21,445,3
1159,2141,2025-05-07,654,6
1160,1345,2025-12-03,745,11
1161,324,2025-05-04,529,9
1162,2432,2025-05-17,236,3
1163,575,2025-10-01,230,5
1164,736,2025-01-29,550,5
1165,2785,2025-04-23,251,3
1166,2394,2025-10-22,477,7
1167,1216,2025-07-18,460,8
1168,1696,2025-07-01,161,5
1169,1908,2025-03-30,327,4
1170,719,2025-04-01,76,6
1171,781,2025-05-02,335,8
1172,1020,2025-10-31,785,2
1173,1404,2025-06-12,402,8
1174,1427,2025-12-24,253,9
1175,664,2025-07-03,800,4
1176,1773,2025-10-30,317,5
1177,2648,2025-01-15,422,8
1178,11,2025-12-27,542,7
1179,2235,2025-12-25,640,9
1180,2774,2025-06-30,802,2
1181,1039,2025-10-18,355,9
1182,2826,2025-10-16,324,10
1183,2459,2025-03-14,484,5
1184,585,2025-10-16,583,5
1185,1076,2025-04-07,481,3
1186,2625,2025-09-10,296,5
1187,1375,2025-10-05,828,5
1188,1452,2025-06-08,533,3
1189,1855,2025-03-31,979,8
1190,1790,2025-09-09,1106,8
1191,743,2025-01-20,179,5
1192,1777,2025-02-16,441,7
1193,204,2025-01-29,267,7
1194,1077,2025-04-30,484,4
1195,974,2025-11-05,273,6
1196,2988,2025-04-23,163,12
1197,1399,2025-01-11,649,8
1198,1866,2025-09-27,686,7
1199,1300,2025-09-02,444,1
1200,1055,2025-01-01,516,11
1201,1159,2025-06-19,946,7
1202,105,2025-11-11,118,7
1203,253,2025-04-14,214,4
1204,295,2025-03-08,525,8
1205,2716,2025-06-24,176,7
1206,1182,2025-04-01,166,2
1207,549,2025-06-15,287,6
1208,2679,2025-01-31,327,5
1209,1778,2025-01-12,217,4
1210,299,2025-03-17,484,6
1211,1749,2025-10-28,383,6
1212,1844,2025-12-27,300,6
1213,101,2025-03-14,1188,6
1214,2380,2025-02-26,201,1
1215,2884,2025-09-27,274,1
1216,1775,2025-07-06,355,10
1217,2441,2025-02-07,533,7
1218,874,2025-07-11,700,7
1219,2429,2025-12-27,138,2
1220,92,2025-12-06,675,8
1221,447,2025-07-22,168,6
1222,109,2025-10-28,356,7
1223,317,2025-02-21,518,7
1224,1836,2025-06-22,964,7
1225,1944,2025-06-04,388,3
1226,1459,2025-06-15,276,4
1227,442,2025-03-11,378,5
1228,2266,2025-03-22,397,6
1229,1246,2025-08-12,462,4
1230,2721,2025-11-24,1320,7
1231,1552,2025-09-07,443,7
1232,278,2025-11-29,109,5
1233,569,2025-06-12,575,7
1234,1010,2025-03-31,449,7
1235,2923,2025-12-29,413,10
1236,2514,2025-10-15,752,3
1237,839,2025-12-22,672,5
1238,2802,2025-11-11,194,3
1239,1608,2025-07-02,367,6
1240,2886,2025-04-25,159,5
1241,30,2025-12-07,140,7
1242,2407,2025-10-29,186,5
1243,1943,2025-03-31,476,5
1244,2134,2025-07-13,627,6
1245,1258,2025-06-07,639,4
1246,2795,2025-12-19,385,8
1247,2361,2025-05-31,210,8
1248,365,2025-03-07,265,7
1249,1801,2025-04-01,579,5
1250,1823,2025-01-01,122,7
1251,1863,2025-12-26,439,3
1252,905,2025-10-21,177,6
1253,698,2025-07-20,474,5
1254,2179,2025-10-18,583,12
1255,2851,2025-01-17,273,6
1256,2837,2025-04-04,143,4
1257,1856,2025-11-05,326,4
1258,351,2025-06-12,398,3
1259,180,2025-11-10,225,8
1260,1504,2025-04-24,417,5
1261,1187,2025-11-24,684,4
1262,1807,2025-10-17,928,7
1263,774,2025-02-23,284,3
1264,510,2025-09-12,768,8
1265,365,2025-03-14,557,5
1266,353,2025-06-19,686,6
1267,2848,2025-02-09,543,10
1268,1107,2025-05-02,991,5
1269,1249,2025-06-27,193,5
1270,412,2025-06-13,406,7
1271,735,2025-03-27,245,2
1272,118,2025-11-22,436,7
1273,482,2025-02-15,674,6
1274,192,2025-12-29,329,6
1275,2639,2025-12-10,785,7
1276,2638,2025-11-24,665,8
1277,2707,2025-06-21,390,6
1278,107,2025-08-17,153,7
1279,382,2025-01-06,384,7
1280,783,2025-05-16,1127,6
1281,2438,2025-04-18,560,7
1282,244,2025-05-08,545,5
1283,2633,2025-12-21,121,4
1284,2917,2025-02-04,727,6
1285,468,2025-06-29,1149,9
1286,866,2025-05-12,579,6
1287,2982,2025-02-25,343,3
1288,1562,2025-01-01,339,8
1289,1234,2025-01-25,743,7
1290,604,2025-07-17,422,6
1291,1661,2025-08-13,615,6
1292,1097,2025-08-03,758,4
1293,2016,2025-03-27,246,8
1294,1659,2025-07-31,368,8
1295,1734,2025-09-10,266,8
1296,1614,2025-07-13,441,4
1297,860,2025-06-29,141,6
1298,1880,2025-10-07,513,7
1299,1277,2025-07-12,479,6
1300,13,2025-02-21,338,6
1301,2347,2025-09-03,488,5
1302,1100,2025-10-23,414,6
1303,1075,2025-11-30,294,6
1304,787,2025-12-18,458,6
1305,149,2025-04-26,271,6
1306,1755,2025-03-25,432,7
1307,2170,2025-08-20,145,7
1308,1304,2025-02-07,410,4
1309,2586,2025-01-18,367,12
1310,1180,2025-05-31,659,3
1311,2424,2025-01-11,391,5
1312,82,2025-06-13,195,6
1313,492,2025-05-14,105,4
1314,2404,2025-02-23,655,5
1315,2026,2025-02-07,267,7
1316,925,2025-06-25,509,5
1317,1297,2025-03-29,317,9
1318,1604,2025-07-12,338,4
1319,1597,2025-03-24,273,6
1320,123,2025-02-08,178,9
1321,708,2025-10-08,259,6
1322,2378,2025-02-17,566,3
1323,991,2025-06-23,410,5
1324,2371,2025-11-01,462,5
1325,2818,2025-11-11,290,4
1326,2041,2025-09-05,322,6
1327,2481,2025-12-27,302,9
1328,710,2025-01-16,472,8
1329,794,2025-08-09,542,4
1330,712,2025-12-01,288,9
1331,2587,2025-03-26,431,7
1332,2649,2025-11-07,300,6
1333,1718,2025-08-11,242,4
1334,257,2025-03-22,979,7
1335,1213,2025-01-28,249,5
1336,871,2025-02-21,414,7
1337,2947,2025-06-19,405,6
1338,1732,2025-04-16,305,10
1339,809,2025-04-08,275,6
1340,2725,2025-07-29,212,5
1341,271,2025-12-23,932,5
1342,1544,2025-10-11,542,8
1343,550,2025-10-04,850,6
1344,1138,2025-05-16,514,6
1345,568,2025-12-05,817,3
1346,359,2025-05-25,485,8
1347,1674,2025-06-02,239,3
1348,1638,2025-05-02,411,8
1349,1358,2025-02-19,416,4
1350,1713,2025-01-26,387,7
1351,1363,2025-07-21,614,8
1352,798,2025-10-20,561,5
1353,1285,2025-10-09,441,7
1354,887,2025-09-09,1019,4
1355,1759,2025-03-20,491,7
1356,1223,2025-01-28,126,7
1357,2259,2025-07-04,245,8
1358,287,2025-01-02,308,8
1359,1716,2025-08-07,703,9
1360,1786,2025-02-14,496,5
1361,743,2025-05-31,552,4
1362,1506,2025-12-05,253,7
1363,2041,2025-11-17,393,4
1364,1047,2025-11-04,360,7
1365,296,2025-09-03,906,5
1366,2054,2025-04-13,281,6
1367,2598,2025-02-19,478,5
1368,681,2025-01-14,208,7
1369,1892,2025-04-16,250,7
1370,795,2025-03-29,634,11
1371,203,2025-11-23,321,6
1372,325,2025-05-30,158,4
1373,2873,2025-02-11,289,8
1374,2292,2025-08-31,510,4
1375,327,2025-03-01,389,5
1376,987,2025-06-07,229,5
1377,761,2025-07-23,358,4
1378,1037,2025-08-30,249,11
1379,907,2025-09-08,197,6
1380,1404,2025-12-05,306,8
1381,365,2025-05-16,274,8
1382,1245,2025-02-16,247,6
1383,2121,2025-11-25,316,5
1384,1649,2025-10-06,447,7
1385,1070,2025-07-18,275,5
1386,274,2025-04-05,562,4
1387,2256,2025-07-09,223,6
1388,1953,2025-07-15,150,6
1389,1885,2025-07-09,433,4
1390,124,2025-04-06,451,6
1391,1353,2025-08-17,796,5
1392,2591,2025-01-23,1288,9
1393,1692,2025-05-15,156,2
1394,2108,2025-08-14,255,5
1395,2947,2025-08-27,486,5
1396,2934,2025-05-15,137,5
1397,2830,2025-04-26,529,8
1398,442,2025-05-18,816,3
1399,1241,2025-10-16,279,2
1400,911,2025-02-01,276,6
1401,1026,2025-03-19,379,8
1402,1560,2025-12-23,409,5
1403,1742,2025-12-08,524,8
1404,2880,2025-02-19,165,12
1405,1735,2025-02-13,633,4
1406,626,2025-12-09,472,5
1407,1691,2025-06-26,490,4
1408,998,2025-10-05,332,6
1409,2782,2025-07-31,363,4
1410,91,2025-10-29,433,10
1411,2215,2025-04-27,240,7
1412,207,2025-10-11,59,7
1413,1089,2025-02-01,312,7
1414,1912,2025-07-18,147,10
1415,516,2025-09-25,223,7
1416,1181,2025-08-03,350,11
1417,1793,2025-10-02,516,9
1418,2795,2025-12-18,906,4
1419,2354,2025-09-01,613,8
1420,1902,2025-10-21,264,1
1421,2006,2025-05-01,151,3
1422,395,2025-09-01,326,4
1423,1098,2025-06-03,674,7
1424,187,2025-02-10,681,6
1425,1598,2025-07-22,764,7
1426,1592,2026-01-01,551,4
1427,2671,2025-01-18,173,7
1428,730,2025-09-15,330,5
1429,240,2025-10-20,258,6
1430,2581,2025-09-22,460,8
1431,141,2025-10-20,783,9
1432,139,2025-12-13,763,6
1433,2507,2025-11-14,163,5
1434,70,2025-03-17,468,9
1435,385,2025-03-03,536,8
1436,630,2025-08-18,352,3
1437,2246,2025-03-30,364,4
1438,205,2025-03-27,186,8
1439,1750,2025-04-19,473,5
1440,568,2025-04-09,332,7
1441,982,2025-03-06,269,9
1442,805,2025-01-22,483,5
1443,1711,2025-08-05,289,3
1444,2907,2025-02-10,496,9
1445,882,2025-12-16,394,10
1446,2036,2025-08-11,240,3
1447,974,2025-04-14,486,3
1448,640,2025-11-18,774,7
1449,1455,2025-03-17,608,4
1450,325,2025-11-01,382,9
1451,442,2025-05-13,359,5
1452,804,2025-06-13,384,5
1453,2336,2025-02-04,269,9
1454,226,2025-02-14,584,6
1455,1088,2025-07-18,348,3
1456,967,2025-10-12,454,7
1457,2986,2025-07-23,807,4
1458,560,2025-10-10,401,11
1459,714,2025-06-16,465,7
1460,498,2025-05-22,540,6
1461,2897,2025-09-24,529,7
1462,2974,2025-08-23,433,4
1463,2108,2025-01-07,439,11
1464,257,2025-12-25,249,3
1465,577,2025-11-16,570,3
1466,2287,2025-10-28,391,5
1467,38,2025-09-25,373,7
1468,2073,2025-08-03,236,5
1469,410,2025-02-27,252,3
1470,461,2025-08-01,491,8
1471,1441,2025-03-18,843,6
1472,2405,2025-03-17,152,10
1473,383,2025-10-18,317,6
1474,1833,2025-10-29,207,9
1475,569,2025-10-26,612,10
1476,1072,2025-02-21,205,8
1477,433,2025-02-24,248,4
1478,56,2025-10-16,336,6
1479,2625,2025-02-21,887,6
1480,2316,2025-05-27,391,5
1481,2117,2025-10-02,449,5
1482,1752,2025-06-26,488,5
1483,2048,2025-07-30,330,6
1484,902,2025-05-16,123,12
1485,1625,2025-07-16,573,5
1486,2841,2025-12-02,249,5
1487,257,2025-09-06,814,5
1488,672,2025-10-20,201,5
1489,490,2025-11-08,344,6
1490,2794,2025-08-31,367,3
1491,2097,2025-01-20,427,7
1492,1683,2025-03-30,451,13
1493,316,2025-05-22,137,7
1494,2461,2025-07-26,345,7
1495,434,2025-03-15,306,8
1496,1026,2025-11-13,216,7
1497,1976,2025-11-08,608,7
1498,1980,2025-12-15,618,5
1499,1390,2025-12-22,297,8
1500,420,2025-07-25,528,5
1501,1597,2025-01-20,791,7
1502,1585,2025-07-22,347,5
1503,844,2025-06-19,453,5
1504,1468,2025-12-20,239,8
1505,2964,2025-05-02,120,3
1506,434,2025-01-26,665,3
1507,2691,2025-09-01,112,11
1508,1579,2025-05-18,278,7
1509,2105,2025-07-10,352,5
1510,964,2025-01-11,180,5
1511,977,2025-06-22,469,4
1512,46,2025-06-05,533,3
1513,1194,2025-06-09,461,3
1514,417,2025-05-24,442,7
1515,848,2025-09-09,370,4
1516,2187,2025-12-23,330,4
1517,247,2025-12-17,664,1
1518,230,2025-02-20,623,8
1519,792,2025-04-27,225,5
1520,637,2025-03-10,290,6
1521,2422,2025-06-03,567,4
1522,738,2025-08-15,485,5
1523,1089,2025-06-14,377,6
1524,88,2025-05-18,194,4
1525,713,2025-08-02,411,4
1526,1750,2025-11-06,292,5
1527,1228,2025-11-27,133,6
1528,1937,2025-02-15,1082,6
1529,1406,2025-04-07,94,3
1530,601,2025-08-15,220,5
1531,1500,2025-04-19,671,7
1532,2587,2025-07-28,769,7
1533,214,2025-09-06,447,11
1534,2122,2025-09-22,430,4
1535,2109,2025-07-11,283,7
1536,698,2025-01-29,523,6
1537,1243,2025-09-21,588,6
1538,2060,2025-03-23,827,6
1539,2862,2025-02-03,176,2
1540,2080,2025-06-09,303,10
1541,1184,2025-12-30,214,7
1542,1001,2025-09-17,361,3
1543,237,2025-07-26,528,3
1544,1205,2025-03-11,431,11
1545,2606,2025-09-26,397,7
1546,1482,2025-10-19,191,5
1547,1104,2025-01-15,145,4
1548,647,2025-03-30,510,8
1549,2868,2025-04-09,278,8
1550,473,2025-04-13,343,10
1551,112,2025-01-30,287,8
1552,1846,2025-05-08,163,7
1553,1655,2025-01-17,452,6
1554,383,2025-08-22,492,6
1555,17,2025-01-26,661,6
1556,493,2025-07-04,288,5
1557,2974,2025-12-27,291,6
1558,1897,2025-04-12,221,7
1559,1510,2025-05-21,592,9
1560,117,2025-07-08,524,6
1561,1579,2025-08-26,144,3
1562,880,2025-09-16,473,4
1563,2163,2025-07-23,675,6
1564,1819,2025-11-22,339,6
1565,1573,2025-03-05,175,4
1566,2862,2025-12-15,790,6
1567,1649,2025-01-16,270,4
1568,644,2025-05-04,144,11
1569,1360,2025-07-10,220,7
1570,336,2025-09-08,331,4
1571,2970,2025-11-01,289,4
1572,147,2025-08-17,398,8
1573,122,2025-04-01,442,6
1574,81,2025-08-31,385,9
1575,2733,2025-10-28,314,6
1576,2710,2025-10-10,228,9
1577,2423,2025-06-29,251,7
1578,2111,2025-06-26,471,7
1579,504,2025-03-25,409,9
1580,668,2025-05-13,687,9
1581,2497,2025-12-19,351,7
1582,2916,2025-02-16,310,6
1583,1445,2025-05-26,219,4
1584,1346,2025-01-15,545,6
1585,2728,2025-07-17,538,5
1586,1190,2025-01-26,837,6
1587,1621,2025-03-25,497,4
1588,1981,2025-10-20,509,5
1589,1673,2025-04-20,679,7
1590,2509,2025-04-24,358,13
1591,459,2025-11-28,583,6
1592,1213,2025-04-26,953,9
1593,464,2025-12-13,624,10
1594,912,2025-04-16,260,6
1595,2427,2025-05-18,246,7
1596,1026,2025-11-30,326,7
1597,2412,2025-07-29,397,1
1598,72,2025-09-20,306,6
1599,1451,2025-01-11,475,5
1600,2686,2025-12-16,222,3
1601,1194,2025-01-05,365,7
1602,1849,2025-08-31,206,6
1603,2385,2025-03-09,640,5
1604,2023,2025-11-28,184,7
1605,2243,2025-03-30,202,4
1606,1012,2025-11-04,658,11
1607,653,2025-01-05,509,7
1608,1299,2025-04-25,338,6
1609,7,2025-05-10,426,7
1610,905,2025-11-08,356,5
1611,2029,2025-06-06,517,6
1612,2614,2025-12-31,131,4
1613,616,2025-12-30,513,6
1614,1874,2025-11-26,286,5
1615,2621,2025-05-21,970,4
1616,2647,2025-08-05,211,7
1617,770,2025-07-12,576,5
1618,2290,2025-06-28,377,4
1619,1567,2025-08-24,155,6
1620,1486,2025-05-10,735,5
1621,1441,2025-04-22,600,2
1622,766,2025-08-27,651,4
1623,384,2025-06-04,1136,6
1624,2439,2025-12-13,323,7
1625,2944,2025-09-24,528,4
1626,688,2025-11-16,487,6
1627,1150,2025-07-23,106,4
1628,47,2025-10-27,90,8
1629,1973,2025-02-22,383,6
1630,2667,2025-01-04,655,5
1631,464,2025-09-19,743,10
1632,1873,2025-12-06,715,3
1633,123,2025-07-11,98,3
1634,2182,2025-10-15,815,7
1635,1643,2025-11-28,466,13
1636,841,2025-11-01,151,3
1637,1586,2025-11-08,281,7
1638,2897,2025-05-25,1116,4
1639,2655,2025-06-02,169,7
1640,1804,2025-12-17,346,10
1641,23,2025-02-25,589,5
1642,566,2025-09-04,564,6
1643,1910,2025-02-02,647,6
1644,2814,2025-06-22,421,3
1645,965,2025-05-22,905,5
1646,2283,2025-11-24,209,8
1647,996,2025-06-16,229,6
1648,1188,2025-05-22,256,6
1649,1795,2025-05-14,805,7
1650,826,2025-12-02,553,6
1651,216,2025-12-31,224,4
1652,657,2025-11-30,347,6
1653,2983,2025-06-02,517,7
1654,1114,2025-04-07,366,6
1655,1988,2025-03-18,76,6
1656,311,2025-09-22,808,10
1657,557,2025-05-04,274,7
1658,2305,2025-01-30,696,5
1659,2581,2025-11-04,506,6
1660,1557,2025-07-26,394,8
1661,52,2025-12-05,142,7
1662,1362,2025-06-13,490,7
1663,1195,2025-12-15,922,5
1664,1649,2025-03-13,329,7
1665,2348,2025-01-14,419,6
1666,672,2025-12-02,208,8
1667,778,2025-09-12,184,8
1668,832,2025-06-01,380,3
1669,2280,2025-05-13,352,10
1670,1861,2025-08-03,419,8
1671,1530,2025-07-27,184,7
1672,2076,2025-07-18,472,5
1673,1973,2025-01-19,235,6
1674,1075,2025-10-26,445,4
1675,1717,2025-12-29,400,4
1676,1284,2025-10-20,149,9
1677,591,2025-04-08,734,5
1678,2833,2025-06-25,678,6
1679,2668,2026-01-01,760,7
1680,1987,2025-04-24,314,5
1681,2634,2025-12-18,223,5
1682,1002,2025-10-01,600,5
1683,2232,2025-11-23,581,5
1684,1047,2025-09-01,996,7
1685,2177,2025-12-10,210,5
1686,2339,2025-07-03,703,6
1687,1856,2025-09-17,315,6
1688,501,2025-06-03,323,8
1689,2234,2025-03-29,718,3
1690,479,2025-12-03,662,3
1691,1595,2025-10-13,369,7
1692,2540,2025-04-03,323,5
1693,513,2025-05-31,343,6
1694,2515,2025-02-19,652,3
1695,2333,2025-08-30,589,4
1696,601,2025-03-07,475,6
1697,1441,2025-05-13,258,8
1698,1124,2025-10-14,341,7
1699,189,2025-04-04,467,9
1700,989,2025-12-15,219,3
1701,2938,2025-06-21,794,5
1702,1882,2025-12-02,132,7
1703,388,2025-02-15,763,8
1704,2289,2025-04-24,388,5
1705,1806,2025-07-01,821,8
1706,2034,2025-04-25,267,7
1707,1755,2025-06-07,742,11
1708,2465,2025-08-04,736,10
1709,2224,2025-06-19,607,5
1710,387,2025-07-10,470,5
1711,1495,2025-05-14,388,3
1712,853,2025-10-27,455,7
1713,2711,2025-05-31,631,4
1714,452,2025-08-26,844,9
1715,2325,2025-03-02,643,6
1716,1759,2025-08-29,960,4
1717,213,2025-01-28,552,7
1718,41,2025-11-21,259,3
1719,1146,2025-10-26,255,8
1720,2342,2025-10-25,216,4
1721,600,2025-11-14,178,5
1722,2025,2025-02-06,274,5
1723,2589,2025-08-30,463,13
1724,2031,2025-04-10,679,6
1725,1783,2025-09-14,654,7
1726,1852,2025-03-03,841,3
1727,2499,2025-12-15,804,9
1728,1780,2025-07-15,108,11
1729,2838,2025-09-29,424,2
1730,2382,2025-06-02,627,3
1731,1905,2025-07-31,248,5
1732,2939,2025-01-28,268,9
1733,2092,2025-03-19,310,6
1734,144,2025-03-12,41,6
1735,333,2025-04-13,179,4
1736,998,2025-06-25,197,7
1737,1420,2025-07-29,327,6
1738,55,2025-10-19,560,9
1739,1331,2025-08-23,879,5
1740,2918,2025-03-15,502,4
1741,1447,2025-06-11,324,5
1742,1441,2025-04-03,519,4
1743,2845,2025-02-11,423,3
1744,2373,2025-09-07,165,2
1745,1734,2025-06-20,429,5
1746,1695,2025-11-20,360,9
1747,80,2025-04-01,513,6
1748,985,2025-06-10,727,4
1749,2606,2025-11-21,956,4
1750,865,2025-01-30,367,7
1751,2765,2025-01-03,216,6
1752,1588,2025-08-20,228,2
1753,472,2025-05-21,198,6
1754,2122,2025-04-18,43,3
1755,1577,2025-03-28,229,5
1756,1503,2025-10-23,1218,9
1757,589,2025-03-23,211,2
1758,1411,2025-09-08,151,8
1759,1906,2025-02-15,361,7
1760,564,2025-03-08,673,2
1761,467,2025-11-11,524,6
1762,599,2025-08-11,340,11
1763,1645,2025-11-21,340,8
1764,992,2025-08-08,559,7
1765,1933,2025-07-26,220,7
1766,2785,2025-08-08,278,5
1767,2296,2025-09-02,345,7
1768,1605,2025-07-16,661,6
1769,67,2025-01-03,174,5
1770,2621,2025-01-20,321,9
1771,2751,2025-10-01,152,8
1772,470,2025-04-13,486,4
1773,2541,2025-07-11,218,11
1774,1725,2025-01-08,358,5
1775,2711,2025-06-14,696,5
1776,2334,2025-09-29,551,8
1777,1632,2025-04-08,441,6
1778,2360,2025-01-10,531,6
1779,2357,2025-12-13,595,6
1780,775,2025-01-03,131,3
1781,1137,2025-11-17,249,4
1782,2012,2025-05-08,318,5
1783,2504,2025-04-26,400,3
1784,1487,2025-12-22,238,3
1785,132,2025-06-26,169,5
1786,930,2025-06-09,253,2
1787,929,2025-03-08,556,2
1788,2169,2025-02-22,84,6
1789,1221,2025-07-16,257,4
1790,1506,2025-09-15,245,4
1791,634,2025-10-29,230,6
1792,2945,2025-06-06,558,5
1793,2820,2025-03-27,247,4
1794,1063,2025-02-03,222,1
1795,2614,2025-01-24,524,8
1796,2560,2025-06-02,540,7
1797,1185,2025-05-29,466,6
1798,289,2025-08-22,234,6
1799,2248,2025-09-24,679,5
1800,1812,2025-11-02,468,8
1801,528,2025-09-26,144,9
1802,917,2025-06-22,793,4
1803,1709,2025-08-11,668,5
1804,1407,2025-12-18,78,7
1805,1242,2025-03-10,208,5
1806,1111,2025-06-25,367,6
1807,799,2025-09-08,435,7
1808,1524,2025-07-03,332,3
1809,12,2025-04-07,678,12
1810,833,2025-03-26,207,6
1811,2889,2025-07-26,429,6
1812,2691,2025-01-10,1318,6
1813,1242,2025-04-27,595,4
1814,1673,2025-04-25,259,5
1815,2154,2025-03-09,573,9
1816,691,2025-04-19,393,7
1817,528,2025-01-12,442,7
1818,1496,2025-10-29,451,8
1819,2894,2025-09-16,353,6
1820,893,2025-03-28,326,9
1821,387,2025-03-05,184,6
1822,1250,2025-07-07,275,3
1823,2529,2025-12-31,240,2
1824,1778,2025-11-30,538,7
1825,408,2025-01-20,575,9
1826,1677,2025-07-12,255,7
1827,898,2025-11-24,201,5
1828,711,2025-05-11,572,7
1829,2687,2025-10-01,127,5
1830,1683,2025-11-16,156,3
1831,2863,2025-01-25,437,3
1832,918,2025-11-01,241,3
1833,2251,2025-01-25,231,8
1834,417,2025-12-05,1028,5
1835,416,2025-02-25,423,7
1836,1472,2025-12-01,373,6
1837,1536,2025-01-11,204,5
1838,85,2025-01-25,151,3
1839,167,2025-12-20,327,7
1840,2432,2025-03-01,459,6
1841,2516,2025-08-02,490,4
1842,1096,2025-08-16,266,6
1843,810,2025-07-14,166,2
1844,1545,2025-03-05,912,5
1845,1817,2025-10-08,440,7
1846,2521,2025-05-10,992,2
1847,993,2025-08-31,1301,6
1848,1282,2025-12-26,556,5
1849,275,2025-03-20,864,8
1850,1774,2025-04-16,416,9
1851,2538,2025-12-22,229,4
1852,1757,2025-12-18,548,5
1853,2374,2025-11-19,367,9
1854,2577,2025-01-05,724,2
1855,892,2025-06-04,258,6
1856,89,2025-08-04,408,10
1857,2534,2025-12-05,386,6
1858,708,2025-02-21,582,4
1859,2398,2025-12-06,327,4
1860,387,2025-09-24,505,5
1861,2135,2025-05-19,356,4
1862,2355,2025-11-15,372,5
1863,1874,2025-11-07,509,10
1864,1178,2025-12-25,215,8
1865,440,2025-03-12,299,6
1866,2788,2025-08-03,326,6
1867,2312,2025-02-23,446,3
1868,977,2025-09-19,202,8
1869,735,2025-11-13,172,4
1870,2469,2025-03-02,178,6
1871,2541,2025-05-25,1041,3
1872,633,2025-02-28,692,3
1873,993,2025-02-24,693,5
1874,2459,2025-09-12,718,5
1875,173,2025-04-12,255,9
1876,4,2025-11-08,832,10
1877,2902,2025-04-13,159,11
1878,1664,2025-05-15,359,9
1879,2016,2025-09-25,250,11
1880,1496,2025-04-14,937,3
1881,1061,2025-07-03,515,8
1882,2631,2025-12-27,487,7
1883,1055,2025-07-29,247,7
1884,381,2025-06-01,281,7
1885,1292,2025-03-24,252,6
1886,2392,2025-01-21,413,5
1887,1593,2025-10-08,317,5
1888,166,2025-09-12,404,5
1889,2748,2025-04-17,620,4
1890,2390,2025-12-19,612,7
1891,1043,2025-09-04,554,5
1892,1652,2025-06-19,620,9
1893,1208,2025-05-01,677,5
1894,545,2025-01-02,910,6
1895,2240,2025-01-07,888,7
1896,2368,2025-12-10,566,5
1897,2628,2025-02-15,898,6
1898,2523,2025-02-26,311,2
1899,2685,2025-10-21,1488,3
1900,2475,2025-12-09,1113,5
1901,97,2025-09-10,257,4
1902,2544,2025-03-18,258,3
1903,2709,2025-02-16,134,6
1904,1302,2025-09-19,100,8
1905,2057,2025-02-08,151,6
1906,457,2025-02-21,786,3
1907,1819,2025-05-12,687,9
1908,273,2025-11-26,533,5
1909,2988,2025-04-29,115,4
1910,1032,2025-08-22,179,4
1911,208,2025-06-01,1165,9
1912,1938,2025-05-16,364,6
1913,1661,2025-08-26,443,4
1914,1147,2025-01-26,635,11
1915,1057,2025-02-21,428,5
1916,1537,2025-03-31,154,4
1917,204,2025-01-21,336,7
1918,2566,2025-05-29,468,3
1919,1833,2025-07-04,654,8
1920,2565,2025-12-13,197,3
1921,443,2025-06-10,206,8
1922,689,2025-08-07,1008,6
1923,2898,2025-03-01,238,10
1924,833,2025-02-18,239,4
1925,2387,2025-01-24,608,5
1926,1462,2025-01-05,121,6
1927,1160,2025-03-12,526,5
1928,387,2025-12-06,943,8
1929,2042,2025-11-28,454,8
1930,2554,2025-03-29,137,4
1931,1349,2025-06-18,193,6
1932,1719,2025-07-03,735,8
1933,680,2025-08-13,244,9
1934,690,2025-11-15,211,4
1935,2933,2025-05-18,518,4
1936,1569,2025-02-17,239,9
1937,2671,2025-07-10,366,3
1938,1170,2025-06-25,371,6
1939,893,2025-04-04,422,6
1940,953,2025-02-28,637,4
1941,1255,2025-07-25,346,8
1942,784,2025-07-24,144,5
1943,2047,2025-08-22,432,5
1944,1872,2025-05-20,852,5
1945,495,2025-07-17,312,6
1946,747,2025-12-20,474,8
1947,2485,2025-09-02,278,3
1948,1855,2025-08-04,312,6
1949,2393,2025-11-29,165,8
1950,2598,2025-03-27,476,6
1951,2868,2025-02-27,282,1
1952,2589,2025-03-09,431,5
1953,2192,2025-12-23,320,1
1954,2636,2025-01-31,349,4
1955,657,2025-03-23,472,10
1956,1883,2025-02-23,474,4
1957,2393,2025-08-02,665,6
1958,2744,2025-10-30,713,6
1959,1797,2025-09-05,343,7
1960,268,2025-10-19,571,3
1961,2217,2025-12-14,244,7
1962,1763,2025-08-13,331,6
1963,2081,2025-04-03,417,6
1964,377,2025-11-09,206,5
1965,1586,2025-07-14,395,6
1966,1464,2025-07-03,432,3
1967,2441,2025-11-10,281,5
1968,489,2025-01-15,572,2
1969,722,2025-12-17,340,6
1970,946,2025-03-08,726,7
1971,2087,2025-09-05,826,4
1972,1636,2025-09-07,304,4
1973,1041,2025-02-27,323,4
1974,2274,2025-07-30,275,8
1975,2115,2025-08-14,192,11
1976,1678,2025-01-24,850,11
1977,2883,2025-02-02,261,12
1978,999,2025-05-14,416,5
1979,1778,2025-12-02,643,6
1980,2285,2025-06-10,648,6
1981,957,2025-01-07,482,3
1982,2967,2025-12-27,616,7
1983,1590,2025-12-14,478,7
1984,1162,2025-09-26,690,8
1985,2521,2025-10-23,663,9
1986,1869,2025-10-17,143,6
1987,553,2025-04-25,610,7
1988,1634,2025-12-09,211,6
1989,695,2025-06-23,461,4
1990,317,2025-09-23,168,4
1991,2646,2025-09-25,368,3
1992,768,2025-12-19,333,4
1993,2934,2025-12-25,357,5
1994,2609,2025-11-13,414,13
1995,1972,2025-02-18,185,8
1996,2306,2025-08-10,705,9
1997,1504,2025-12-05,75,4
1998,2805,2025-05-08,627,7
1999,123,2025-09-04,282,7
2000,2390,2025-06-27,423,7
2001,1869,2025-12-06,630,4
2002,1672,2025-12-13,478,6
2003,1083,2025-11-25,337,7
2004,1729,2025-07-17,386,5
2005,2308,2025-03-18,337,7
2006,1997,2025-10-13,673,6
2007,2143,2025-11-10,684,9
2008,1149,2025-01-28,247,8
2009,2089,2025-01-06,603,5
2010,1915,2025-11-26,844,6
2011,254,2025-03-22,511,4
2012,7,2025-09-16,284,6
2013,2776,2025-08-29,184,11
2014,2117,2025-09-11,443,5
2015,542,2025-03-26,159,7
2016,89,2025-02-08,385,6
2017,1939,2025-09-09,298,5
2018,213,2025-06-14,387,2
2019,2882,2025-05-04,608,9
2020,266,2025-06-19,469,6
2021,2960,2025-05-23,663,4
2022,2341,2025-01-26,1245,5
2023,1231,2025-09-17,498,4
2024,2381,2025-04-25,443,7
2025,1005,2025-10-09,708,8
2026,2095,2025-11-26,312,7
2027,622,2025-07-13,418,5
2028,427,2025-07-26,417,2
2029,210,2025-05-01,624,6
2030,888,2025-02-10,141,5
2031,1444,2025-08-24,324,5
2032,154,2025-08-16,852,10
2033,415,2025-10-21,359,5
2034,1181,2025-08-18,798,3
2035,1285,2025-02-15,652,3
2036,769,2025-09-13,707,6
2037,983,2025-08-17,696,5
2038,1512,2025-06-11,351,6
2039,579,2025-03-02,525,5
2040,2788,2025-09-12,156,7
2041,2211,2025-12-01,525,7
2042,1039,2025-01-10,1149,8
2043,2243,2025-02-22,612,12
2044,542,2025-07-26,255,4
2045,359,2025-07-31,302,8
2046,850,2025-01-19,658,7
2047,427,2025-10-13,305,3
2048,2545,2025-10-09,41,3
2049,2876,2025-01-01,172,9
2050,486,2025-02-16,457,4
2051,1832,2025-11-06,653,7
2052,1473,2025-11-13,241,6
2053,1437,2025-11-23,361,8
2054,330,2025-06-05,409,4
2055,1756,2025-09-18,459,6
2056,2937,2025-10-15,238,1
2057,1171,2025-04-16,179,5
2058,259,2025-12-02,655,4
2059,2340,2025-12-10,277,7
2060,143,2025-08-22,253,9
2061,2017,2025-06-24,454,4
2062,2795,2025-07-06,299,3
2063,627,2025-01-28,458,4
2064,1389,2025-04-25,244,5
2065,90,2025-08-21,252,4
2066,720,2025-06-19,422,4
2067,481,2025-10-14,215,5
2068,2132,2025-11-14,439,6
2069,1101,2025-11-04,209,6
2070,673,2025-08-31,511,9
2071,517,2025-12-03,180,7
2072,2533,2025-07-06,388,5
2073,1614,2025-08-20,106,6
2074,782,2025-02-28,288,9
2075,2152,2025-02-19,352,5
2076,2036,2025-12-04,195,3
2077,2387,2025-04-24,448,7
2078,687,2025-01-02,438,4
2079,1590,2025-06-24,340,6
2080,900,2025-07-01,405,5
2081,1502,2025-11-21,204,5
2082,2655,2025-05-30,424,8
2083,223,2025-10-08,692,3
2084,1077,2025-09-25,321,9
2085,1101,2025-07-11,429,7
2086,1742,2025-12-26,484,9
2087,503,2025-02-24,657,5
2088,1340,2025-01-24,577,8
2089,2870,2025-03-26,693,6
2090,624,2025-09-10,969,6
2091,1887,2025-03-13,436,10
2092,2213,2025-07-29,354,5
2093,1051,2025-02-24,217,2
2094,1094,2025-05-11,306,6
2095,1986,2025-11-09,375,6
2096,1389,2025-04-11,458,6
2097,1330,2025-04-07,511,8
2098,1148,2025-03-03,305,9
2099,19,2025-07-21,212,8
2100,1281,2025-04-21,157,10
2101,1046,2025-08-23,650,5
2102,989,2025-04-08,745,7
2103,2498,2025-06-23,574,8
2104,2600,2025-02-25,644,5
2105,1574,2025-08-01,210,8
2106,1072,2025-01-24,624,6
2107,2743,2025-11-21,312,6
2108,2635,2025-12-11,651,4
2109,2769,2025-10-29,336,6
2110,1207,2025-03-05,231,5
2111,1459,2025-08-19,164,2
2112,2155,2025-08-23,1249,9
2113,1212,2025-12-04,512,9
2114,776,2025-10-29,312,4
2115,1860,2025-09-16,883,5
2116,1867,2025-03-10,551,7
2117,1161,2025-09-13,728,6
2118,1882,2025-01-03,179,6
2119,2946,2025-09-29,711,7
2120,2384,2025-01-25,359,4
2121,2655,2025-10-11,132,10
2122,2886,2025-08-10,985,6
2123,1781,2025-10-27,465,6
2124,602,2025-09-05,607,4
2125,1595,2025-09-18,431,3
2126,2451,2025-04-01,412,3
2127,540,2025-12-21,469,8
2128,1096,2025-10-24,355,6
2129,1806,2025-03-30,237,10
2130,24,2025-03-07,533,4
2131,624,2025-02-23,784,8
2132,1836,2025-07-18,751,8
2133,1080,2025-12-03,210,7
2134,986,2025-11-04,764,6
2135,223,2025-11-07,292,10
2136,179,2025-06-14,256,6
2137,2848,2025-09-16,120,6
2138,2482,2025-07-16,390,4
2139,1961,2025-08-03,391,6
2140,1474,2025-11-08,469,5
2141,793,2025-12-21,253,6
2142,884,2025-05-08,383,3
2143,2540,2025-05-21,295,7
2144,1213,2025-07-23,468,5
2145,1602,2025-06-25,684,3
2146,810,2025-05-31,697,5
2147,961,2025-08-20,740,3
2148,420,2025-03-10,190,6
2149,2697,2025-03-12,335,5
2150,1188,2025-07-31,286,4
2151,1279,2025-11-05,141,5
2152,2524,2025-12-25,420,7
2153,1441,2025-09-20,513,6
2154,2218,2025-06-03,728,5
2155,1341,2025-12-26,392,5
2156,2222,2025-10-08,595,7
2157,2518,2025-06-10,140,5
2158,2393,2025-12-31,120,5
2159,2493,2025-10-11,287,6
2160,1042,2025-11-20,431,9
2161,1094,2025-04-22,327,6
2162,1362,2025-04-13,601,8
2163,2676,2025-04-18,925,9
2164,592,2025-11-16,535,5
2165,527,2026-01-01,325,4
2166,2504,2025-05-29,263,4
2167,1293,2025-12-18,173,6
2168,1655,2025-06-26,390,3
2169,811,2025-12-11,923,7
2170,188,2025-03-09,448,8
2171,1593,2025-12-30,384,8
2172,2759,2025-11-29,467,3
2173,529,2025-04-02,523,6
2174,434,2025-09-15,77,7
2175,2336,2025-10-05,1211,6
2176,1942,2025-12-22,68,4
2177,2547,2025-11-23,349,5
2178,1805,2025-06-15,470,5
2179,303,2025-12-30,354,4
2180,87,2025-03-01,419,8
2181,2878,2025-06-30,284,6
2182,438,2025-10-15,306,8
2183,2589,2025-09-03,381,6
2184,1046,2025-10-26,577,3
2185,833,2025-10-20,424,5
2186,797,2025-12-08,674,5
2187,560,2025-12-30,558,3
2188,762,2025-08-02,679,7
2189,1699,2025-12-12,335,5
2190,2515,2025-10-01,238,7
2191,1125,2025-05-27,228,5
2192,2723,2025-08-05,464,3
2193,685,2025-01-07,195,5
2194,1165,2025-09-25,759,2
2195,138,2025-02-24,202,10
2196,578,2025-01-13,728,3
2197,710,2025-07-15,322,6
2198,228,2025-03-16,441,7
2199,2329,2025-01-28,806,6
2200,2732,2025-12-10,269,5
2201,828,2025-01-29,382,4
2202,431,2025-04-13,454,8
2203,1064,2025-05-17,393,3
2204,1710,2025-03-24,163,1
2205,1687,2025-05-27,576,6
2206,1235,2025-12-16,421,5
2207,302,2025-05-09,230,4
2208,1110,2025-03-16,419,4
2209,1421,2025-02-01,516,8
2210,533,2025-12-20,426,7
2211,769,2025-06-01,782,6
2212,1939,2025-04-15,123,5
2213,1405,2025-10-05,257,5
2214,444,2025-01-17,544,7
2215,260,2025-07-03,319,7
2216,1539,2025-08-20,150,4
2217,1332,2025-02-22,867,4
2218,2787,2025-11-12,250,4
2219,2844,2025-12-12,308,2
2220,70,2025-10-15,400,7
2221,1478,2025-04-25,846,6
2222,1463,2025-11-28,419,7
2223,1849,2025-10-15,303,4
2224,481,2025-07-19,1406,5
2225,1168,2025-05-02,500,7
2226,2072,2025-09-19,448,9
2227,2794,2025-12-23,160,6
2228,2893,2025-05-28,514,2
2229,1199,2025-12-21,654,5
2230,2373,2025-12-07,174,6
2231,1893,2025-01-25,818,6
2232,1695,2025-07-15,1248,5
2233,1884,2025-07-18,870,6
2234,1372,2025-08-02,270,11
2235,798,2025-12-17,835,4
2236,18,2025-06-10,592,5
2237,44,2025-10-10,360,11
2238,155,2025-01-28,745,3
2239,867,2025-01-07,529,4
2240,2970,2025-05-09,426,4
2241,743,2025-04-14,321,7
2242,1852,2025-11-14,279,4
2243,1426,2025-08-15,467,6
2244,225,2025-04-26,347,12
2245,217,2025-11-21,529,7
2246,31,2025-12-27,748,2
2247,1893,2025-12-30,401,8
2248,1083,2025-11-28,306,4
2249,1916,2025-07-08,534,4
2250,898,2025-10-29,337,5
2251,2983,2025-10-07,552,6
2252,445,2025-11-05,199,6
2253,1259,2025-04-11,619,7
2254,1131,2025-04-10,588,8
2255,1215,2025-05-31,408,5
2256,2016,2025-08-18,476,9
2257,2578,2025-04-01,586,9
2258,1937,2025-12-16,846,9
2259,738,2025-02-08,238,2
2260,1703,2025-04-06,505,7
2261,874,2025-03-30,179,8
2262,566,2025-09-21,231,1
2263,2019,2025-03-03,761,9
2264,1886,2025-07-13,203,5
2265,2124,2025-01-21,540,7
2266,547,2025-08-08,307,5
2267,2315,2025-05-23,186,8
2268,317,2025-10-12,230,12
2269,1860,2025-05-16,262,9
2270,25,2025-03-08,679,11
2271,160,2025-03-24,263,5
2272,2644,2025-10-27,308,5
2273,1138,2025-05-11,340,6
2274,900,2025-01-03,337,8
2275,2550,2025-06-19,721,4
2276,1190,2025-08-27,140,7
2277,703,2025-12-30,668,6
2278,1,2025-03-21,401,6
2279,1923,2025-01-21,570,5
2280,2789,2025-03-20,244,4
2281,2368,2025-06-15,280,6
2282,1425,2025-11-02,396,8
2283,382,2025-01-27,257,4
2284,1742,2025-11-17,226,4
2285,1827,2025-11-12,147,6
2286,1274,2025-12-05,277,3
2287,1549,2025-06-04,369,6
2288,1579,2025-09-09,362,5
2289,898,2025-10-21,416,3
2290,717,2025-10-09,492,4
2291,2355,2025-07-03,138,7
2292,391,2025-02-07,501,9
2293,1700,2025-12-29,360,10
2294,2346,2025-06-12,591,6
2295,233,2025-09-27,204,6
2296,1927,2025-04-23,619,4
2297,2319,2025-04-05,887,7
2298,1320,2025-09-24,504,5
2299,2725,2025-02-04,156,5
2300,706,2025-09-16,265,6
2301,234,2025-03-23,255,3
2302,1392,2025-08-01,359,7
2303,2893,2025-10-06,590,4
2304,1256,2025-10-02,219,8
2305,1897,2025-07-26,767,3
2306,2539,2025-02-17,540,9
2307,2551,2025-06-28,480,8
2308,890,2025-04-24,204,5
2309,592,2025-04-20,929,3
2310,746,2025-12-06,935,3
2311,1720,2025-06-19,271,11
2312,428,2025-06-19,250,6
2313,2745,2025-07-04,327,6
2314,2694,2025-05-31,452,4
2315,732,2025-04-22,151,6
2316,800,2025-11-13,212,6
2317,2412,2025-09-29,480,5
2318,202,2025-09-01,630,8
2319,2930,2025-10-15,508,3
2320,2194,2025-11-29,601,8
2321,836,2025-01-05,628,7
2322,2687,2025-02-28,648,2
2323,135,2025-12-09,490,8
2324,2674,2025-06-27,301,5
2325,1288,2025-08-17,112,5
2326,2112,2025-05-04,715,2
2327,2539,2025-11-25,438,6
2328,41,2025-11-11,435,6
2329,913,2025-11-15,643,6
2330,1730,2025-05-05,176,8
2331,975,2025-01-21,452,4
2332,1134,2025-12-16,294,8
2333,2416,2025-06-14,420,2
2334,1460,2025-07-15,850,5
2335,2966,2025-02-28,326,7
2336,2041,2025-07-17,465,4
2337,244,2025-05-12,425,4
2338,2950,2025-10-04,605,4
2339,166,2025-05-25,525,4
2340,1050,2025-01-13,235,7
2341,1498,2025-09-22,792,4
2342,728,2025-07-11,425,6
2343,1116,2025-09-21,235,9
2344,483,2025-09-18,195,5
2345,2591,2025-08-17,561,6
2346,2979,2025-09-07,703,3
2347,2448,2025-01-23,627,4
2348,1231,2025-06-01,364,8
2349,2667,2025-11-30,377,9
2350,2927,2025-04-09,539,6
2351,2149,2025-06-14,232,6
2352,880,2025-09-21,704,5
2353,830,2025-02-12,574,6
2354,2025,2025-02-19,281,3
2355,759,2025-03-27,415,9
2356,163,2025-10-03,392,6
2357,1197,2025-10-01,308,2
2358,2550,2025-01-04,678,6
2359,2595,2025-11-17,125,7
2360,1308,2025-02-03,600,6
2361,2429,2025-04-18,669,7
2362,2918,2025-12-10,415,11
2363,2953,2025-11-19,82,5
2364,1996,2025-04-20,198,8
2365,1935,2025-12-17,281,5
2366,1557,2025-08-06,443,7
2367,2657,2025-02-23,647,2
2368,307,2025-04-16,220,6
2369,1363,2025-10-03,436,4
2370,2103,2025-12-26,148,8
2371,333,2025-08-11,737,8
2372,2175,2025-11-28,209,5
2373,2753,2025-02-06,395,6
2374,243,2025-12-18,432,8
2375,1885,2025-03-20,433,6
2376,2648,2025-01-13,207,2
2377,1433,2025-08-24,336,7
2378,2551,2025-06-19,215,9
2379,2652,2025-01-20,419,7
2380,303,2025-02-14,265,4
2381,235,2025-02-07,383,8
2382,2187,2025-01-28,472,8
2383,195,2025-04-02,367,3
2384,1551,2025-05-09,338,6
2385,1793,2025-10-13,272,8
2386,647,2025-02-06,373,6
2387,2049,2025-10-22,231,7
2388,561,2025-04-27,506,3
2389,1120,2025-05-13,434,9
2390,713,2025-07-28,400,7
2391,413,2025-07-18,878,6
2392,538,2025-08-19,775,8
2393,1879,2025-11-19,190,8
2394,2477,2025-07-27,506,6
2395,235,2025-08-10,364,8
2396,2397,2025-06-11,456,7
2397,1780,2025-01-09,301,9
2398,1894,2025-07-19,369,9
2399,1505,2025-12-11,295,10
2400,1863,2025-03-02,190,8
2401,2444,2025-10-01,800,1
2402,1375,2025-01-04,117,6
2403,416,2025-11-25,168,9
2404,1910,2025-11-13,205,2
2405,916,2025-02-02,693,5
2406,81,2025-10-27,388,5
2407,2084,2025-01-24,217,2
2408,1091,2025-12-25,343,6
2409,2689,2025-02-07,776,4
2410,2930,2025-07-03,386,6
2411,1691,2025-09-15,358,3
2412,757,2025-02-24,323,5
2413,2671,2025-05-29,196,12
2414,468,2025-12-18,451,9
2415,1166,2025-06-04,243,4
2416,2404,2025-11-07,275,6
2417,2757,2025-02-14,586,8
2418,1495,2025-05-25,635,6
2419,1645,2025-08-13,123,6
2420,1020,2025-07-15,553,5
2421,1615,2025-07-22,436,6
2422,902,2025-12-05,638,6
2423,673,2025-01-16,393,6
2424,439,2025-08-31,352,3
2425,2579,2025-03-22,443,4
2426,127,2025-10-01,187,5
2427,2253,2025-04-23,561,7
2428,2077,2025-03-11,330,6
2429,445,2025-07-20,277,8
2430,966,2025-10-07,235,1
2431,464,2025-06-01,502,4
2432,2199,2025-11-21,666,5
2433,2288,2025-03-15,514,4
2434,2314,2025-06-02,395,7
2435,913,2025-12-13,409,8
2436,497,2025-11-28,342,7
2437,1464,2025-07-11,660,6
2438,1772,2025-01-06,363,4
2439,2733,2025-10-11,629,3
2440,158,2025-10-12,288,7
2441,172,2025-03-14,868,8
2442,494,2025-03-05,375,7
2443,970,2025-01-22,505,7
2444,1335,2025-01-03,136,5
2445,1427,2025-10-21,592,3
2446,1693,2025-11-02,207,8
2447,1794,2025-07-21,780,6
2448,2724,2025-10-03,402,5
2449,659,2025-10-08,214,5
2450,2951,2025-02-13,366,5
2451,666,2025-06-06,501,4
2452,367,2025-04-18,601,4
2453,550,2025-06-26,558,2
2454,643,2025-04-19,578,5
2455,1894,2025-07-31,273,9
2456,255,2025-11-27,216,2
2457,208,2025-09-20,310,4
2458,2498,2025-03-14,178,8
2459,95,2025-03-24,150,3
2460,1884,2025-04-05,286,9
2461,2887,2025-04-24,810,8
2462,478,2025-11-12,733,9
2463,2731,2025-05-10,182,8
2464,762,2025-04-10,314,7
2465,190,2025-02-28,546,5
2466,2759,2025-04-03,382,4
2467,1508,2025-12-10,471,5
2468,1757,2025-10-18,107,1
2469,1560,2025-01-28,553,8
2470,756,2025-10-09,523,5
2471,1447,2025-08-25,110,7
2472,836,2025-11-27,231,5
2473,1664,2025-10-09,225,6
2474,1629,2025-02-07,181,3
2475,1836,2025-05-29,137,3
2476,133,2025-12-10,194,6
2477,55,2025-02-04,296,4
2478,510,2025-05-09,411,8
2479,670,2025-02-20,328,8
2480,2458,2025-04-12,708,6
2481,1690,2025-10-25,174,4
2482,1317,2025-09-07,111,2
2483,734,2025-06-19,327,8
2484,1694,2025-07-02,117,5
2485,259,2025-03-07,240,1
2486,1146,2025-12-10,418,2
2487,299,2025-12-02,459,6
2488,561,2025-05-01,248,9
2489,1913,2025-02-21,493,11
2490,1865,2025-05-26,165,5
2491,297,2025-11-14,439,6
2492,2410,2025-02-05,135,9
2493,2637,2025-04-10,1261,5
2494,1462,2025-06-12,625,7
2495,2175,2025-09-06,235,7
2496,197,2025-08-19,385,6
2497,2269,2025-06-18,203,7
2498,995,2025-11-12,502,10
2499,2139,2025-12-04,659,5
2500,2459,2025-06-06,682,6
2501,8,2025-12-22,660,5
2502,2592,2025-10-27,614,8
2503,2516,2025-03-20,442,10
2504,320,2025-10-17,383,6
2505,1418,2025-10-18,334,7
2506,2317,2025-07-06,249,4
2507,1699,2025-06-11,319,7
2508,2109,2025-08-08,301,6
2509,1462,2025-03-28,174,5
2510,1288,2025-01-03,333,7
2511,2845,2025-06-10,350,8
2512,1119,2025-05-07,198,6
2513,553,2025-04-24,566,6
2514,2974,2025-12-31,431,7
2515,661,2025-11-25,185,2
2516,716,2025-08-12,419,6
2517,2827,2025-05-22,286,3
2518,2242,2025-07-04,330,7
2519,2530,2025-03-10,377,6
2520,1459,2025-12-14,699,3
2521,855,2025-06-19,290,4
2522,2546,2025-09-03,452,6
2523,2260,2025-08-25,261,4
2524,665,2025-08-17,554,11
2525,2718,2025-07-03,459,9
2526,1898,2025-06-06,345,5
2527,1675,2025-09-07,649,9
2528,2269,2025-10-10,951,4
2529,273,2025-02-25,345,6
2530,1178,2025-03-31,457,5
2531,1273,2025-11-27,383,5
2532,279,2025-11-07,1308,7
2533,816,2025-02-11,348,11
2534,276,2025-05-24,277,5
2535,1005,2025-03-13,292,9
2536,2562,2025-10-03,653,9
2537,923,2025-04-11,585,7
2538,642,2025-05-15,563,6
2539,505,2025-11-17,591,6
2540,2638,2025-02-09,590,8
2541,772,2025-02-08,449,6
2542,1265,2025-01-10,451,7
2543,2788,2025-09-17,288,9
2544,2723,2025-11-20,337,8
2545,1260,2025-01-16,598,7
2546,1014,2025-10-25,244,7
2547,128,2025-10-24,398,5
2548,2551,2025-07-27,300,3
2549,1224,2025-10-30,226,5
2550,2950,2025-04-19,924,3
2551,2591,2025-01-19,483,8
2552,1526,2025-10-10,266,4
2553,1674,2025-05-14,1075,3
2554,492,2025-10-06,203,5
2555,1258,2025-10-04,956,5
2556,2762,2025-08-30,436,3
2557,2839,2025-12-01,269,7
2558,1667,2025-03-18,196,6
2559,416,2025-07-07,562,5
2560,2196,2025-07-20,754,6
2561,970,2025-04-25,177,5
2562,2077,2025-10-29,127,2
2563,1385,2025-05-29,456,5
2564,308,2025-03-10,341,10
2565,2210,2025-08-26,435,6
2566,2917,2025-09-14,299,5
2567,2900,2025-09-19,178,9
2568,61,2025-02-16,358,6
2569,2173,2025-07-23,792,7
2570,1480,2025-07-06,437,3
2571,2886,2025-09-15,202,6
2572,1931,2025-01-06,653,6
2573,2514,2025-12-06,215,5
2574,2291,2025-05-03,207,4
2575,1514,2025-11-11,799,5
2576,473,2025-12-17,255,6
2577,959,2025-03-26,596,8
2578,533,2025-09-21,794,6
2579,494,2025-03-13,327,9
2580,2947,2025-08-17,598,5
2581,82,2025-03-23,555,6
2582,2904,2025-04-02,178,2
2583,879,2025-10-17,398,6
2584,1546,2025-10-17,372,8
2585,2971,2025-12-04,366,4
2586,12,2025-03-16,347,7
2587,1287,2025-09-05,436,11
2588,449,2025-07-03,472,5
2589,762,2025-01-21,426,6
2590,26,2025-04-23,403,9
2591,1807,2025-09-07,281,8
2592,2556,2025-04-29,865,11
2593,1569,2025-02-02,191,4
2594,62,2025-05-16,39,6
2595,229,2025-07-09,462,9
2596,1839,2025-04-30,282,7
2597,607,2025-01-22,438,6
2598,1059,2025-12-09,195,2
2599,1729,2025-04-16,953,6
2600,1480,2025-09-23,946,4
2601,2939,2025-07-04,607,3
2602,1526,2025-07-18,413,5
2603,761,2025-08-29,290,11
2604,595,2025-08-21,330,5
2605,1593,2025-01-24,1075,4
2606,1056,2025-01-21,608,5
2607,1855,2025-11-29,92,5
2608,2049,2025-06-15,948,8
2609,1459,2025-02-22,135,4
2610,1862,2025-12-27,456,5
2611,1160,2025-09-24,384,5
2612,1220,2025-11-21,720,5
2613,133,2025-05-21,396,10
2614,86,2025-05-15,1130,7
2615,1500,2025-10-24,396,3
2616,1831,2025-10-06,225,9
2617,1204,2025-10-19,575,6
2618,2564,2025-03-31,182,6
2619,175,2025-07-12,213,9
2620,2811,2025-12-01,544,8
2621,1976,2025-07-13,936,7
2622,578,2025-07-07,777,9
2623,1799,2025-10-28,313,4
2624,2097,2025-12-01,383,5
2625,2576,2025-02-09,294,5
2626,145,2025-09-22,293,4
2627,762,2025-05-09,303,4
2628,1378,2025-07-12,695,4
2629,1826,2025-04-25,833,2
2630,929,2025-09-22,570,7
2631,794,2025-07-27,204,4
2632,1602,2025-06-30,415,2
2633,1661,2025-06-26,370,4
2634,319,2025-09-07,553,4
2635,1111,2025-09-04,515,10
2636,1577,2025-11-06,563,5
2637,698,2025-01-04,322,6
2638,847,2025-09-14,205,6
2639,1802,2025-03-13,472,8
2640,783,2025-08-14,208,8
2641,2090,2025-03-26,475,5
2642,1117,2025-04-28,795,7
2643,1751,2025-02-09,459,5
2644,2577,2025-09-21,564,3
2645,1650,2025-11-26,146,9
2646,292,2025-05-24,347,3
2647,969,2025-04-19,409,4
2648,1488,2025-03-18,572,4
2649,1843,2025-04-06,389,3
2650,97,2025-03-22,383,7
2651,1119,2025-07-05,230,7
2652,74,2025-11-05,485,4
2653,1360,2025-03-02,1207,8
2654,1092,2025-12-05,694,5
2655,758,2025-04-28,659,4
2656,1942,2025-08-01,695,7
2657,208,2025-06-19,429,8
2658,1245,2025-02-28,291,5
2659,1286,2025-09-04,424,4
2660,410,2025-12-12,189,5
2661,2379,2025-09-03,157,3
2662,2392,2025-09-03,303,8
2663,771,2025-04-18,420,7
2664,1844,2025-10-30,218,6
2665,74,2025-03-24,306,5
2666,1661,2025-11-28,648,8
2667,254,2025-07-30,833,6
2668,820,2025-01-12,170,7
2669,986,2025-05-05,327,3
2670,332,2025-01-23,824,5
2671,1422,2025-03-07,682,8
2672,2795,2025-10-21,648,4
2673,836,2025-10-31,379,5
2674,1692,2025-03-24,478,5
2675,455,2025-03-10,589,6
2676,1930,2025-11-19,988,3
2677,1139,2025-09-20,280,7
2678,313,2025-01-21,420,6
2679,1018,2025-10-21,377,5
2680,228,2025-03-17,352,5
2681,2882,2025-01-29,564,5
2682,858,2025-03-27,559,7
2683,1269,2025-05-13,423,6
2684,2866,2025-04-03,774,3
2685,1018,2025-09-22,586,5
2686,2576,2025-07-27,673,9
2687,950,2025-11-03,281,8
2688,427,2025-10-16,431,11
2689,2090,2025-11-23,660,5
2690,465,2025-01-10,222,5
2691,1646,2025-12-05,570,3
2692,278,2025-05-26,219,3
2693,2884,2025-02-13,598,6
2694,19,2025-04-21,317,6
2695,66,2025-08-18,502,6
2696,167,2025-11-07,300,9
2697,1609,2025-08-30,238,6
2698,403,2025-09-04,741,10
2699,409,2025-03-29,196,7
2700,2160,2025-04-23,252,6
2701,597,2025-07-30,804,8
2702,2699,2025-11-04,298,3
2703,1063,2025-03-15,200,4
2704,2153,2025-10-26,455,7
2705,324,2025-04-04,347,3
2706,1983,2025-11-16,275,5
2707,1438,2025-12-04,533,4
2708,429,2025-09-19,146,8
2709,2683,2025-05-16,400,7
2710,2778,2025-03-27,169,5
2711,2937,2025-12-18,727,6
2712,1085,2025-06-25,1112,8
2713,1636,2025-08-21,252,8
2714,1378,2025-11-02,457,2
2715,393,2025-10-30,132,6
2716,2252,2025-02-05,162,5
2717,2306,2025-04-28,298,7
2718,2534,2025-07-13,334,7
2719,1541,2025-07-17,278,7
2720,446,2025-03-09,371,8
2721,1204,2025-02-25,551,9
2722,1024,2025-01-09,404,4
2723,342,2025-04-14,508,7
2724,133,2025-09-25,195,3
2725,2491,2025-09-16,372,3
2726,1860,2025-12-17,896,2
2727,2301,2025-08-03,260,6
2728,265,2025-03-18,447,6
2729,93,2025-11-07,460,5
2730,1686,2025-02-19,238,5
2731,1435,2025-04-01,185,4
2732,2186,2025-09-01,385,4
2733,1232,2025-11-11,383,6
2734,1002,2025-11-04,328,6
2735,1661,2025-01-20,1218,3
2736,1597,2025-09-30,224,4
2737,2355,2025-09-15,363,6
2738,266,2025-03-02,776,3
2739,646,2025-02-17,168,9
2740,2366,2025-09-04,436,2
2741,1137,2025-12-04,299,3
2742,2949,2025-03-08,393,11
2743,1402,2025-11-05,539,8
2744,454,2025-10-04,134,3
2745,2239,2025-01-01,614,5
2746,1915,2025-12-14,459,5
2747,1464,2025-11-29,250,4
2748,1211,2025-08-09,276,7
2749,831,2025-09-25,146,5
2750,1391,2025-08-04,396,5
2751,1113,2025-07-09,389,6
2752,2235,2025-01-23,324,7
2753,2867,2025-12-24,289,7
2754,1970,2025-09-29,895,8
2755,2180,2025-08-08,534,6
2756,872,2025-04-28,262,3
2757,635,2025-09-04,339,10
2758,1400,2025-07-15,319,8
2759,691,2025-06-29,272,5
2760,2740,2025-10-29,452,5
2761,1866,2025-12-23,501,1
2762,1058,2025-10-22,343,10
2763,1956,2025-02-20,165,7
2764,582,2025-08-06,613,7
2765,2219,2025-03-10,148,5
2766,1390,2025-05-11,324,5
2767,784,2025-09-02,383,7
2768,181,2025-04-30,225,8
2769,19,2025-02-12,201,7
2770,1250,2025-05-26,323,5
2771,2929,2025-11-03,644,8
2772,1617,2025-10-06,502,4
2773,2223,2025-07-29,838,7
2774,1246,2025-05-12,443,3
2775,1639,2025-04-07,920,7
2776,54,2025-01-03,750,6
2777,2743,2025-12-30,413,5
2778,2911,2025-01-04,658,4
2779,1427,2025-10-23,972,5
2780,2397,2025-09-25,580,10
2781,443,2025-03-02,241,3
2782,2881,2025-09-24,285,4
2783,580,2025-01-04,668,6
2784,282,2025-07-12,199,4
2785,2408,2025-12-02,653,5
2786,2963,2025-04-16,551,7
2787,823,2025-12-19,306,12
2788,2940,2025-06-11,783,7
2789,1670,2025-07-29,118,4
2790,641,2025-07-05,727,5
2791,1032,2025-02-24,746,8
2792,2017,2025-03-21,378,2
2793,563,2025-08-07,270,6
2794,2539,2025-11-30,156,5
2795,341,2025-10-27,238,4
2796,472,2025-05-10,201,10
2797,1711,2025-05-14,450,5
2798,2297,2025-10-02,616,2
2799,235,2025-08-05,216,6
2800,1107,2025-10-17,574,9
2801,1117,2025-07-07,346,8
2802,1909,2025-11-10,317,4
2803,1418,2025-05-22,695,4
2804,824,2025-12-15,909,5
2805,1292,2025-07-23,117,10
2806,632,2025-04-15,558,4
2807,529,2025-07-31,169,8
2808,1981,2025-10-10,449,9
2809,2170,2025-10-13,267,9
2810,2940,2025-09-05,1007,4
2811,2058,2025-04-02,585,2
2812,1340,2025-07-09,243,3
2813,2886,2025-10-14,338,3
2814,1297,2025-10-12,391,4
2815,1330,2025-09-05,204,3
2816,1234,2025-05-10,429,9
2817,1982,2025-06-07,677,9
2818,1754,2025-10-23,136,4
2819,2801,2025-06-26,307,7
2820,2934,2025-12-28,783,5
2821,2512,2025-07-23,968,11
2822,2760,2025-03-12,514,7
2823,2776,2025-12-04,229,5
2824,2765,2025-03-02,576,8
2825,1949,2025-04-28,624,3
2826,2128,2025-08-17,442,3
2827,2528,2025-12-25,306,9
2828,902,2025-03-24,556,3
2829,891,2025-02-21,365,6
2830,1571,2025-04-20,580,10
2831,1825,2025-09-18,229,6
2832,2066,2025-07-25,241,6
2833,1189,2025-06-23,561,6
2834,1549,2025-10-09,229,5
2835,202,2025-11-11,378,6
2836,741,2025-12-23,353,6
2837,1370,2025-12-17,210,11
2838,1390,2025-12-28,269,9
2839,2001,2025-01-27,112,3
2840,1472,2025-03-24,430,7
2841,1537,2025-07-19,197,7
2842,319,2025-11-22,258,4
2843,2265,2025-01-03,510,10
2844,1058,2025-02-16,793,3
2845,1895,2025-03-16,333,6
2846,2314,2025-08-30,237,3
2847,724,2025-11-04,311,6
2848,2823,2025-08-11,191,4
2849,1701,2025-02-15,553,2
2850,413,2025-02-02,124,8
2851,1276,2025-05-15,484,7
2852,401,2025-04-24,472,9
2853,1840,2025-07-09,722,5
2854,724,2025-02-10,371,2
2855,2330,2025-11-08,184,6
2856,1136,2025-01-20,481,5
2857,2771,2025-07-16,574,6
2858,751,2025-07-25,685,4
2859,268,2025-11-11,326,5
2860,2346,2025-12-02,560,6
2861,1341,2025-09-24,468,9
2862,570,2025-05-27,323,6
2863,2557,2025-12-31,234,13
2864,1974,2025-11-02,291,6
2865,546,2025-01-30,332,7
2866,2823,2025-03-31,167,2
2867,365,2025-11-24,564,8
2868,547,2025-09-11,681,4
2869,271,2025-08-13,1089,9
2870,739,2025-01-06,233,6
2871,2585,2025-04-14,461,5
2872,1258,2025-12-03,622,7
2873,59,2025-09-23,813,5
2874,1275,2025-05-27,120,7
2875,1871,2025-04-10,255,6
2876,86,2025-01-18,574,6
2877,763,2025-11-03,393,6
2878,390,2025-09-19,150,5
2879,1204,2025-09-22,667,5
2880,719,2025-12-24,521,5
2881,2904,2025-04-29,252,6
2882,149,2025-11-11,441,7
2883,583,2025-03-28,312,7
2884,121,2025-12-12,212,12
2885,2813,2025-01-19,321,9
2886,2653,2025-07-04,146,7
2887,2304,2025-05-03,799,6
2888,766,2025-12-02,776,9
2889,2912,2025-01-01,226,4
2890,800,2025-03-22,690,8
2891,2107,2025-02-14,254,7
2892,1022,2025-05-22,677,6
2893,1470,2025-07-24,740,5
2894,2436,2025-06-30,658,8
2895,1110,2025-12-09,111,4
2896,2834,2025-07-22,308,5
2897,1251,2025-07-27,663,6
2898,2641,2025-10-28,632,2
2899,1650,2025-04-13,245,5
2900,1816,2025-09-23,432,6
2901,1346,2025-01-08,653,8
2902,2957,2025-12-27,649,5
2903,1342,2025-02-05,678,7
2904,2614,2025-02-16,557,4
2905,2447,2025-10-09,633,5
2906,1733,2025-05-26,615,6
2907,899,2025-10-14,584,8
2908,2341,2025-10-26,352,4
2909,485,2025-06-28,323,9
2910,803,2025-06-27,692,6
2911,1716,2025-05-22,219,7
2912,1916,2025-04-26,332,3
2913,1758,2025-11-07,351,4
2914,1810,2025-04-10,493,4
2915,2938,2025-08-21,476,8
2916,2292,2025-07-26,1063,10
2917,1444,2025-10-22,420,9
2918,1953,2025-01-03,339,3
2919,2864,2025-05-14,402,5
2920,2321,2025-03-31,287,6
2921,1671,2025-07-28,243,5
2922,1849,2025-09-17,348,7
2923,520,2025-02-24,794,7
2924,1152,2025-10-14,587,6
2925,1397,2025-02-07,425,6
2926,2616,2025-09-15,557,8
2927,2686,2025-05-31,337,4
2928,2207,2025-06-24,182,3
2929,652,2025-03-01,856,7
2930,2224,2025-09-20,358,7
2931,1951,2025-05-12,908,9
2932,2668,2025-10-03,243,8
2933,211,2025-10-22,129,6
2934,2495,2025-05-09,284,4
2935,586,2025-12-22,310,4
2936,167,2025-08-15,348,7
2937,2508,2025-07-13,384,8
2938,2964,2025-10-16,342,11
2939,1257,2025-09-05,635,7
2940,1206,2025-05-05,341,7
2941,1739,2025-06-23,529,6
2942,1053,2025-08-23,372,3
2943,714,2025-12-15,373,6
2944,2889,2025-08-24,453,8
2945,2916,2025-10-28,214,9
2946,688,2025-01-15,376,4
2947,330,2025-09-04,153,6
2948,1747,2025-03-01,477,7
2949,1208,2025-05-13,220,8
2950,2143,2025-02-04,460,7
2951,785,2025-07-15,366,6
2952,2697,2025-11-21,603,5
2953,2401,2025-04-23,582,5
2954,2978,2025-12-13,324,6
2955,941,2025-12-26,543,6
2956,1289,2025-04-28,157,12
2957,1680,2025-06-11,599,7
2958,2694,2025-07-31,157,5
2959,626,2025-06-30,488,4
2960,139,2025-09-22,430,6
2961,2764,2025-10-02,64,4
2962,762,2025-01-05,399,8
2963,1834,2025-12-25,711,6
2964,2303,2025-05-15,431,4
2965,1556,2025-05-08,369,8
2966,676,2025-05-28,722,4
2967,92,2025-02-17,425,3
2968,1093,2025-07-24,446,6
2969,37,2025-12-11,313,2
2970,1788,2025-06-25,361,6
2971,2188,2025-02-08,256,8
2972,2915,2025-10-11,329,5
2973,2728,2025-04-02,314,6
2974,1202,2025-09-01,227,7
2975,1837,2025-06-10,413,5
2976,1895,2025-07-01,1175,7
2977,137,2025-04-22,451,9
2978,2238,2025-10-21,556,6
2979,1664,2025-05-18,495,6
2980,2390,2025-04-04,306,4
2981,1583,2025-12-16,620,9
2982,972,2025-04-08,321,7
2983,662,2025-09-13,757,3
2984,2291,2025-04-13,425,4
2985,1811,2025-05-01,423,6
2986,415,2025-05-04,373,6
2987,2755,2025-05-16,461,9
2988,343,2025-04-16,698,4
2989,2730,2025-04-28,360,5
2990,2701,2025-04-14,545,6
2991,146,2025-05-08,277,6
2992,323,2025-11-13,508,5
2993,2170,2025-07-02,444,5
2994,1276,2025-03-21,276,6
2995,1879,2025-02-24,533,8
2996,2359,2025-03-03,424,12
2997,601,2025-02-10,396,5
2998,475,2025-12-13,183,6
2999,2618,2025-12-06,365,8
3000,1516,2025-09-10,776,3
3001,575,2025-11-11,593,5
3002,347,2025-01-04,421,4
3003,2868,2025-10-05,1039,5
3004,1511,2025-01-22,804,6
3005,382,2025-09-04,1070,11
3006,1304,2025-07-10,268,7
3007,72,2025-11-14,339,4
3008,2569,2025-06-11,155,4
3009,2981,2025-09-10,204,7
3010,1118,2025-10-22,238,6
3011,1397,2025-05-21,692,15
3012,2387,2025-09-09,698,5
3013,1360,2025-04-04,518,7
3014,664,2025-09-19,80,6
3015,1516,2025-05-24,285,6
3016,1892,2025-07-23,262,5
3017,40,2025-04-24,206,5
3018,1383,2025-10-23,710,5
3019,2031,2025-03-07,422,3
3020,2622,2025-01-28,225,7
3021,1278,2025-09-27,416,3
3022,966,2025-08-05,450,3
3023,2629,2025-09-02,494,6
3024,1901,2025-10-04,403,5
3025,2218,2025-01-17,374,3
3026,701,2025-09-15,200,5
3027,511,2025-06-27,368,6
3028,1284,2025-07-21,380,6
3029,584,2025-12-18,309,8
3030,984,2025-03-31,300,11
3031,459,2025-08-23,318,6
3032,2577,2025-03-03,422,6
3033,1906,2025-12-24,192,7
3034,2389,2025-09-23,253,8
3035,2105,2025-08-24,450,7
3036,2266,2025-06-11,484,6
3037,2667,2025-12-19,657,10
3038,816,2025-01-05,1153,5
3039,2779,2025-01-07,515,9
3040,2512,2025-12-12,220,7
3041,247,2025-04-18,659,7
3042,730,2025-07-14,282,6
3043,2421,2025-10-25,271,3
3044,417,2025-02-21,195,5
3045,1055,2025-06-16,532,4
3046,368,2025-07-05,386,10
3047,2607,2025-11-10,650,6
3048,108,2025-05-13,260,9
3049,2632,2025-04-06,188,8
3050,839,2025-10-08,670,8
3051,418,2025-05-15,713,5
3052,1644,2025-05-02,280,4
3053,821,2025-05-18,314,5
3054,1422,2025-08-30,490,4
3055,683,2025-11-10,236,5
3056,256,2025-06-25,160,5
3057,2828,2025-07-07,347,11
3058,838,2025-04-05,381,6
3059,2963,2025-09-13,532,10
3060,2283,2025-08-06,476,10
3061,553,2025-04-18,466,6
3062,181,2025-08-03,384,6
3063,157,2025-12-25,190,4
3064,1478,2025-07-10,332,6
3065,571,2025-07-06,507,5
3066,857,2025-07-25,415,6
3067,1785,2025-05-24,1330,3
3068,1728,2025-08-19,522,8
3069,1048,2025-04-03,239,2
3070,1497,2025-10-20,491,4
3071,1424,2025-03-09,681,5
3072,2996,2025-10-22,171,6
3073,592,2025-12-18,843,6
3074,2182,2025-04-28,658,7
3075,421,2025-02-21,813,8
3076,2261,2025-05-19,764,6
3077,2948,2025-05-01,415,7
3078,2530,2025-10-12,275,6
3079,348,2025-08-10,524,9
3080,166,2025-07-15,364,3
3081,937,2025-04-11,263,8
3082,348,2025-03-16,258,11
3083,2897,2025-03-18,772,3
3084,398,2025-08-31,335,3
3085,583,2025-01-05,310,7
3086,2774,2025-04-01,327,7
3087,1601,2025-08-04,564,5
3088,308,2025-09-13,876,3
3089,2846,2025-03-10,47,11
3090,2767,2025-11-19,256,5
3091,2514,2025-09-22,783,3
3092,99,2025-10-01,550,3
3093,1266,2025-06-11,252,3
3094,158,2025-09-07,523,6
3095,2658,2025-06-03,359,5
3096,554,2025-05-09,866,5
3097,651,2025-10-15,257,8
3098,2968,2025-10-18,548,7
3099,2275,2025-01-25,185,8
3100,2471,2025-07-23,380,5
3101,2291,2025-02-20,778,7
3102,2578,2025-12-20,804,5
3103,1069,2025-03-25,237,6
3104,1496,2025-01-31,158,5
3105,2419,2025-04-21,358,7
3106,1879,2025-05-11,540,5
3107,2700,2025-09-01,289,8
3108,2737,2025-11-19,287,6
3109,734,2025-02-19,581,10
3110,1951,2025-08-19,198,6
3111,92,2025-06-21,395,2
3112,2220,2025-05-14,509,5
3113,1628,2025-07-04,269,7
3114,1216,2025-07-04,268,9
3115,1101,2025-10-14,962,3
3116,1305,2025-10-13,672,8
3117,1388,2025-05-12,280,6
3118,179,2025-06-26,198,6
3119,2286,2025-01-11,300,7
3120,2925,2025-07-30,511,7
3121,2950,2025-03-04,384,10
3122,280,2025-06-29,244,9
3123,1043,2025-12-14,533,9
3124,1619,2025-11-07,208,7
3125,2788,2025-04-12,479,3
3126,371,2025-10-23,985,5
3127,1801,2025-10-22,436,5
3128,2918,2025-11-29,447,7
3129,1704,2025-11-29,253,11
3130,2269,2025-10-03,357,7
3131,2968,2025-03-31,306,8
3132,304,2025-05-26,445,5
3133,1349,2025-07-01,297,8
3134,1461,2025-06-16,311,5
3135,2486,2025-12-11,652,7
3136,1194,2025-09-19,409,10
3137,2423,2025-09-07,564,5
3138,2429,2025-08-17,1061,5
3139,2062,2025-02-10,463,3
3140,2791,2025-07-15,937,7
3141,669,2025-11-11,417,4
3142,500,2025-05-27,559,2
3143,1415,2025-08-26,662,5
3144,1573,2025-11-20,350,5
3145,2613,2025-03-16,516,10
3146,530,2025-03-27,341,4
3147,2007,2025-11-24,494,7
3148,2540,2025-06-22,283,7
3149,1220,2025-08-04,228,3
3150,755,2025-11-20,272,2
3151,2348,2025-11-10,361,8
3152,815,2025-10-20,420,6
3153,2595,2025-07-27,656,6
3154,727,2025-02-06,937,11
3155,731,2025-02-10,317,9
3156,828,2025-03-24,233,6
3157,2650,2025-06-25,748,5
3158,1332,2025-04-27,625,4
3159,2047,2025-06-10,352,5
3160,2816,2025-06-12,419,7
3161,875,2025-12-01,292,5
3162,2985,2025-05-30,753,4
3163,2179,2025-12-30,467,7
3164,2004,2025-05-17,322,6
3165,1678,2025-11-06,486,4
3166,608,2025-11-27,498,6
3167,2074,2025-07-22,807,2
3168,1478,2025-05-19,630,4
3169,635,2025-08-16,187,5
3170,1210,2025-07-05,685,8
3171,484,2025-10-28,290,4
3172,2728,2025-09-24,712,5
3173,1075,2025-08-19,158,8
3174,1915,2025-07-31,667,7
3175,2053,2025-03-27,484,5
3176,589,2025-04-05,554,3
3177,2256,2025-01-12,667,7
3178,2305,2025-03-06,385,8
3179,1229,2025-05-01,313,4
3180,1974,2025-12-05,418,5
3181,2059,2025-05-09,282,4
3182,949,2025-12-25,407,9
3183,2056,2025-02-10,273,4
3184,2984,2025-04-18,546,8
3185,2080,2025-03-27,386,8
3186,2008,2025-07-23,649,5
3187,2588,2025-02-22,283,5
3188,1742,2025-02-18,305,6
3189,387,2025-02-02,647,3
3190,1252,2025-08-31,246,9
3191,2688,2025-10-08,203,7
3192,1791,2025-01-28,306,7
3193,1499,2025-01-14,552,8
3194,207,2025-07-23,386,7
3195,1819,2025-09-26,700,8
3196,1781,2025-02-12,500,2
3197,2605,2025-02-23,729,9
3198,2396,2025-05-15,533,4
3199,793,2025-11-13,134,3
3200,2282,2025-03-21,444,11
3201,1725,2025-02-13,272,6
3202,1006,2025-12-02,447,3
3203,2785,2025-07-19,183,7
3204,942,2025-06-08,1056,6
3205,1166,2025-04-28,227,8
3206,2224,2025-05-07,576,3
3207,1678,2025-05-26,406,5
3208,449,2025-08-15,229,5
3209,592,2025-11-17,398,1
3210,82,2025-03-06,746,3
3211,2183,2025-03-09,341,1
3212,2904,2025-09-27,486,4
3213,1407,2025-03-29,704,5
3214,1481,2025-01-15,511,9
3215,2488,2025-01-18,522,4
3216,1080,2025-12-06,191,7
3217,2745,2025-07-02,484,7
3218,419,2025-06-16,429,4
3219,88,2025-09-01,791,4
3220,2704,2025-08-28,1137,11
3221,215,2025-10-04,468,5
3222,1759,2025-05-20,1020,6
3223,2600,2025-10-08,342,6
3224,1521,2025-08-16,737,5
3225,1718,2025-03-11,1112,6
3226,2551,2025-12-24,449,8
3227,2747,2025-10-04,534,5
3228,2293,2025-04-01,488,6
3229,1502,2025-10-30,270,3
3230,309,2025-11-02,541,9
3231,231,2025-08-22,735,7
3232,155,2025-11-20,501,10
3233,1199,2025-11-22,724,5
3234,2896,2025-10-16,440,6
3235,115,2025-08-11,460,6
3236,1414,2025-09-26,154,11
3237,311,2025-11-24,188,4
3238,993,2025-11-24,815,5
3239,2348,2025-10-01,557,8
3240,1042,2025-06-08,229,9
3241,2832,2025-06-27,250,6
3242,12,2025-09-04,230,8
3243,1428,2025-10-04,423,6
3244,2280,2025-04-27,582,7
3245,2014,2025-02-15,328,6
3246,730,2025-08-15,414,5
3247,1302,2025-06-07,422,11
3248,1377,2025-07-07,314,9
3249,2037,2025-07-31,519,4
3250,2351,2025-05-14,421,3
3251,541,2025-03-21,520,7
3252,2518,2025-06-05,584,5
3253,2861,2025-01-06,123,7
3254,77,2025-01-01,489,3
3255,24,2025-09-25,435,4
3256,1039,2025-03-11,531,7
3257,676,2025-06-26,749,9
3258,2573,2025-05-27,425,4
3259,2395,2025-08-29,141,7
3260,172,2025-10-01,288,8
3261,1893,2025-01-05,1058,4
3262,2760,2025-12-19,328,5
3263,489,2025-09-09,321,6
3264,1486,2025-09-02,271,10
3265,2426,2025-06-03,298,5
3266,2420,2025-01-05,392,6
3267,757,2025-08-09,90,12
3268,2525,2025-05-30,383,7
3269,2430,2025-11-02,279,6
3270,155,2025-04-29,310,10
3271,257,2025-01-04,478,6
3272,1780,2025-10-08,305,4
3273,674,2025-07-11,510,3
3274,2116,2025-04-07,300,5
3275,2392,2025-07-30,571,2
3276,673,2025-10-15,121,8
3277,2439,2025-08-12,369,3
3278,1473,2025-07-22,292,5
3279,259,2025-05-08,352,5
3280,307,2025-03-25,427,3
3281,1119,2025-11-27,372,7
3282,2998,2025-07-19,231,6
3283,246,2025-07-13,223,7
3284,2781,2025-04-23,214,6
3285,1659,2025-05-15,422,4
3286,187,2025-02-10,538,5
3287,1798,2025-08-05,246,10
3288,925,2025-11-17,776,6
3289,785,2025-05-03,257,4
3290,1596,2025-09-22,536,5
3291,2456,2025-11-10,222,9
3292,1361,2025-12-22,488,12
3293,341,2025-12-17,721,6
3294,563,2025-05-20,282,6
3295,651,2025-05-26,382,4
3296,3000,2025-11-29,501,4
3297,1194,2025-09-30,512,2
3298,69,2025-05-18,705,5
3299,1584,2025-07-31,173,5
3300,2429,2025-04-07,383,5
3301,2105,2025-02-05,232,7
3302,1301,2025-04-04,286,7
3303,2898,2025-03-11,262,3
3304,1123,2025-05-29,393,6
3305,916,2025-02-26,278,6
3306,2373,2025-11-23,332,7
3307,461,2025-08-22,358,8
3308,2227,2025-11-13,468,11
3309,844,2025-08-20,500,5
3310,574,2025-05-20,429,7
3311,119,2025-12-25,375,8
3312,2597,2025-11-15,661,4
3313,646,2025-09-09,254,4
3314,1479,2025-04-07,592,6
3315,2074,2025-06-14,157,6
3316,1514,2025-01-10,337,5
3317,2032,2025-03-19,503,7
3318,1032,2025-01-26,325,6
3319,969,2025-10-01,604,5
3320,2011,2025-01-12,449,8
3321,1540,2025-04-06,505,6
3322,2581,2025-02-22,591,5
3323,2197,2025-05-25,500,8
3324,1512,2025-05-18,877,7
3325,1049,2025-03-06,323,6
3326,655,2025-08-13,310,5
3327,1955,2025-01-05,610,8
3328,2993,2025-04-30,219,5
3329,555,2025-02-16,346,9
3330,425,2025-03-19,158,2
3331,293,2025-01-08,894,9
3332,1209,2025-09-10,414,2
3333,2602,2025-04-22,179,7
3334,431,2025-06-25,816,3
3335,2652,2025-08-04,1058,7
3336,317,2025-06-09,400,7
3337,398,2025-09-13,294,7
3338,1348,2025-07-10,442,4
3339,1589,2025-08-26,487,7
3340,596,2025-12-23,186,6
3341,2594,2025-01-17,274,2
3342,2124,2025-06-19,360,9
3343,2913,2025-02-11,323,5
3344,1944,2025-03-16,835,5
3345,916,2025-01-29,383,4
3346,2757,2025-05-17,139,6
3347,2534,2025-07-20,475,6
3348,2795,2025-02-06,402,4
3349,1256,2025-10-06,361,7
3350,2598,2025-08-29,152,2
3351,976,2025-04-03,354,4
3352,1076,2025-04-09,448,8
3353,2990,2025-05-09,864,4
3354,2967,2025-07-15,307,6
3355,1245,2025-01-07,596,6
3356,1452,2025-03-04,342,5
3357,1167,2026-01-01,441,7
3358,2029,2025-05-08,520,3
3359,363,2025-07-17,1104,4
3360,2430,2025-08-15,704,8
3361,2319,2025-05-07,244,1
3362,2346,2025-01-18,467,6
3363,234,2025-04-12,437,6
3364,2623,2025-08-24,501,5
3365,1732,2025-02-18,176,3
3366,27,2025-09-24,394,6
3367,1495,2025-12-07,271,7
3368,93,2025-04-17,249,5
3369,2665,2025-08-31,592,7
3370,309,2025-07-19,798,9
3371,52,2025-12-15,610,5
3372,319,2025-06-09,861,5
3373,1993,2025-06-15,347,7
3374,181,2025-03-23,1331,12
3375,1593,2025-11-19,93,7
3376,2923,2025-01-22,919,11
3377,647,2025-10-09,424,5
3378,1962,2025-09-24,428,4
3379,1284,2025-03-04,111,10
3380,2245,2025-05-10,372,13
3381,2693,2025-09-04,273,6
3382,2303,2025-11-23,182,5
3383,2025,2025-06-02,501,7
3384,2780,2025-04-12,665,5
3385,336,2025-07-04,349,6
3386,1577,2025-01-27,279,6
3387,1526,2025-12-08,430,4
3388,990,2025-04-22,291,7
3389,2948,2025-02-27,555,3
3390,1279,2025-05-01,287,7
3391,514,2025-11-21,620,8
3392,2030,2025-08-11,132,4
3393,242,2025-06-16,393,6
3394,2197,2025-01-08,201,5
3395,1734,2025-03-27,355,7
3396,2805,2025-05-22,337,6
3397,2668,2025-10-27,942,4
3398,2501,2025-03-03,305,7
3399,2260,2025-07-22,358,5
3400,668,2025-05-05,639,12
3401,594,2025-01-05,170,6
3402,2179,2025-01-22,157,11
3403,2660,2025-10-25,226,5
3404,256,2025-12-20,100,10
3405,1503,2025-09-01,238,5
3406,561,2025-12-19,486,7
3407,2111,2025-11-02,241,6
3408,1335,2025-03-21,694,6
3409,407,2025-07-10,326,5
3410,2850,2025-02-15,444,4
3411,1861,2025-05-08,566,9
3412,2063,2025-03-22,321,13
3413,1711,2025-09-13,546,10
3414,259,2025-02-16,582,6
3415,723,2025-12-18,1005,6
3416,1283,2025-11-13,371,1
3417,614,2025-06-23,111,4
3418,1695,2025-11-17,361,5
3419,1979,2025-01-31,94,6
3420,813,2025-01-31,182,7
3421,1787,2025-07-02,73,10
3422,331,2025-11-27,616,7
3423,2213,2025-03-20,409,5
3424,1217,2025-12-26,1083,7
3425,1545,2025-10-02,496,6
3426,1398,2025-02-24,271,7
3427,387,2025-03-06,368,10
3428,1519,2025-09-07,377,9
3429,1818,2025-04-30,210,9
3430,1818,2025-06-12,417,4
3431,1815,2025-10-13,137,9
3432,2376,2025-11-27,632,5
3433,1516,2025-06-27,403,6
3434,1241,2025-08-13,675,10
3435,320,2025-04-09,235,4
3436,399,2025-01-11,120,2
3437,1915,2025-12-19,264,5
3438,105,2025-07-13,361,5
3439,696,2025-07-03,484,6
3440,330,2025-03-10,737,2
3441,660,2025-05-09,429,6
3442,2647,2025-01-21,424,1
3443,821,2025-09-06,485,3
3444,1973,2025-12-28,195,4
3445,2689,2025-08-13,244,5
3446,1794,2025-10-14,394,4
3447,2362,2025-05-31,177,7
3448,462,2025-10-05,583,7
3449,1608,2025-12-23,185,4
3450,2534,2025-09-08,104,4
3451,1676,2025-04-08,832,3
3452,2458,2025-10-18,251,7
3453,2075,2025-04-06,649,4
3454,271,2025-10-06,558,4
3455,2734,2025-06-28,564,5
3456,2549,2025-06-15,632,8
3457,385,2025-08-28,209,4
3458,60,2025-05-21,891,8
3459,1131,2025-11-03,388,5
3460,220,2025-10-11,437,4
3461,1465,2025-03-24,453,8
3462,2819,2025-02-05,222,10
3463,1907,2025-09-29,281,5
3464,2612,2025-03-21,442,7
3465,1596,2025-08-19,793,6
3466,2594,2025-06-01,215,7
3467,96,2025-05-15,345,5
3468,989,2025-10-05,397,7
3469,1113,2025-07-07,437,6
3470,2876,2025-08-21,734,7
3471,1946,2025-01-01,202,4
3472,2279,2025-11-23,434,7
3473,968,2025-09-17,540,6
3474,2323,2025-07-14,653,5
3475,246,2025-04-05,432,8
3476,2159,2025-01-10,296,4
3477,234,2025-11-14,240,7
3478,2465,2025-07-06,379,8
3479,2726,2025-11-14,162,7
3480,1152,2025-05-03,492,7
3481,1261,2025-06-14,574,8
3482,803,2025-02-02,792,2
3483,2667,2025-12-04,330,4
3484,2755,2025-10-03,531,5
3485,2899,2025-07-18,692,10
3486,1418,2025-04-08,473,7
3487,2523,2025-09-26,513,8
3488,655,2025-12-16,513,4
3489,2443,2025-09-12,261,5
3490,111,2025-10-10,505,6
3491,90,2025-03-20,340,5
3492,763,2025-11-10,868,8
3493,1304,2025-05-25,174,5
3494,1357,2025-06-15,778,7
3495,2180,2025-07-29,413,4
3496,1037,2025-11-25,359,2
3497,2505,2025-06-14,523,6
3498,1465,2025-02-26,182,6
3499,98,2025-02-19,282,7
3500,1144,2025-09-25,254,8
3501,293,2025-12-04,313,7
3502,1840,2025-02-04,901,7
3503,1735,2025-01-23,149,4
3504,1025,2025-03-08,659,3
3505,2620,2025-04-02,245,7
3506,2298,2025-01-17,382,5
3507,652,2025-04-14,481,5
3508,2197,2025-02-24,178,6
3509,2092,2025-09-06,232,3
3510,1907,2025-04-09,329,9
3511,1722,2025-02-20,285,7
3512,1068,2025-01-17,616,2
3513,2210,2025-10-20,497,7
3514,1817,2025-11-25,162,2
3515,253,2025-07-18,305,10
3516,132,2025-12-03,380,7
3517,1908,2025-09-08,461,6
3518,1911,2025-09-27,355,6
3519,2522,2025-11-16,504,4
3520,1680,2025-12-26,291,4
3521,1133,2025-10-30,524,6
3522,2754,2025-05-12,683,6
3523,1059,2025-01-26,656,8
3524,1926,2025-07-07,457,5
3525,2323,2025-04-24,396,7
3526,187,2025-11-07,534,3
3527,949,2025-02-06,425,7
3528,2291,2025-01-07,453,5
3529,264,2025-04-17,467,6
3530,1998,2025-12-02,750,7
3531,522,2025-09-09,311,12
3532,1565,2025-02-10,1021,8
3533,783,2025-08-28,337,9
3534,535,2025-11-24,211,4
3535,210,2025-02-01,462,9
3536,2094,2025-07-04,209,7
3537,1564,2025-10-13,554,6
3538,26,2025-08-01,308,5
3539,175,2025-07-08,648,10
3540,1540,2025-12-29,266,3
3541,1335,2025-01-30,342,5
3542,322,2025-11-12,775,9
3543,1603,2025-05-17,707,9
3544,1159,2025-09-28,413,7
3545,55,2025-01-21,344,4
3546,1567,2025-02-06,206,9
3547,1610,2025-06-05,142,9
3548,1873,2025-02-09,218,7
3549,2716,2025-04-21,758,8
3550,2195,2025-09-23,471,5
3551,1509,2025-02-19,235,6
3552,2647,2025-02-21,545,7
3553,2068,2025-04-29,234,7
3554,333,2025-09-30,632,4
3555,1579,2025-07-17,317,3
3556,907,2025-04-08,595,10
3557,2992,2025-04-09,139,11
3558,911,2025-09-27,190,5
3559,401,2025-12-03,592,10
3560,950,2025-05-08,613,9
3561,1330,2025-10-19,791,5
3562,2076,2025-11-17,479,7
3563,2515,2025-04-02,313,5
3564,1911,2025-10-13,347,3
3565,101,2025-10-13,473,5
3566,551,2025-08-01,160,9
3567,2850,2025-02-24,129,6
3568,2401,2025-11-23,625,3
3569,1706,2025-10-23,731,5
3570,2344,2025-07-03,457,5
3571,353,2025-12-12,305,4
3572,2956,2025-08-23,289,10
3573,1019,2025-12-26,374,5
3574,1180,2025-12-07,370,8
3575,1098,2025-08-07,366,5
3576,2503,2025-02-23,472,8
3577,2760,2025-03-27,242,9
3578,980,2025-04-03,472,6
3579,1356,2025-10-09,216,7
3580,739,2025-07-25,455,3
3581,977,2025-09-16,138,3
3582,1372,2025-06-22,236,6
3583,2281,2025-12-03,675,9
3584,1802,2025-03-22,522,6
3585,2150,2025-10-01,551,6
3586,953,2025-11-04,980,6
3587,481,2025-08-15,375,5
3588,1238,2025-06-30,507,10
3589,108,2025-06-11,313,8
3590,973,2025-10-09,394,6
3591,1627,2025-06-16,461,6
3592,704,2025-07-10,174,10
3593,2383,2025-07-31,93,5
3594,2134,2025-11-21,632,6
3595,2782,2025-08-09,431,5
3596,875,2025-06-15,299,3
3597,1448,2025-11-08,188,9
3598,2412,2025-05-04,545,6
3599,2108,2025-10-16,389,6
3600,1274,2025-10-07,426,9
3601,560,2025-04-20,243,7
3602,117,2025-07-12,401,6
3603,874,2025-10-09,535,9
3604,2963,2025-05-11,237,7
3605,968,2025-07-04,205,9
3606,1569,2025-08-20,893,3
3607,44,2025-08-18,233,8
3608,509,2025-07-23,391,6
3609,2012,2025-01-01,364,3
3610,1189,2025-01-18,178,8
3611,1316,2025-05-26,568,2
3612,849,2025-11-02,582,2
3613,1880,2025-01-09,548,4
3614,917,2025-09-23,353,8
3615,2946,2025-03-11,449,10
3616,799,2025-06-04,264,2
3617,876,2025-01-04,426,3
3618,1761,2025-06-03,557,4
3619,2334,2025-04-24,600,10
3620,2732,2025-04-20,464,3
3621,819,2025-06-11,550,6
3622,2169,2025-01-12,482,6
3623,945,2025-12-20,595,3
3624,907,2025-05-22,362,3
3625,13,2025-10-11,225,6
3626,603,2025-09-19,256,4
3627,200,2025-10-12,277,7
3628,2634,2025-10-20,896,2
3629,1792,2025-10-20,496,10
3630,448,2025-03-21,525,5
3631,1812,2025-02-18,667,7
3632,841,2025-01-20,180,5
3633,590,2025-08-24,451,4
3634,1154,2025-07-02,352,4
3635,2937,2025-03-21,688,2
3636,2091,2025-03-12,578,8
3637,520,2025-05-16,473,7
3638,1037,2025-07-07,282,9
3639,725,2025-10-26,502,7
3640,2671,2025-05-08,467,7
3641,988,2025-04-30,423,4
3642,803,2025-05-12,501,4
3643,2583,2025-06-03,890,4
3644,2350,2025-02-17,542,11
3645,527,2025-10-20,335,12
3646,1666,2025-07-24,268,7
3647,1139,2025-10-19,35,6
3648,460,2025-04-22,251,8
3649,2880,2025-02-09,507,5
3650,2553,2025-06-16,256,7
3651,932,2025-09-05,511,10
3652,1987,2025-03-30,243,9
3653,325,2025-09-07,244,2
3654,579,2025-12-20,488,8
3655,2809,2025-12-26,288,8
3656,2899,2025-10-23,349,5
3657,1538,2025-02-18,783,7
3658,2550,2025-11-01,239,7
3659,2001,2025-11-25,500,3
3660,2382,2025-06-03,197,6
3661,2332,2025-01-20,405,6
3662,475,2025-10-23,382,7
3663,1078,2025-07-15,385,9
3664,1482,2025-02-10,466,4
3665,1603,2025-01-29,1116,5
3666,1444,2025-06-21,383,6
3667,632,2025-06-28,543,7
3668,703,2025-08-11,341,6
3669,2457,2025-08-02,252,6
3670,982,2025-03-03,238,7
3671,1328,2025-04-27,908,10
3672,1959,2025-12-01,596,7
3673,559,2025-11-05,289,8
3674,222,2025-01-06,158,7
3675,1557,2025-11-21,695,7
3676,2206,2025-11-20,391,8
3677,348,2025-07-15,541,3
3678,1183,2025-01-28,289,9
3679,889,2025-06-06,353,4
3680,922,2025-09-26,286,4
3681,1259,2025-01-22,435,5
3682,2710,2025-06-13,606,9
3683,405,2025-10-04,516,6
3684,1281,2025-10-17,564,6
3685,677,2025-03-18,936,10
3686,589,2025-06-17,537,4
3687,1621,2025-09-15,293,7
3688,2606,2025-12-24,283,9
3689,2953,2025-04-24,603,12
3690,2527,2025-03-20,560,5
3691,2535,2025-01-26,855,7
3692,1595,2025-12-11,284,5
3693,566,2025-07-21,481,5
3694,2572,2025-08-17,363,8
3695,704,2025-11-01,169,9
3696,2869,2025-10-22,252,4
3697,858,2025-09-16,351,6
3698,1285,2025-02-16,210,5
3699,585,2025-04-24,295,3
3700,2734,2025-08-10,764,9
3701,232,2025-05-29,675,3
3702,2318,2025-07-21,334,6
3703,2988,2025-03-17,290,1
3704,2922,2025-03-09,56,4
3705,1246,2025-06-22,170,12
3706,52,2025-02-12,395,5
3707,2164,2025-09-01,417,7
3708,538,2025-10-20,108,6
3709,541,2025-01-26,386,7
3710,1043,2025-10-08,612,9
3711,815,2025-07-24,457,7
3712,1416,2025-05-15,463,6
3713,2839,2025-02-13,391,10
3714,1653,2025-07-24,468,4
3715,2666,2025-09-14,717,5
3716,419,2025-08-11,501,7
3717,2357,2025-12-24,242,8
3718,864,2025-03-08,593,6
3719,186,2025-03-11,347,4
3720,261,2025-09-04,276,5
3721,1552,2025-10-14,1140,4
3722,1297,2025-04-12,388,4
3723,2208,2025-09-07,253,3
3724,2918,2025-07-22,323,5
3725,762,2025-11-30,348,3
3726,224,2025-10-20,536,4
3727,1280,2025-04-11,485,4
3728,180,2025-10-15,566,9
3729,2068,2025-11-12,686,5
3730,1648,2025-09-26,773,7
3731,632,2025-05-07,741,7
3732,1537,2025-05-05,134,7
3733,2106,2025-02-06,912,2
3734,2771,2025-05-17,283,4
3735,1964,2025-08-09,521,5
3736,615,2025-06-15,531,4
3737,562,2025-12-17,374,6
3738,2422,2025-10-22,285,10
3739,622,2025-02-15,184,7
3740,2136,2025-02-27,415,5
3741,1014,2025-12-10,382,8
3742,2062,2025-07-31,217,5
3743,2181,2025-08-05,397,8
3744,1961,2025-07-07,507,5
3745,1058,2025-06-28,1005,3
3746,2940,2025-04-08,302,9
3747,592,2025-06-14,311,4
3748,583,2025-06-26,685,5
3749,1614,2025-11-01,425,11
3750,1102,2025-12-02,163,7
3751,289,2025-01-13,289,4
3752,1569,2025-06-06,308,3
3753,2927,2025-03-28,458,3
3754,1444,2025-06-29,212,4
3755,7,2025-11-12,184,7
3756,1184,2025-08-15,315,8
3757,240,2025-11-16,324,4
3758,1987,2025-03-16,234,6
3759,1447,2025-08-14,212,6
3760,2584,2025-01-23,620,7
3761,1750,2025-04-30,339,6
3762,2118,2025-04-13,607,7
3763,1904,2025-12-17,533,7
3764,2264,2025-07-11,283,8
3765,1078,2025-03-21,255,3
3766,2854,2025-02-13,713,9
3767,2378,2025-02-27,537,5
3768,848,2025-01-28,389,5
3769,1312,2025-05-05,636,7
3770,2093,2025-11-14,207,5
3771,2877,2025-03-17,869,6
3772,2246,2025-05-28,300,9
3773,1240,2025-01-08,193,7
3774,1505,2025-06-25,345,6
3775,1333,2025-12-22,221,5
3776,2944,2025-02-26,440,6
3777,2380,2025-06-06,341,7
3778,696,2025-08-19,338,2
3779,27,2025-08-30,942,6
3780,2366,2025-01-12,504,3
3781,2413,2025-06-19,274,11
3782,960,2025-04-18,406,4
3783,1527,2025-10-03,716,8
3784,1869,2025-04-19,331,11
3785,373,2025-04-15,416,5
3786,1950,2025-10-07,298,7
3787,245,2025-09-25,630,7
3788,1841,2025-05-13,408,8
3789,1677,2025-10-08,755,7
3790,2526,2025-09-05,451,8
3791,125,2025-11-15,350,8
3792,537,2025-03-14,369,7
3793,2754,2025-12-22,882,9
3794,1920,2025-12-24,425,3
3795,1636,2025-12-09,270,4
3796,1426,2025-01-10,339,10
3797,1541,2025-07-12,857,12
3798,531,2025-10-26,206,7
3799,2834,2025-12-06,290,4
3800,254,2025-09-27,681,7
3801,2169,2025-01-23,554,7
3802,661,2025-05-11,255,7
3803,1802,2025-03-29,352,5
3804,1061,2025-01-31,296,6
3805,1366,2025-05-26,855,9
3806,1037,2025-04-13,476,6
3807,1207,2025-12-23,356,8
3808,2136,2025-11-13,367,9
3809,2094,2025-05-19,299,4
3810,1143,2025-01-28,674,10
3811,2981,2025-08-27,547,6
3812,1555,2025-12-02,669,8
3813,1756,2025-01-05,367,9
3814,1966,2025-02-04,312,5
3815,745,2025-07-18,510,5
3816,1630,2025-12-05,436,3
3817,967,2025-05-19,1009,6
3818,763,2025-12-06,358,4
3819,2810,2025-12-04,314,5
3820,794,2025-07-04,426,4
3821,744,2025-02-25,262,8
3822,1070,2025-01-10,512,6
3823,1532,2025-05-30,236,8
3824,558,2025-11-29,481,8
3825,1995,2025-07-17,432,3
3826,526,2025-04-29,891,4
3827,2645,2025-07-14,466,3
3828,840,2025-09-18,270,8
3829,3,2025-12-30,550,7
3830,1052,2025-02-20,277,6
3831,1405,2025-06-11,522,7
3832,157,2025-09-06,356,12
3833,2903,2025-11-02,246,8
3834,1938,2025-09-30,214,6
3835,1955,2025-02-15,805,2
3836,511,2025-04-06,198,6
3837,687,2025-04-12,447,3
3838,1138,2025-09-14,690,10
3839,1413,2025-08-23,272,7
3840,1511,2025-10-15,359,8
3841,571,2025-12-31,819,3
3842,715,2025-01-12,339,4
3843,1339,2025-01-21,310,7
3844,2287,2025-05-07,298,7
3845,2351,2025-09-29,622,3
3846,2655,2025-06-06,462,4
3847,991,2025-06-20,375,5
3848,334,2025-09-08,611,4
3849,2161,2025-07-21,682,5
3850,1645,2025-03-22,288,2
3851,362,2025-01-10,235,6
3852,1881,2025-06-27,407,5
3853,2849,2025-12-17,716,9
3854,2145,2025-06-30,377,6
3855,1982,2025-07-01,530,7
3856,2064,2025-11-17,227,4
3857,2604,2025-06-04,406,9
3858,1978,2025-05-01,636,5
3859,376,2025-09-14,742,6
3860,742,2025-05-22,502,3
3861,390,2025-02-01,422,5
3862,2668,2025-11-17,447,10
3863,1241,2025-05-12,593,7
3864,824,2025-07-18,499,1
3865,2368,2025-01-16,244,5
3866,2244,2025-10-12,209,4
3867,418,2025-05-24,271,5
3868,607,2025-04-26,321,6
3869,568,2025-03-19,867,5
3870,544,2025-06-24,728,6
3871,2279,2025-07-21,389,7
3872,884,2025-12-03,455,5
3873,2569,2025-03-12,344,5
3874,703,2025-02-14,290,8
3875,1224,2025-07-15,631,8
3876,2894,2025-09-24,198,1
3877,2721,2025-12-14,609,9
3878,1623,2025-11-10,372,8
3879,2069,2025-11-17,280,3
3880,2636,2025-12-18,180,13
3881,2946,2025-04-27,336,9
3882,1787,2025-08-02,331,6
3883,1620,2025-05-04,507,7
3884,1458,2025-10-21,509,10
3885,2419,2025-03-20,238,9
3886,1584,2025-08-07,392,6
3887,1915,2025-06-09,784,6
3888,78,2025-11-06,342,4
3889,1309,2025-06-18,215,12
3890,648,2025-08-18,1115,4
3891,2188,2025-10-05,230,5
3892,553,2025-03-09,669,6
3893,998,2025-04-16,525,7
3894,282,2025-12-01,345,5
3895,1282,2025-03-12,217,5
3896,1847,2025-10-25,480,3
3897,1384,2025-10-05,487,5
3898,2488,2025-12-17,551,3
3899,2318,2025-04-14,345,3
3900,1158,2025-03-12,223,6
3901,2794,2025-06-08,634,4
3902,104,2025-12-19,289,4
3903,766,2025-12-28,269,6
3904,2143,2025-09-26,565,6
3905,2777,2025-03-11,353,10
3906,1597,2025-08-09,462,7
3907,480,2025-03-16,512,12
3908,2828,2025-12-02,763,11
3909,2061,2025-10-17,409,5
3910,1964,2025-03-22,626,5
3911,2649,2025-06-12,356,7
3912,2143,2025-02-04,736,4
3913,2341,2025-10-13,888,9
3914,2073,2025-09-30,1254,9
3915,1296,2025-03-02,416,9
3916,1529,2025-04-05,637,5
3917,1190,2025-06-12,499,6
3918,939,2025-03-16,397,4
3919,762,2025-01-16,280,3
3920,654,2025-06-13,302,9
3921,1670,2025-07-31,367,2
3922,2686,2025-07-30,668,7
3923,2539,2025-06-05,242,10
3924,1932,2025-08-15,393,8
3925,1127,2025-11-23,389,3
3926,1926,2025-05-21,321,4
3927,575,2025-03-19,244,2
3928,2342,2025-04-07,394,4
3929,2944,2025-02-24,76,8
3930,1330,2025-03-09,796,7
3931,1278,2025-04-05,135,5
3932,1204,2025-01-14,198,4
3933,40,2025-11-10,630,3
3934,2824,2025-11-12,316,5
3935,520,2025-05-17,459,3
3936,1640,2025-11-07,681,6
3937,2594,2025-10-18,213,5
3938,2284,2025-11-10,193,9
3939,463,2025-04-29,392,8
3940,1252,2025-11-02,325,3
3941,1849,2025-04-29,226,3
3942,483,2025-04-29,282,4
3943,2478,2025-12-18,123,9
3944,343,2025-01-14,608,6
3945,1197,2025-07-03,608,8
3946,1463,2025-02-10,309,10
3947,1203,2025-12-19,405,11
3948,1622,2025-09-02,474,6
3949,2181,2025-03-10,445,8
3950,2399,2025-09-15,551,8
3951,2554,2025-11-06,297,8
3952,2132,2025-08-29,656,7
3953,993,2025-12-31,629,4
3954,2878,2025-11-29,345,8
3955,2909,2025-07-11,419,5
3956,2391,2025-04-05,714,8
3957,2914,2025-07-18,435,4
3958,1190,2025-09-09,421,4
3959,2341,2025-08-31,329,6
3960,1604,2025-03-12,511,5
3961,1194,2025-03-25,294,4
3962,598,2025-04-09,666,9
3963,645,2025-04-26,190,4
3964,448,2025-01-17,475,6
3965,2738,2025-07-29,313,5
3966,2903,2025-01-08,269,5
3967,2550,2025-05-19,775,1
3968,764,2025-07-31,635,7
3969,735,2025-04-24,244,9
3970,1643,2025-12-10,498,5
3971,2298,2025-04-14,532,4
3972,601,2025-04-15,157,2
3973,2173,2025-02-03,475,5
3974,2161,2025-04-01,614,5
3975,981,2025-08-13,503,8
3976,1783,2025-11-12,263,3
3977,2198,2025-09-08,616,10
3978,2923,2025-12-19,370,7
3979,2391,2025-06-16,303,3
3980,580,2025-08-23,318,5
3981,783,2025-05-07,330,5
3982,2369,2025-08-07,336,7
3983,2870,2025-07-27,827,4
3984,532,2025-01-22,711,5
3985,1513,2025-11-08,465,2
3986,2540,2025-07-14,253,5
3987,612,2025-06-10,599,8
3988,2300,2025-07-21,236,9
3989,2006,2025-11-10,1023,9
3990,1101,2025-10-20,721,7
3991,1671,2025-11-01,549,4
3992,1416,2025-10-02,430,5
3993,1436,2025-09-26,452,4
3994,2221,2025-11-25,381,9
3995,875,2025-12-27,612,7
3996,2249,2025-01-20,430,6
3997,217,2025-09-24,521,7
3998,376,2025-02-25,826,13
3999,1610,2025-08-20,431,8
4000,11,2025-08-22,820,11
4001,2940,2025-01-22,539,8
4002,1614,2025-05-06,539,11
4003,2483,2025-09-23,243,2
4004,818,2025-10-03,684,6
4005,1297,2025-07-22,288,8
4006,2979,2025-01-21,365,8
4007,691,2025-10-13,730,3
4008,1600,2025-07-18,330,8
4009,1533,2025-09-22,481,5
4010,1156,2025-11-19,372,6
4011,2903,2025-01-26,222,8
4012,1948,2025-04-08,292,5
4013,784,2025-05-30,317,5
4014,2367,2025-08-14,423,4
4015,2892,2025-07-23,244,6
4016,1973,2025-06-05,288,8
4017,1877,2025-05-27,262,7
4018,2669,2025-08-25,462,7
4019,785,2025-03-27,358,9
4020,397,2025-08-05,194,4
4021,1082,2025-05-31,296,8
4022,1504,2025-11-10,626,9
4023,2034,2025-01-28,440,7
4024,1615,2025-12-20,202,3
4025,460,2025-09-22,349,6
4026,2109,2025-03-14,39,6
4027,2417,2025-08-26,479,8
4028,2767,2025-11-27,96,5
4029,546,2025-08-20,276,6
4030,2544,2025-02-16,114,8
4031,497,2025-09-14,447,3
4032,505,2025-02-27,719,3
4033,1093,2025-04-03,197,6
4034,2209,2025-10-27,593,4
4035,1638,2025-12-23,267,6
4036,718,2025-10-07,482,8
4037,1593,2025-03-11,820,7
4038,1409,2025-07-21,633,2
4039,269,2025-07-31,238,7
4040,1947,2025-06-15,749,5
4041,1478,2025-08-19,500,8
4042,2747,2025-01-13,304,7
4043,1542,2025-04-02,412,4
4044,865,2025-08-21,238,3
4045,2398,2025-10-30,671,5
4046,110,2025-12-31,97,4
4047,2455,2025-04-14,699,5
4048,650,2025-08-21,115,5
4049,2099,2025-02-16,379,2
4050,1500,2025-05-09,722,9
4051,1111,2025-06-15,715,7
4052,596,2025-12-21,350,7
4053,979,2025-11-29,575,6
4054,731,2025-12-31,297,4
4055,57,2025-03-25,269,6
4056,2786,2025-03-05,278,4
4057,2244,2025-02-16,375,7
4058,1784,2025-02-28,132,7
4059,1702,2025-12-28,718,8
4060,1287,2025-08-19,562,2
4061,112,2025-11-21,529,5
4062,2813,2025-07-05,396,6
4063,711,2025-02-13,812,8
4064,1202,2025-09-26,294,4
4065,948,2025-12-29,573,5
4066,26,2025-07-16,515,5
4067,2458,2025-09-19,272,6
4068,758,2025-11-10,236,5
4069,2579,2025-03-23,437,3
4070,1801,2025-07-13,548,4
4071,1556,2025-10-09,343,7
4072,2797,2025-07-14,183,3
4073,1842,2025-01-23,474,4
4074,2294,2025-03-29,460,9
4075,1105,2025-06-21,343,9
4076,662,2025-10-17,76,6
4077,909,2025-12-04,509,9
4078,2444,2025-03-18,454,5
4079,522,2025-03-25,482,5
4080,1857,2025-03-16,599,4
4081,1760,2025-04-02,405,4
4082,2974,2025-12-31,225,6
4083,2312,2025-01-27,501,6
4084,790,2025-08-03,481,5
4085,1298,2025-06-07,190,7
4086,1730,2025-06-08,414,9
4087,172,2025-08-17,210,10
4088,265,2025-05-28,628,5
4089,1987,2025-11-17,324,9
4090,1050,2025-04-03,217,5
4091,1493,2025-03-02,268,7
4092,1886,2025-03-09,363,5
4093,476,2025-04-14,576,7
4094,2404,2025-01-02,454,5
4095,1050,2025-11-15,287,10
4096,34,2025-05-10,476,8
4097,2312,2025-01-07,364,6
4098,1162,2025-08-23,444,6
4099,816,2025-09-12,130,4
4100,2923,2025-09-13,301,5
4101,754,2025-10-06,164,5
4102,566,2025-01-03,247,8
4103,462,2025-11-08,394,6
4104,1655,2025-09-10,541,4
4105,2703,2025-05-02,637,5
4106,81,2025-04-22,646,5
4107,2805,2025-10-29,497,5
4108,1938,2025-12-04,385,8
4109,870,2025-09-01,415,4
4110,1431,2025-08-21,323,7
4111,1070,2025-07-29,593,6
4112,599,2025-08-15,790,12
4113,1635,2025-02-10,745,6
4114,807,2025-11-04,437,7
4115,1935,2025-11-04,283,3
4116,1077,2025-01-04,520,7
4117,704,2025-05-06,269,6
4118,2524,2025-10-08,404,5
4119,2640,2025-05-23,334,4
4120,2064,2025-11-14,502,2
4121,487,2025-11-18,437,5
4122,706,2025-10-13,324,6
4123,1526,2025-04-17,1053,5
4124,1165,2025-01-26,193,2
4125,620,2025-04-05,286,9
4126,777,2025-03-17,484,4
4127,447,2025-01-29,689,9
4128,2338,2025-12-01,634,3
4129,209,2025-06-28,221,6
4130,1499,2025-01-19,852,5
4131,2461,2025-03-16,509,4
4132,2725,2025-01-17,418,7
4133,1451,2025-12-08,449,5
4134,1878,2025-10-23,1044,4
4135,2712,2025-11-05,778,4
4136,2338,2025-06-02,235,4
4137,1292,2025-06-19,397,4
4138,2199,2025-02-14,622,4
4139,1743,2025-01-26,877,11
4140,1279,2025-02-25,311,11
4141,1401,2025-08-02,399,7
4142,1677,2025-04-02,457,6
4143,855,2025-03-24,935,4
4144,1382,2025-12-11,461,7
4145,2656,2025-05-26,385,5
4146,2418,2025-11-09,427,7
4147,705,2025-12-05,670,6
4148,826,2025-12-21,195,1
4149,1005,2025-12-25,780,9
4150,377,2025-11-01,310,7
4151,973,2025-10-21,413,4
4152,118,2025-10-15,282,8
4153,444,2025-04-01,300,6
4154,755,2025-08-22,712,5
4155,640,2025-10-24,336,3
4156,2172,2025-07-04,613,7
4157,2706,2025-01-19,611,5
4158,1301,2025-02-17,525,7
4159,2870,2025-06-03,642,4
4160,2712,2025-06-15,267,8
4161,2408,2025-07-08,87,4
4162,623,2025-07-14,368,6
4163,1493,2025-02-04,598,5
4164,2009,2025-08-07,1172,6
4165,1652,2025-10-09,531,3
4166,1724,2025-02-03,563,7
4167,1920,2025-05-30,420,4
4168,919,2025-08-30,575,4
4169,1174,2025-03-10,400,4
4170,2500,2025-03-04,228,6
4171,1186,2025-12-22,704,8
4172,120,2025-05-21,636,5
4173,582,2025-06-18,514,7
4174,1948,2025-09-27,304,5
4175,2147,2025-07-31,448,9
4176,1191,2025-09-26,266,11
4177,1687,2025-04-18,326,5
4178,2000,2025-12-23,510,8
4179,2562,2025-04-18,434,6
4180,2712,2025-11-10,218,10
4181,401,2025-01-30,618,5
4182,2413,2025-02-25,953,11
4183,1350,2025-10-20,322,4
4184,2629,2025-11-19,641,5
4185,1657,2025-09-28,386,4
4186,621,2025-02-14,782,5
4187,2876,2025-09-05,545,9
4188,247,2025-12-19,307,6
4189,2482,2025-11-06,943,3
4190,1117,2025-12-28,584,10
4191,2663,2025-05-28,525,2
4192,2991,2025-08-07,231,7
4193,624,2025-11-08,336,3
4194,2369,2025-06-12,831,8
4195,1840,2025-05-13,496,7
4196,2904,2025-09-27,549,6
4197,2110,2025-10-22,563,6
4198,300,2025-11-16,419,5
4199,403,2025-07-01,280,4
4200,1672,2025-03-08,310,7
4201,253,2025-11-11,930,4
4202,1758,2025-10-16,193,5
4203,2526,2025-09-12,197,7
4204,1393,2025-09-24,308,9
4205,1965,2025-11-20,382,9
4206,160,2025-09-12,263,6
4207,205,2025-09-10,571,6
4208,1162,2025-04-03,427,4
4209,1392,2025-11-09,525,6
4210,858,2025-04-30,342,9
4211,760,2025-12-29,640,6
4212,1591,2025-05-29,284,4
4213,2769,2025-04-10,560,4
4214,2116,2025-01-01,439,6
4215,133,2025-03-02,1032,6
4216,1724,2025-01-13,785,5
4217,2967,2025-08-27,603,4
4218,430,2025-11-17,300,5
4219,2356,2025-03-02,876,9
4220,2698,2025-04-17,429,7
4221,1198,2025-11-12,330,6
4222,2460,2025-08-01,459,4
4223,97,2025-07-31,980,10
4224,1707,2025-01-24,196,6
4225,1178,2025-06-20,296,9
4226,1719,2025-06-29,232,4
4227,1266,2025-10-14,263,4
4228,1328,2025-11-23,163,6
4229,1309,2025-04-19,104,4
4230,1051,2025-01-06,552,8
4231,1384,2025-11-24,332,6
4232,2250,2025-04-14,123,2
4233,2810,2025-12-20,613,8
4234,2922,2025-05-25,421,6
4235,581,2025-05-11,428,5
4236,2418,2025-02-04,217,8
4237,533,2025-06-07,317,5
4238,1176,2025-06-03,452,6
4239,1126,2025-09-17,274,7
4240,899,2025-10-09,251,8
4241,2655,2025-06-15,849,3
4242,1470,2025-01-04,165,8
4243,2921,2025-02-28,751,8
4244,1253,2025-12-18,395,2
4245,770,2025-06-20,345,10
4246,834,2025-06-24,493,4
4247,1905,2025-07-22,775,9
4248,2986,2025-10-19,450,6
4249,2284,2025-11-12,695,4
4250,2210,2025-01-15,454,5
4251,554,2025-03-31,273,7
4252,2836,2025-04-10,385,4
4253,1092,2025-06-19,91,6
4254,1197,2025-06-23,701,6
4255,1661,2025-12-11,615,5
4256,559,2025-09-03,317,2
4257,261,2025-08-31,701,7
4258,2265,2025-01-19,697,7
4259,1841,2025-11-27,148,5
4260,1148,2025-03-11,430,4
4261,805,2025-09-04,194,8
4262,1186,2025-03-21,592,5
4263,2249,2025-11-18,440,5
4264,2450,2025-08-24,265,5
4265,275,2025-10-02,579,6
4266,206,2025-06-21,370,6
4267,1724,2025-08-25,335,10
4268,867,2025-07-31,359,4
4269,93,2025-01-29,231,5
4270,1066,2025-09-24,540,2
4271,2427,2025-06-03,528,3
4272,1352,2025-10-17,379,11
4273,2113,2025-12-14,205,10
4274,365,2025-06-11,189,6
4275,821,2025-10-12,305,8
4276,1508,2025-10-02,465,8
4277,2030,2025-01-10,768,5
4278,1925,2025-04-17,423,7
4279,2588,2025-10-23,448,6
4280,1086,2025-12-17,417,6
4281,2539,2025-06-19,420,7
4282,1297,2025-07-01,210,5
4283,2277,2025-02-03,874,5
4284,1044,2025-03-18,193,11
4285,3,2025-05-24,575,6
4286,1754,2025-01-16,434,13
4287,911,2025-06-23,377,4
4288,307,2025-07-12,265,8
4289,2480,2025-11-17,299,2
4290,136,2025-10-01,1530,9
4291,1933,2025-03-26,245,4
4292,2563,2025-10-20,524,8
4293,2241,2025-11-07,494,5
4294,1609,2025-07-19,349,11
4295,1439,2025-04-06,430,5
4296,873,2025-11-01,534,9
4297,1142,2025-03-01,624,9
4298,666,2025-06-07,337,5
4299,209,2025-12-28,541,5
4300,952,2025-06-11,360,4
4301,1058,2025-12-30,198,4
4302,649,2025-01-17,318,5
4303,1342,2025-05-20,399,5
4304,2168,2025-07-31,646,3
4305,627,2025-02-14,351,9
4306,525,2025-09-12,424,8
4307,1605,2025-05-02,483,8
4308,1869,2025-07-10,415,3
4309,769,2025-08-20,242,10
4310,2560,2025-06-04,724,3
4311,2095,2025-04-21,706,9
4312,772,2025-09-26,405,4
4313,740,2025-06-04,240,5
4314,522,2025-03-31,186,12
4315,1401,2025-02-27,336,7
4316,2182,2025-07-11,384,6
4317,248,2025-01-20,553,10
4318,1342,2025-04-14,608,6
4319,2484,2025-02-17,643,5
4320,1859,2025-08-16,344,7
4321,686,2025-09-17,335,3
4322,586,2025-01-13,488,8
4323,2399,2025-09-05,244,9
4324,143,2025-09-14,607,4
4325,967,2025-03-20,429,3
4326,2852,2025-04-08,493,4
4327,718,2025-06-24,103,10
4328,643,2025-09-05,165,7
4329,2549,2025-09-26,210,3
4330,370,2025-06-08,97,8
4331,1110,2025-06-17,323,7
4332,787,2025-03-15,332,4
4333,2787,2025-02-20,269,5
4334,1484,2025-09-22,760,6
4335,950,2025-12-13,824,8
4336,1349,2025-03-09,331,7
4337,522,2025-04-16,388,4
4338,2537,2025-01-19,486,10
4339,1953,2025-08-24,1135,5
4340,2445,2025-07-18,757,4
4341,2944,2026-01-01,625,7
4342,355,2025-09-25,352,5
4343,947,2025-03-01,202,10
4344,2336,2025-01-03,346,3
4345,1483,2025-06-09,246,6
4346,1648,2025-01-23,326,8
4347,536,2025-12-18,164,8
4348,1315,2025-11-01,558,9
4349,2899,2025-02-14,503,6
4350,2886,2025-06-20,269,7
4351,2216,2025-08-28,844,7
4352,950,2025-01-24,169,3
4353,621,2025-02-22,139,3
4354,428,2025-09-24,373,8
4355,1726,2025-12-04,337,8
4356,2538,2025-06-09,494,4
4357,2403,2025-01-12,689,6
4358,2244,2025-10-23,726,6
4359,545,2025-06-09,368,4
4360,2765,2025-11-24,348,5
4361,824,2025-04-18,546,4
4362,2980,2025-06-14,245,3
4363,1003,2025-04-13,245,7
4364,659,2025-04-09,609,8
4365,2987,2025-05-27,140,5
4366,2828,2025-05-22,463,6
4367,2059,2025-09-30,323,7
4368,2444,2025-06-13,310,7
4369,731,2025-08-14,441,8
4370,1833,2025-12-10,512,6
4371,409,2025-03-02,193,3
4372,2410,2025-05-20,385,7
4373,84,2025-03-18,550,9
4374,2204,2025-03-22,424,8
4375,707,2025-05-21,607,6
4376,1962,2025-02-28,395,6
4377,2520,2025-01-08,371,9
4378,2667,2025-11-15,195,8
4379,1448,2025-10-14,1187,6
4380,134,2025-09-21,470,7
4381,788,2025-02-22,429,7
4382,2955,2025-04-16,592,5
4383,864,2025-10-05,403,5
4384,667,2025-06-29,407,8
4385,277,2025-10-09,179,3
4386,1776,2025-06-13,250,4
4387,882,2025-05-19,206,3
4388,2061,2025-03-14,215,3
4389,2390,2025-12-27,679,7
4390,2083,2025-05-26,118,3
4391,2607,2025-10-21,343,6
4392,1238,2025-05-06,752,7
4393,2453,2025-03-29,154,4
4394,2706,2025-02-06,753,8
4395,159,2025-06-09,242,6
4396,1134,2025-11-10,790,6
4397,2597,2025-06-23,735,3
4398,1852,2025-10-04,293,11
4399,279,2025-08-16,167,3
4400,2527,2025-01-26,520,4
4401,111,2025-03-08,224,6
4402,2479,2025-01-15,280,6
4403,542,2025-08-30,229,6
4404,1139,2025-12-12,196,11
4405,360,2025-01-26,221,6
4406,2420,2025-02-24,271,8
4407,1239,2025-07-16,517,6
4408,1757,2025-01-28,626,8
4409,955,2025-02-14,390,6
4410,2307,2025-08-07,365,5
4411,2826,2025-07-20,372,4
4412,2168,2025-04-02,526,7
4413,976,2025-12-27,194,4
4414,913,2025-11-02,610,4
4415,1152,2025-10-31,673,8
4416,723,2025-11-19,194,9
4417,2571,2025-12-20,490,6
4418,1712,2025-12-25,198,6
4419,325,2025-08-17,460,5
4420,1530,2025-11-12,1165,6
4421,1550,2025-07-02,173,5
4422,1074,2025-06-09,87,4
4423,1946,2025-06-20,965,5
4424,1608,2025-04-12,333,4
4425,2117,2026-01-01,325,8
4426,391,2025-12-10,608,11
4427,2431,2025-10-01,357,6
4428,16,2025-02-10,151,7
4429,846,2025-08-27,301,5
4430,869,2025-10-18,280,5
4431,568,2025-03-09,313,8
4432,2180,2025-02-17,61,8
4433,2020,2025-12-24,335,7
4434,2321,2025-08-28,208,3
4435,1647,2025-02-19,282,5
4436,2532,2025-08-22,349,9
4437,2598,2025-06-08,114,10
4438,357,2025-12-17,389,12
4439,1657,2025-11-26,124,5
4440,2281,2025-12-30,246,6
4441,36,2025-08-27,250,7
4442,2461,2025-08-29,116,4
4443,1028,2025-04-29,350,3
4444,2092,2025-04-25,545,11
4445,2616,2025-03-15,461,8
4446,2788,2025-11-12,352,6
4447,114,2025-05-13,547,6
4448,1773,2025-07-06,465,4
4449,2445,2025-07-20,179,3
4450,1198,2025-04-04,476,4
4451,1279,2025-12-25,988,7
4452,466,2025-12-07,589,4
4453,1488,2025-06-19,291,8
4454,847,2025-06-16,515,2
4455,502,2025-08-21,880,9
4456,441,2025-09-07,726,9
4457,2117,2025-01-16,202,5
4458,326,2025-02-03,508,4
4459,1766,2025-09-01,413,5
4460,67,2025-02-27,870,5
4461,304,2025-06-29,658,4
4462,972,2025-09-03,317,7
4463,484,2025-08-25,293,6
4464,929,2025-03-29,911,13
4465,1441,2025-05-25,268,6
4466,149,2025-06-28,185,6
4467,2632,2025-11-06,643,4
4468,2296,2025-10-22,389,10
4469,1125,2025-03-07,519,6
4470,2750,2025-09-18,443,9
4471,96,2025-02-22,532,7
4472,282,2025-07-27,321,4
4473,2370,2026-01-01,390,4
4474,529,2025-02-24,376,5
4475,2311,2025-06-16,294,10
4476,1643,2025-10-12,693,9
4477,580,2025-11-29,273,8
4478,1664,2025-02-06,276,6
4479,2342,2025-06-04,372,9
4480,1632,2025-09-30,509,7
4481,2443,2025-08-25,321,5
4482,2561,2025-07-25,334,4
4483,2969,2025-10-30,805,5
4484,810,2025-07-31,891,4
4485,2968,2025-05-03,611,4
4486,693,2025-11-14,364,4
4487,235,2025-05-05,279,6
4488,952,2025-10-08,480,6
4489,1855,2025-03-23,166,5
4490,1361,2025-09-04,95,6
4491,1032,2025-07-16,304,4
4492,1467,2025-02-03,294,5
4493,1965,2025-06-24,555,2
4494,539,2025-04-17,398,11
4495,820,2025-12-22,404,10
4496,1682,2025-10-30,193,4
4497,272,2025-08-09,301,13
4498,1029,2025-08-11,631,11
4499,1923,2025-10-18,432,6
4500,1243,2025-06-25,329,9
4501,1142,2025-10-06,357,7
4502,593,2025-12-22,365,6
4503,1606,2025-05-01,474,7
4504,115,2025-03-30,1175,6
4505,2311,2025-12-06,147,6
4506,1678,2025-12-09,219,6
4507,1446,2025-02-09,355,4
4508,207,2025-12-31,324,8
4509,2351,2025-10-21,407,4
4510,112,2025-09-07,241,4
4511,1441,2025-02-28,501,7
4512,1883,2025-10-31,210,10
4513,185,2025-11-02,368,9
4514,1765,2025-08-26,583,6
4515,901,2025-06-16,715,12
4516,221,2025-10-12,330,7
4517,1468,2025-02-19,607,7
4518,1094,2025-08-16,287,4
4519,2946,2025-04-01,415,2
4520,2670,2025-06-07,232,5
4521,2475,2025-07-27,348,4
4522,2692,2025-02-05,362,5
4523,2616,2025-11-03,580,3
4524,2013,2025-02-25,267,4
4525,2491,2025-12-17,265,5
4526,601,2025-11-02,496,6
4527,1161,2025-07-14,471,8
4528,504,2025-06-17,533,3
4529,2179,2025-09-11,236,10
4530,218,2025-11-27,142,5
4531,2736,2025-12-05,488,7
4532,2219,2025-02-01,173,4
4533,1499,2025-02-16,227,8
4534,612,2025-04-22,346,6
4535,1153,2025-03-13,198,9
4536,57,2025-10-25,373,11
4537,1205,2025-11-22,348,6
4538,246,2025-01-01,251,6
4539,144,2025-03-17,659,6
4540,368,2025-12-05,125,4
4541,1483,2025-03-18,243,7
4542,2266,2025-08-20,495,7
4543,616,2025-09-30,331,5
4544,1882,2025-05-30,286,2
4545,1589,2025-07-19,410,5
4546,2490,2025-11-12,316,5
4547,2889,2025-10-23,525,6
4548,699,2025-08-17,552,8
4549,876,2025-04-11,729,7
4550,1686,2025-04-16,566,5
4551,2824,2025-12-15,204,6
4552,2810,2025-06-12,541,6
4553,945,2025-06-03,289,3
4554,923,2025-10-19,432,5
4555,2983,2025-12-14,477,4
4556,1747,2025-06-05,260,5
4557,25,2025-08-11,339,5
4558,2854,2025-06-26,318,8
4559,1688,2025-02-15,294,4
4560,1560,2025-10-26,539,4
4561,2812,2025-01-05,132,5
4562,1084,2025-11-10,235,8
4563,434,2025-09-19,570,8
4564,2927,2025-07-26,379,3
4565,1090,2025-03-07,357,4
4566,2958,2025-05-31,711,5
4567,2613,2025-02-01,407,5
4568,1952,2025-07-09,338,6
4569,2154,2025-10-09,558,3
4570,96,2025-01-28,535,8
4571,168,2025-01-01,681,5
4572,2090,2025-12-27,548,10
4573,1903,2025-10-14,241,6
4574,2152,2025-07-03,731,9
4575,1869,2025-02-26,233,8
4576,2568,2025-05-25,961,5
4577,1999,2025-01-16,578,8
4578,2330,2025-05-01,664,7
4579,2995,2025-08-10,212,11
4580,1134,2025-12-26,561,9
4581,2011,2025-10-30,211,4
4582,749,2025-07-21,336,4
4583,1892,2025-11-17,107,7
4584,831,2025-06-12,244,3
4585,49,2025-12-31,171,6
4586,115,2025-07-15,312,7
4587,1179,2025-07-27,428,4
4588,1673,2025-07-15,387,7
4589,2551,2025-08-11,1099,4
4590,71,2025-10-07,468,9
4591,1360,2025-04-19,498,6
4592,67,2025-12-06,481,6
4593,1517,2025-03-30,293,7
4594,1674,2025-09-01,275,7
4595,1778,2025-03-13,381,5
4596,967,2025-04-07,397,4
4597,2229,2025-10-12,354,8
4598,1790,2025-07-16,618,6
4599,613,2025-07-04,538,2
4600,1887,2025-08-02,436,9
4601,1623,2025-03-20,295,9
4602,697,2025-05-28,220,7
4603,2651,2025-12-10,499,2
4604,2296,2025-03-06,407,7
4605,1238,2025-03-10,498,4
4606,2407,2025-01-06,635,4
4607,249,2025-02-06,195,6
4608,638,2025-11-28,539,3
4609,950,2025-01-09,188,3
4610,1905,2025-03-15,569,4
4611,1112,2025-09-07,395,4
4612,2711,2025-12-03,432,8
4613,176,2025-08-12,620,11
4614,723,2025-03-11,181,8
4615,2474,2025-02-13,100,6
4616,771,2025-03-12,689,4
4617,1948,2025-11-25,777,6
4618,703,2025-08-01,539,8
4619,2129,2025-08-22,430,5
4620,927,2025-12-23,285,7
4621,138,2025-11-06,454,11
4622,2518,2025-08-06,370,6
4623,2398,2025-11-16,634,4
4624,1150,2025-04-03,361,4
4625,1941,2025-08-21,473,2
4626,1892,2025-09-18,118,7
4627,1879,2025-08-06,451,4
4628,1254,2025-10-10,881,7
4629,1484,2025-08-19,316,12
4630,1369,2025-07-16,172,4
4631,310,2025-07-01,417,5
4632,1044,2025-04-26,629,8
4633,1671,2025-04-06,539,3
4634,1565,2025-08-06,1055,7
4635,1584,2025-11-06,421,7
4636,1501,2025-01-04,666,4
4637,2317,2025-10-23,276,9
4638,770,2025-09-13,133,3
4639,16,2025-05-02,250,9
4640,606,2025-12-31,293,3
4641,1382,2025-09-14,359,3
4642,813,2025-05-18,613,6
4643,1991,2025-07-30,319,8
4644,2530,2025-10-07,502,5
4645,895,2025-10-23,442,8
4646,1568,2025-07-07,440,8
4647,2317,2025-01-18,499,5
4648,414,2025-01-20,471,9
4649,25,2025-10-18,219,8
4650,2005,2025-09-05,333,8
4651,316,2025-12-27,209,9
4652,571,2025-07-08,342,9
4653,725,2025-02-27,354,6
4654,1850,2025-10-25,522,7
4655,1300,2025-09-04,486,6
4656,1954,2025-12-20,650,3
4657,389,2025-02-10,80,4
4658,2770,2025-03-14,449,5
4659,444,2025-09-27,584,2
4660,2745,2025-05-24,439,9
4661,971,2025-08-27,135,6
4662,2769,2025-09-22,621,4
4663,2416,2025-02-10,579,2
4664,1965,2025-09-25,265,3
4665,2390,2025-11-09,211,6
4666,1829,2025-02-15,364,3
4667,304,2025-05-06,690,6
4668,764,2025-08-30,852,6
4669,1974,2025-11-19,734,8
4670,816,2025-12-06,325,4
4671,2160,2025-12-09,287,3
4672,878,2025-02-09,500,7
4673,2978,2025-12-17,515,4
4674,703,2025-11-21,627,8
4675,2894,2025-10-04,565,7
4676,944,2025-10-24,209,5
4677,2327,2025-06-09,216,5
4678,2430,2025-11-10,238,3
4679,2061,2025-01-28,458,7
4680,303,2025-06-25,602,8
4681,1580,2025-10-01,603,7
4682,160,2025-01-06,381,7
4683,2202,2025-08-29,78,11
4684,2802,2025-08-21,416,5
4685,2229,2025-09-20,469,5
4686,1204,2025-08-29,508,6
4687,2425,2025-10-21,186,7
4688,2824,2025-06-19,918,5
4689,1192,2025-08-04,177,7
4690,1174,2025-06-30,373,8
4691,2064,2025-05-31,228,5
4692,1115,2025-05-29,198,5
4693,1144,2025-03-27,614,6
4694,1980,2025-01-19,714,4
4695,253,2025-12-22,669,1
4696,1433,2025-11-02,300,6
4697,2079,2025-06-05,333,6
4698,731,2025-10-16,444,2
4699,2337,2025-05-14,440,3
4700,498,2025-02-01,267,8
4701,1429,2025-11-19,155,5
4702,548,2025-08-31,846,7
4703,961,2025-10-24,378,10
4704,132,2025-03-28,456,5
4705,1348,2025-10-21,745,4
4706,858,2025-01-27,203,6
4707,1156,2025-12-03,292,7
4708,2033,2025-05-30,111,4
4709,521,2025-11-16,392,9
4710,30,2025-01-14,270,10
4711,2675,2025-05-27,262,7
4712,2052,2025-09-06,349,5
4713,509,2025-02-12,517,8
4714,1261,2025-03-06,218,5
4715,1559,2025-09-16,846,5
4716,16,2025-02-09,528,6
4717,997,2025-05-23,496,3
4718,1608,2025-05-10,345,4
4719,1840,2025-03-09,572,8
4720,2017,2025-11-12,268,6
4721,1254,2025-05-24,284,6
4722,1744,2025-05-21,541,3
4723,2311,2025-05-12,776,7
4724,1089,2025-01-08,197,8
4725,2313,2025-02-27,602,6
4726,1362,2025-11-06,234,8
4727,378,2025-03-31,332,7
4728,1199,2025-10-30,236,4
4729,476,2025-03-19,108,5
4730,1290,2025-12-04,468,8
4731,329,2025-08-17,817,3
4732,1840,2025-07-09,380,9
4733,1187,2025-03-31,701,6
4734,438,2025-05-14,185,2
4735,1391,2025-12-25,713,5
4736,1774,2025-05-01,82,3
4737,1223,2025-09-06,324,6
4738,1524,2025-04-03,108,7
4739,2064,2025-09-28,417,8
4740,1845,2025-01-17,289,4
4741,1320,2025-06-25,550,6
4742,868,2025-02-13,464,4
4743,2559,2025-03-16,490,9
4744,1812,2025-11-01,357,7
4745,984,2025-03-20,803,6
4746,1263,2025-09-11,187,7
4747,2629,2025-07-31,650,9
4748,1325,2025-07-16,464,9
4749,2054,2025-05-02,569,5
4750,1019,2025-12-05,843,2
4751,1790,2025-08-14,620,9
4752,807,2025-11-23,504,7
4753,1894,2025-03-27,632,3
4754,1410,2025-04-18,629,8
4755,2667,2025-10-23,276,3
4756,1319,2025-06-26,226,9
4757,1142,2025-01-28,376,7
4758,405,2025-11-25,488,6
4759,1787,2025-05-16,464,7
4760,594,2025-03-01,553,6
4761,2614,2025-01-27,557,7
4762,2800,2025-03-27,630,3
4763,12,2025-08-26,380,3
4764,2213,2025-07-24,834,11
4765,2926,2025-09-01,200,6
4766,1318,2025-06-04,407,7
4767,1543,2025-09-01,309,5
4768,2126,2025-09-30,484,5
4769,614,2025-04-30,528,11
4770,1987,2025-07-14,491,5
4771,869,2025-12-16,358,6
4772,812,2025-12-28,449,7
4773,1823,2025-07-19,128,4
4774,767,2025-08-31,464,4
4775,82,2025-05-15,759,3
4776,1745,2025-03-16,237,7
4777,2257,2025-09-29,254,11
4778,522,2025-08-11,91,8
4779,1328,2025-01-07,337,7
4780,994,2025-05-28,546,6
4781,2513,2025-08-18,248,7
4782,1526,2025-07-15,868,10
4783,1470,2025-12-14,253,6
4784,2676,2025-06-11,254,8
4785,1514,2025-09-29,246,9
4786,781,2025-12-16,778,2
4787,1452,2025-01-22,531,4
4788,559,2025-02-19,347,6
4789,2139,2025-09-30,220,7
4790,2038,2025-11-23,459,6
4791,1754,2025-07-01,560,7
4792,860,2025-08-10,1133,4
4793,1613,2025-11-09,392,4
4794,556,2025-11-30,290,6
4795,156,2025-05-20,250,2
4796,2050,2025-06-21,855,7
4797,1381,2025-05-19,509,8
4798,825,2025-05-17,288,8
4799,1593,2025-02-20,260,6
4800,2850,2025-05-11,546,7
4801,1082,2025-12-02,373,8
4802,1204,2025-10-27,781,7
4803,493,2025-07-20,170,9
4804,669,2025-08-25,308,4
4805,75,2025-12-12,559,8
4806,2992,2025-05-04,448,5
4807,371,2025-12-11,313,5
4808,587,2025-10-29,281,9
4809,329,2025-04-10,296,10
4810,590,2025-09-24,700,9
4811,1791,2025-06-22,349,3
4812,777,2025-12-13,526,11
4813,2023,2025-12-20,554,5
4814,2352,2025-04-03,167,6
4815,579,2025-06-10,246,5
4816,221,2025-10-08,279,6
4817,1188,2025-01-06,362,2
4818,1504,2025-12-11,272,4
4819,2423,2025-01-05,296,5
4820,1708,2025-02-04,469,6
4821,1746,2025-01-07,255,3
4822,188,2025-07-30,648,9
4823,1215,2025-02-20,663,4
4824,1110,2025-09-26,436,4
4825,2522,2025-02-23,794,6
4826,844,2025-12-17,313,5
4827,531,2025-08-17,713,3
4828,1071,2025-06-29,243,9
4829,963,2025-04-23,536,6
4830,2523,2025-05-26,562,14
4831,1170,2025-05-09,614,4
4832,2994,2025-04-09,603,10
4833,1406,2025-01-18,429,6
4834,517,2025-01-13,180,4
4835,1889,2025-11-14,1000,5
4836,2474,2025-02-17,462,8
4837,1492,2025-01-30,220,8
4838,1118,2025-11-01,509,3
4839,133,2025-12-03,381,3
4840,314,2025-04-22,362,5
4841,591,2025-11-03,501,5
4842,1544,2025-11-23,159,10
4843,2207,2025-03-04,429,5
4844,2709,2025-12-29,479,10
4845,1886,2025-03-03,217,7
4846,1627,2025-02-14,498,8
4847,748,2025-11-06,596,9
4848,1498,2025-03-08,459,3
4849,801,2025-07-12,358,5
4850,2458,2025-12-03,502,3
4851,1498,2025-11-28,224,5
4852,1380,2025-10-17,465,8
4853,680,2025-04-05,919,8
4854,2162,2025-02-26,140,3
4855,897,2025-12-23,381,3
4856,1547,2025-04-05,458,3
4857,1794,2025-05-10,383,7
4858,2113,2025-05-31,403,3
4859,684,2025-08-28,623,10
4860,1296,2025-12-05,171,4
4861,1686,2025-02-08,789,6
4862,1386,2025-11-24,71,4
4863,2194,2025-08-21,472,2
4864,943,2025-05-22,812,9
4865,1310,2025-08-07,504,3
4866,1034,2025-12-21,83,7
4867,2787,2025-12-08,638,11
4868,2234,2025-06-15,743,10
4869,1621,2025-05-12,937,7
4870,2883,2025-03-24,535,4
4871,809,2025-02-07,621,3
4872,171,2025-05-22,423,5
4873,2261,2025-02-01,203,5
4874,1554,2025-07-15,177,7
4875,1596,2025-07-18,577,2
4876,1624,2025-06-20,323,4
4877,27,2025-01-31,239,4
4878,1014,2025-05-13,345,5
4879,1092,2025-05-16,158,4
4880,2838,2025-04-02,1263,7
4881,408,2025-08-14,378,4
4882,1133,2025-02-05,295,6
4883,74,2025-09-09,353,7
4884,2626,2025-04-13,406,2
4885,680,2025-11-09,532,8
4886,1392,2025-07-21,347,5
4887,2834,2025-04-02,782,4
4888,849,2025-11-27,451,5
4889,870,2025-09-09,339,2
4890,237,2025-02-25,451,5
4891,2775,2025-03-15,475,2
4892,2426,2025-10-04,200,3
4893,2709,2025-08-09,227,4
4894,2878,2025-04-22,398,5
4895,906,2025-11-11,98,9
4896,2424,2025-11-26,593,6
4897,619,2025-02-24,355,6
4898,2701,2025-08-15,446,7
4899,1033,2025-05-13,700,6
4900,2244,2025-02-22,289,7
4901,2855,2025-01-18,573,13
4902,2941,2025-02-07,323,5
4903,1314,2025-02-06,609,3
4904,2985,2025-10-20,701,4
4905,847,2025-05-09,339,8
4906,2866,2025-08-17,308,5
4907,1924,2025-01-10,590,8
4908,2612,2025-09-12,310,6
4909,634,2025-03-18,149,2
4910,2727,2025-12-01,684,5
4911,1018,2025-11-24,316,10
4912,8,2025-01-01,617,5
4913,1393,2025-01-20,209,8
4914,1069,2025-12-07,538,7
4915,2392,2025-07-19,591,2
4916,1781,2025-05-17,456,4
4917,2844,2025-03-19,498,6
4918,1643,2025-12-25,294,8
4919,1217,2025-06-18,879,3
4920,849,2025-07-20,253,8
4921,1381,2025-10-22,575,7
4922,62,2025-01-02,379,5
4923,1086,2025-09-21,705,8
4924,2470,2025-12-29,266,9
4925,1818,2025-09-09,276,6
4926,633,2025-09-02,470,4
4927,792,2025-08-12,582,4
4928,2599,2025-07-26,277,4
4929,1301,2025-02-05,296,6
4930,2654,2025-10-04,143,7
4931,1455,2025-04-26,263,4
4932,1139,2025-01-02,758,10
4933,1712,2025-07-16,167,7
4934,525,2025-12-19,323,8
4935,2021,2025-09-04,365,6
4936,899,2025-03-04,287,9
4937,2211,2025-10-18,348,6
4938,787,2025-10-02,609,6
4939,2958,2025-07-03,421,4
4940,1361,2025-06-20,362,6
4941,2427,2025-12-16,556,6
4942,173,2025-06-05,418,6
4943,1000,2025-07-25,638,8
4944,1811,2025-01-29,276,8
4945,64,2025-11-20,826,8
4946,1346,2025-11-28,214,5
4947,975,2025-02-16,231,6
4948,66,2025-07-07,407,10
4949,1867,2025-10-01,109,6
4950,1623,2025-06-24,498,5
4951,458,2025-02-11,250,5
4952,1603,2025-08-24,354,10
4953,2501,2025-05-29,259,10
4954,1958,2025-11-28,86,7
4955,1741,2025-04-14,422,4
4956,1450,2025-04-01,1029,8
4957,1960,2025-10-11,338,6
4958,2226,2025-01-21,473,5
4959,1955,2025-07-16,419,9
4960,280,2025-12-05,528,9
4961,2392,2025-04-08,78,5
4962,1041,2025-06-03,488,4
4963,2344,2025-12-23,402,9
4964,2250,2025-07-19,451,9
4965,962,2025-02-24,195,7
4966,2732,2025-11-19,601,8
4967,1943,2025-12-19,248,8
4968,1218,2025-07-03,358,5
4969,375,2025-09-07,386,8
4970,1912,2025-02-13,486,4
4971,35,2025-11-20,383,8
4972,1393,2025-08-13,617,7
4973,2077,2025-04-08,252,3
4974,775,2025-03-13,907,6
4975,221,2025-01-19,890,4
4976,2101,2025-04-09,522,7
4977,2839,2025-01-13,207,6
4978,2124,2025-10-31,207,6
4979,494,2025-05-03,715,7
4980,1712,2025-09-08,242,7
4981,2165,2025-07-19,863,5
4982,280,2025-02-02,699,5
4983,746,2025-10-04,241,3
4984,2997,2025-11-26,341,2
4985,2812,2025-06-07,674,9
4986,2343,2025-09-13,464,6
4987,1475,2025-10-01,298,9
4988,1858,2025-08-19,541,7
4989,1542,2025-01-09,669,8
4990,1097,2025-01-19,147,7
4991,2890,2025-06-23,591,11
4992,1060,2025-01-29,647,3
4993,1923,2025-06-22,118,8
4994,2006,2025-01-22,366,2
4995,497,2025-07-27,345,7
4996,2254,2025-03-02,257,4
4997,2474,2025-04-19,622,5
4998,44,2025-12-01,206,10
4999,1852,2025-12-08,279,4
5000,2653,2025-09-25,702,5
