user_id,signup_date,traffic_source,device,country
1,2025-11-24,SEO,Desktop,Mongolia
2,2025-02-27,Direct,Desktop,Mongolia
3,2025-01-13,Referral,Mobile,Mongolia
4,2025-05-21,Google Ads,Desktop,Mongolia
5,2025-05-06,SEO,Mobile,Mongolia
6,2025-04-25,SEO,Desktop,Mongolia
7,2025-03-13,SEO,Desktop,Mongolia
8,2025-02-22,Referral,Mobile,Mongolia
9,2025-12-13,Google Ads,Desktop,Mongolia
10,2025-10-07,Referral,Mobile,Mongolia
11,2025-02-14,SEO,Mobile,Mongolia
12,2025-10-30,Direct,Mobile,Mongolia
13,2025-08-05,Referral,Mobile,Mongolia
14,2025-01-17,SEO,Mobile,Mongolia
15,2025-01-16,SEO,Desktop,Mongolia
16,2025-02-17,SEO,Mobile,Mongolia
17,2025-04-22,SEO,Desktop,Mongolia
18,2025-04-30,Google Ads,Mobile,Mongolia
19,2025-09-16,SEO,Mobile,Mongolia
20,2025-11-05,SEO,Desktop,Mongolia
21,2025-01-14,Google Ads,Mobile,Mongolia
22,2025-10-15,SEO,Mobile,Mongolia
23,2025-04-12,SEO,Desktop,Mongolia
24,2025-11-29,SEO,Mobile,Mongolia
25,2025-12-26,SEO,Mobile,Mongolia
26,2025-10-07,Referral,Mobile,Mongolia
27,2025-08-03,SEO,Desktop,Mongolia
28,2025-04-23,Google Ads,Desktop,Mongolia
29,2025-08-18,Google Ads,Desktop,Mongolia
30,2025-10-29,SEO,Desktop,Mongolia
31,2025-05-23,Google Ads,Mobile,Mongolia
32,2025-01-04,SEO,Mobile,Mongolia
33,2025-03-23,SEO,Desktop,Mongolia
34,2025-12-24,Direct,Mobile,Mongolia
35,2025-08-05,Direct,Mobile,Mongolia
36,2025-06-24,Referral,Mobile,Mongolia
37,2025-05-23,SEO,Mobile,Mongolia
38,2025-03-21,SEO,Tablet,Mongolia
39,2025-04-21,Google Ads,Mobile,Mongolia
40,2025-06-22,SEO,Mobile,Mongolia
41,2025-02-22,SEO,Mobile,Mongolia
42,2025-02-17,SEO,Tablet,Mongolia
43,2025-07-14,SEO,Mobile,Mongolia
44,2025-02-19,Direct,Mobile,Mongolia
45,2025-07-03,SEO,Desktop,Mongolia
46,2025-06-26,Google Ads,Desktop,Mongolia
47,2025-11-06,SEO,Mobile,Mongolia
48,2025-05-16,Google Ads,Mobile,Mongolia
49,2025-01-23,Google Ads,Mobile,Mongolia
50,2025-08-24,SEO,Mobile,Mongolia
51,2025-10-02,Direct,Mobile,Mongolia
52,2025-03-05,Referral,Mobile,Mongolia
53,2025-07-13,Direct,Mobile,Mongolia
54,2025-02-10,Referral,Mobile,Mongolia
55,2025-10-10,Google Ads,Desktop,Mongolia
56,2025-05-31,Direct,Tablet,Mongolia
57,2025-11-18,SEO,Desktop,Mongolia
58,2025-11-13,SEO,Mobile,Mongolia
59,2025-07-05,SEO,Mobile,Mongolia
60,2025-10-23,SEO,Tablet,Mongolia
61,2025-04-09,SEO,Mobile,Mongolia
62,2025-12-27,SEO,Mobile,Mongolia
63,2025-02-05,Referral,Mobile,Mongolia
64,2025-01-24,SEO,Desktop,Mongolia
65,2025-12-05,SEO,Desktop,Mongolia
66,2025-04-27,Google Ads,Mobile,Mongolia
67,2025-05-29,SEO,Mobile,Mongolia
68,2025-02-10,Referral,Tablet,Mongolia
69,2025-04-30,SEO,Mobile,Mongolia
70,2025-02-21,Direct,Desktop,Mongolia
71,2025-07-14,Referral,Desktop,Mongolia
72,2025-05-23,SEO,Desktop,Mongolia
73,2025-08-21,SEO,Mobile,Mongolia
74,2025-11-22,Referral,Mobile,Mongolia
75,2025-07-06,Referral,Mobile,Mongolia
76,2025-03-25,Referral,Desktop,Mongolia
77,2025-07-09,Referral,Desktop,Mongolia
78,2025-07-01,SEO,Mobile,Mongolia
79,2025-04-18,SEO,Mobile,Mongolia
80,2025-12-10,SEO,Desktop,Mongolia
81,2025-05-17,Referral,Desktop,Mongolia
82,2025-12-26,Google Ads,Desktop,Mongolia
83,2025-12-16,SEO,Mobile,Mongolia
84,2025-11-28,SEO,Mobile,Mongolia
85,2025-02-06,SEO,Desktop,Mongolia
86,2025-11-08,SEO,Desktop,Mongolia
87,2025-11-22,Referral,Mobile,Mongolia
88,2025-03-29,Google Ads,Mobile,Mongolia
89,2025-10-01,Referral,Mobile,Mongolia
90,2025-05-06,SEO,Mobile,Mongolia
91,2025-03-25,SEO,Mobile,Mongolia
92,2025-08-25,Referral,Tablet,Mongolia
93,2025-07-14,Referral,Mobile,Mongolia
94,2025-05-19,Google Ads,Desktop,Mongolia
95,2025-11-24,Referral,Mobile,Mongolia
96,2025-12-19,SEO,Desktop,Mongolia
97,2025-10-13,Google Ads,Tablet,Mongolia
98,2025-04-23,SEO,Mobile,Mongolia
99,2025-12-17,SEO,Mobile,Mongolia
100,2025-06-16,SEO,Mobile,Mongolia
101,2025-01-29,SEO,Mobile,Mongolia
102,2025-04-28,Google Ads,Desktop,Mongolia
103,2025-01-17,SEO,Desktop,Mongolia
104,2025-06-11,Google Ads,Mobile,Mongolia
105,2025-07-25,Direct,Mobile,Mongolia
106,2025-05-18,SEO,Mobile,Mongolia
107,2025-02-03,SEO,Desktop,Mongolia
108,2025-04-19,Referral,Mobile,Mongolia
109,2025-10-18,SEO,Mobile,Mongolia
110,2025-06-11,SEO,Desktop,Mongolia
111,2025-04-19,SEO,Desktop,Mongolia
112,2025-12-02,SEO,Mobile,Mongolia
113,2025-09-13,Direct,Desktop,Mongolia
114,2025-07-22,Referral,Mobile,Mongolia
115,2025-11-26,Google Ads,Mobile,Mongolia
116,2025-08-23,Referral,Desktop,Mongolia
117,2025-03-15,Referral,Desktop,Mongolia
118,2025-05-16,SEO,Mobile,Mongolia
119,2025-03-13,Referral,Mobile,Mongolia
120,2025-05-07,Google Ads,Mobile,Mongolia
121,2025-10-15,Referral,Mobile,Mongolia
122,2025-10-03,Referral,Mobile,Mongolia
123,2025-05-15,SEO,Mobile,Mongolia
124,2025-10-27,SEO,Mobile,Mongolia
125,2025-08-08,SEO,Desktop,Mongolia
126,2025-10-26,SEO,Desktop,Mongolia
127,2025-07-24,Referral,Desktop,Mongolia
128,2025-07-05,Referral,Mobile,Mongolia
129,2025-04-23,SEO,Tablet,Mongolia
130,2025-03-12,Google Ads,Desktop,Mongolia
131,2025-09-18,SEO,Desktop,Mongolia
132,2025-09-10,SEO,Desktop,Mongolia
133,2025-02-16,SEO,Desktop,Mongolia
134,2025-01-25,SEO,Mobile,Mongolia
135,2025-02-26,Direct,Mobile,Mongolia
136,2025-03-20,SEO,Desktop,Mongolia
137,2025-11-18,Google Ads,Desktop,Mongolia
138,2025-03-23,Referral,Desktop,Mongolia
139,2025-12-15,SEO,Mobile,Mongolia
140,2025-08-05,Direct,Mobile,Mongolia
141,2025-11-02,Direct,Mobile,Mongolia
142,2025-02-02,SEO,Desktop,Mongolia
143,2025-07-17,SEO,Mobile,Mongolia
144,2025-07-15,SEO,Mobile,Mongolia
145,2025-11-02,SEO,Mobile,Mongolia
146,2025-08-28,SEO,Mobile,Mongolia
147,2025-09-28,Google Ads,Desktop,Mongolia
148,2025-05-09,Google Ads,Desktop,Mongolia
149,2025-10-11,SEO,Desktop,Mongolia
150,2025-01-06,SEO,Mobile,Mongolia
151,2025-12-15,Direct,Desktop,Mongolia
152,2025-02-28,SEO,Mobile,Mongolia
153,2025-12-16,SEO,Desktop,Mongolia
154,2025-10-02,SEO,Mobile,Mongolia
155,2025-05-17,Direct,Mobile,Mongolia
156,2025-11-25,SEO,Desktop,Mongolia
157,2025-06-24,Google Ads,Desktop,Mongolia
158,2025-02-27,Referral,Mobile,Mongolia
159,2025-05-31,SEO,Desktop,Mongolia
160,2025-08-11,Referral,Mobile,Mongolia
161,2025-03-22,SEO,Mobile,Mongolia
162,2025-08-21,Google Ads,Mobile,Mongolia
163,2025-01-02,Google Ads,Mobile,Mongolia
164,2025-05-15,Google Ads,Mobile,Mongolia
165,2025-09-14,SEO,Mobile,Mongolia
166,2025-04-02,Referral,Mobile,Mongolia
167,2025-09-17,SEO,Desktop,Mongolia
168,2025-02-24,SEO,Mobile,Mongolia
169,2025-11-17,SEO,Desktop,Mongolia
170,2025-06-02,Google Ads,Mobile,Mongolia
171,2025-11-24,Google Ads,Desktop,Mongolia
172,2025-09-17,SEO,Mobile,Mongolia
173,2025-11-08,Google Ads,Mobile,Mongolia
174,2025-04-12,SEO,Mobile,Mongolia
175,2025-03-20,Google Ads,Mobile,Mongolia
176,2025-07-11,SEO,Mobile,Mongolia
177,2025-03-24,Google Ads,Desktop,Mongolia
178,2025-10-04,SEO,Desktop,Mongolia
179,2025-09-29,Direct,Desktop,Mongolia
180,2025-01-01,SEO,Desktop,Mongolia
181,2025-11-03,SEO,Mobile,Mongolia
182,2025-06-15,SEO,Mobile,Mongolia
183,2025-09-08,Direct,Mobile,Mongolia
184,2025-01-10,Referral,Mobile,Mongolia
185,2025-02-27,SEO,Mobile,Mongolia
186,2025-07-05,Google Ads,Mobile,Mongolia
187,2025-06-07,Referral,Mobile,Mongolia
188,2025-05-03,Google Ads,Mobile,Mongolia
189,2025-01-30,Google Ads,Desktop,Mongolia
190,2025-05-04,SEO,Desktop,Mongolia
191,2025-10-18,SEO,Mobile,Mongolia
192,2025-02-10,Referral,Desktop,Mongolia
193,2025-02-13,Direct,Tablet,Mongolia
194,2025-09-06,Google Ads,Mobile,Mongolia
195,2025-02-05,SEO,Mobile,Mongolia
196,2025-09-30,SEO,Mobile,Mongolia
197,2025-03-06,Referral,Desktop,Mongolia
198,2025-03-07,Referral,Desktop,Mongolia
199,2025-12-04,Referral,Mobile,Mongolia
200,2025-09-01,Referral,Mobile,Mongolia
201,2025-10-09,Google Ads,Mobile,Mongolia
202,2025-03-26,SEO,Mobile,Mongolia
203,2025-05-16,SEO,Mobile,Mongolia
204,2025-09-28,Referral,Desktop,Mongolia
205,2025-11-07,Google Ads,Desktop,Mongolia
206,2025-08-05,SEO,Desktop,Mongolia
207,2025-04-19,SEO,Desktop,Mongolia
208,2025-10-04,Google Ads,Desktop,Mongolia
209,2025-12-20,SEO,Mobile,Mongolia
210,2025-04-13,SEO,Desktop,Mongolia
211,2026-01-01,Google Ads,Mobile,Mongolia
212,2025-06-09,Google Ads,Desktop,Mongolia
213,2025-07-24,Google Ads,Mobile,Mongolia
214,2025-12-10,SEO,Desktop,Mongolia
215,2025-11-29,Referral,Mobile,Mongolia
216,2025-07-11,SEO,Mobile,Mongolia
217,2025-08-13,SEO,Mobile,Mongolia
218,2025-09-22,Referral,Mobile,Mongolia
219,2025-08-20,Google Ads,Desktop,Mongolia
220,2025-03-03,Referral,Desktop,Mongolia
221,2025-05-07,Google Ads,Mobile,Mongolia
222,2025-04-26,Google Ads,Mobile,Mongolia
223,2025-02-02,SEO,Mobile,Mongolia
224,2025-06-23,SEO,Mobile,Mongolia
225,2025-01-11,SEO,Mobile,Mongolia
226,2025-10-29,SEO,Desktop,Mongolia
227,2025-10-11,Direct,Mobile,Mongolia
228,2025-04-28,SEO,Mobile,Mongolia
229,2025-10-29,Referral,Mobile,Mongolia
230,2025-04-23,Google Ads,Mobile,Mongolia
231,2025-01-04,Referral,Mobile,Mongolia
232,2025-02-06,Google Ads,Desktop,Mongolia
233,2025-12-29,Google Ads,Mobile,Mongolia
234,2025-11-20,SEO,Mobile,Mongolia
235,2025-01-31,SEO,Mobile,Mongolia
236,2025-04-28,Referral,Mobile,Mongolia
237,2025-02-04,SEO,Mobile,Mongolia
238,2025-01-17,SEO,Tablet,Mongolia
239,2025-06-19,Google Ads,Desktop,Mongolia
240,2025-02-06,SEO,Mobile,Mongolia
241,2025-09-21,Direct,Mobile,Mongolia
242,2025-05-02,Direct,Mobile,Mongolia
243,2025-05-23,Direct,Mobile,Mongolia
244,2025-12-09,SEO,Desktop,Mongolia
245,2025-09-06,SEO,Desktop,Mongolia
246,2025-04-20,Direct,Mobile,Mongolia
247,2025-10-04,SEO,Mobile,Mongolia
248,2025-03-09,Direct,Mobile,Mongolia
249,2025-10-20,Direct,Desktop,Mongolia
250,2025-10-23,Referral,Desktop,Mongolia
251,2025-08-31,SEO,Mobile,Mongolia
252,2025-05-05,SEO,Mobile,Mongolia
253,2025-08-31,Referral,Desktop,Mongolia
254,2025-07-28,SEO,Mobile,Mongolia
255,2025-04-08,SEO,Mobile,Mongolia
256,2025-02-18,Google Ads,Mobile,Mongolia
257,2025-02-19,Direct,Desktop,Mongolia
258,2025-12-04,Google Ads,Mobile,Mongolia
259,2025-08-09,Google Ads,Mobile,Mongolia
260,2025-07-01,SEO,Desktop,Mongolia
261,2025-08-05,Google Ads,Mobile,Mongolia
262,2025-07-30,Direct,Mobile,Mongolia
263,2025-08-28,SEO,Mobile,Mongolia
264,2025-01-28,Google Ads,Mobile,Mongolia
265,2025-12-11,Referral,Desktop,Mongolia
266,2025-12-01,Referral,Mobile,Mongolia
267,2025-11-27,Google Ads,Mobile,Mongolia
268,2025-02-20,Referral,Mobile,Mongolia
269,2025-02-01,SEO,Desktop,Mongolia
270,2025-07-26,SEO,Desktop,Mongolia
271,2025-06-23,Referral,Mobile,Mongolia
272,2025-02-25,Referral,Mobile,Mongolia
273,2025-05-08,Referral,Desktop,Mongolia
274,2025-04-09,Direct,Mobile,Mongolia
275,2025-04-08,Google Ads,Desktop,Mongolia
276,2025-10-02,Google Ads,Desktop,Mongolia
277,2025-08-18,Referral,Desktop,Mongolia
278,2025-03-13,Google Ads,Mobile,Mongolia
279,2025-08-05,Referral,Mobile,Mongolia
280,2025-04-04,Referral,Desktop,Mongolia
281,2025-05-23,Referral,Mobile,Mongolia
282,2025-08-25,SEO,Mobile,Mongolia
283,2025-05-08,SEO,Desktop,Mongolia
284,2025-02-08,SEO,Desktop,Mongolia
285,2025-08-15,Google Ads,Mobile,Mongolia
286,2025-10-09,SEO,Mobile,Mongolia
287,2025-02-20,SEO,Mobile,Mongolia
288,2025-01-26,Google Ads,Desktop,Mongolia
289,2025-11-30,SEO,Desktop,Mongolia
290,2025-10-04,Google Ads,Mobile,Mongolia
291,2025-01-08,SEO,Mobile,Mongolia
292,2025-02-17,SEO,Desktop,Mongolia
293,2025-05-02,Referral,Mobile,Mongolia
294,2025-03-27,SEO,Mobile,Mongolia
295,2025-07-28,SEO,Tablet,Mongolia
296,2025-09-06,Google Ads,Mobile,Mongolia
297,2025-09-04,Referral,Desktop,Mongolia
298,2025-04-20,SEO,Mobile,Mongolia
299,2025-07-25,Google Ads,Mobile,Mongolia
300,2025-01-31,SEO,Desktop,Mongolia
301,2025-03-26,SEO,Mobile,Mongolia
302,2025-07-14,Google Ads,Tablet,Mongolia
303,2025-01-02,Google Ads,Mobile,Mongolia
304,2025-07-19,Google Ads,Mobile,Mongolia
305,2025-05-16,Referral,Mobile,Mongolia
306,2025-08-21,Direct,Mobile,Mongolia
307,2025-05-27,Google Ads,Mobile,Mongolia
308,2025-08-05,SEO,Mobile,Mongolia
309,2025-12-23,Referral,Mobile,Mongolia
310,2025-10-12,SEO,Mobile,Mongolia
311,2025-12-05,SEO,Desktop,Mongolia
312,2025-09-07,SEO,Desktop,Mongolia
313,2025-03-21,SEO,Desktop,Mongolia
314,2025-04-08,Direct,Mobile,Mongolia
315,2025-06-01,Referral,Mobile,Mongolia
316,2025-04-22,Google Ads,Desktop,Mongolia
317,2025-01-30,SEO,Mobile,Mongolia
318,2025-10-24,SEO,Mobile,Mongolia
319,2025-10-05,SEO,Desktop,Mongolia
320,2025-02-01,SEO,Desktop,Mongolia
321,2025-06-10,Google Ads,Mobile,Mongolia
322,2025-01-30,Referral,Mobile,Mongolia
323,2025-01-26,Google Ads,Desktop,Mongolia
324,2025-10-27,SEO,Mobile,Mongolia
325,2025-09-02,Direct,Desktop,Mongolia
326,2025-09-15,Referral,Desktop,Mongolia
327,2025-09-29,Google Ads,Desktop,Mongolia
328,2025-03-22,Google Ads,Mobile,Mongolia
329,2025-01-30,SEO,Mobile,Mongolia
330,2025-09-18,SEO,Desktop,Mongolia
331,2025-02-11,SEO,Desktop,Mongolia
332,2025-04-06,Referral,Desktop,Mongolia
333,2025-02-05,SEO,Mobile,Mongolia
334,2025-11-01,SEO,Mobile,Mongolia
335,2025-02-04,SEO,Desktop,Mongolia
336,2025-12-12,SEO,Desktop,Mongolia
337,2025-05-01,Referral,Desktop,Mongolia
338,2025-07-26,Referral,Desktop,Mongolia
339,2025-03-03,SEO,Mobile,Mongolia
340,2025-10-19,SEO,Desktop,Mongolia
341,2025-05-07,SEO,Desktop,Mongolia
342,2025-10-24,SEO,Mobile,Mongolia
343,2025-11-01,SEO,Desktop,Mongolia
344,2025-01-21,SEO,Mobile,Mongolia
345,2025-11-14,SEO,Mobile,Mongolia
346,2025-02-11,Google Ads,Desktop,Mongolia
347,2025-08-03,Google Ads,Mobile,Mongolia
348,2025-12-03,SEO,Mobile,Mongolia
349,2025-10-26,SEO,Mobile,Mongolia
350,2025-10-17,Google Ads,Mobile,Mongolia
351,2025-09-25,Google Ads,Mobile,Mongolia
352,2025-06-11,Referral,Mobile,Mongolia
353,2025-05-14,Google Ads,Desktop,Mongolia
354,2025-04-15,SEO,Mobile,Mongolia
355,2025-12-09,SEO,Mobile,Mongolia
356,2025-06-10,Google Ads,Mobile,Mongolia
357,2025-05-03,SEO,Desktop,Mongolia
358,2025-05-16,Google Ads,Mobile,Mongolia
359,2025-07-22,Direct,Desktop,Mongolia
360,2025-03-09,Google Ads,Desktop,Mongolia
361,2025-12-10,SEO,Desktop,Mongolia
362,2025-11-27,Google Ads,Mobile,Mongolia
363,2025-06-03,SEO,Desktop,Mongolia
364,2025-08-23,Google Ads,Mobile,Mongolia
365,2025-06-11,Direct,Desktop,Mongolia
366,2025-02-07,SEO,Desktop,Mongolia
367,2025-01-05,Direct,Mobile,Mongolia
368,2025-08-23,Direct,Mobile,Mongolia
369,2025-11-15,SEO,Mobile,Mongolia
370,2025-10-16,SEO,Desktop,Mongolia
371,2025-02-21,SEO,Mobile,Mongolia
372,2025-02-07,SEO,Mobile,Mongolia
373,2025-10-03,SEO,Mobile,Mongolia
374,2025-04-20,Google Ads,Desktop,Mongolia
375,2025-09-17,SEO,Desktop,Mongolia
376,2025-05-16,SEO,Desktop,Mongolia
377,2025-03-09,Referral,Desktop,Mongolia
378,2025-06-28,SEO,Mobile,Mongolia
379,2025-02-05,Referral,Mobile,Mongolia
380,2025-05-06,SEO,Desktop,Mongolia
381,2025-07-09,SEO,Mobile,Mongolia
382,2025-05-26,Google Ads,Mobile,Mongolia
383,2025-03-22,Google Ads,Mobile,Mongolia
384,2025-08-13,Referral,Mobile,Mongolia
385,2025-10-06,Referral,Mobile,Mongolia
386,2025-12-27,Referral,Desktop,Mongolia
387,2025-06-04,SEO,Mobile,Mongolia
388,2025-11-10,SEO,Mobile,Mongolia
389,2025-12-01,Referral,Mobile,Mongolia
390,2025-09-28,Referral,Desktop,Mongolia
391,2025-01-05,Direct,Mobile,Mongolia
392,2025-12-08,SEO,Desktop,Mongolia
393,2025-10-11,SEO,Desktop,Mongolia
394,2025-06-03,Referral,Mobile,Mongolia
395,2025-12-06,SEO,Desktop,Mongolia
396,2025-02-23,Direct,Tablet,Mongolia
397,2025-03-10,Referral,Desktop,Mongolia
398,2025-05-16,SEO,Desktop,Mongolia
399,2025-03-01,Referral,Mobile,Mongolia
400,2025-02-24,Referral,Mobile,Mongolia
401,2025-10-11,SEO,Mobile,Mongolia
402,2025-03-21,Direct,Mobile,Mongolia
403,2025-05-20,Google Ads,Tablet,Mongolia
404,2025-05-25,Referral,Mobile,Mongolia
405,2025-11-06,SEO,Desktop,Mongolia
406,2025-04-18,Referral,Desktop,Mongolia
407,2025-06-25,SEO,Desktop,Mongolia
408,2025-04-15,SEO,Tablet,Mongolia
409,2025-12-18,Direct,Mobile,Mongolia
410,2025-11-21,SEO,Mobile,Mongolia
411,2025-05-16,SEO,Mobile,Mongolia
412,2025-09-16,Direct,Mobile,Mongolia
413,2025-09-08,Direct,Mobile,Mongolia
414,2025-05-09,Google Ads,Mobile,Mongolia
415,2025-01-27,Google Ads,Desktop,Mongolia
416,2025-02-17,SEO,Mobile,Mongolia
417,2025-11-21,SEO,Mobile,Mongolia
418,2025-08-05,SEO,Desktop,Mongolia
419,2025-05-22,Google Ads,Mobile,Mongolia
420,2025-01-23,Referral,Mobile,Mongolia
421,2025-01-02,Referral,Desktop,Mongolia
422,2025-06-20,Referral,Desktop,Mongolia
423,2025-03-08,SEO,Desktop,Mongolia
424,2025-11-23,SEO,Mobile,Mongolia
425,2025-05-15,SEO,Desktop,Mongolia
426,2025-03-24,Google Ads,Desktop,Mongolia
427,2025-08-15,SEO,Mobile,Mongolia
428,2025-10-10,Referral,Desktop,Mongolia
429,2025-12-28,SEO,Desktop,Mongolia
430,2025-08-07,SEO,Mobile,Mongolia
431,2025-10-15,SEO,Mobile,Mongolia
432,2025-01-05,Referral,Tablet,Mongolia
433,2025-02-27,Google Ads,Desktop,Mongolia
434,2025-02-08,SEO,Mobile,Mongolia
435,2025-12-20,SEO,Desktop,Mongolia
436,2025-03-18,Referral,Mobile,Mongolia
437,2025-10-07,SEO,Mobile,Mongolia
438,2025-01-19,Referral,Mobile,Mongolia
439,2025-07-09,Referral,Desktop,Mongolia
440,2025-10-26,SEO,Desktop,Mongolia
441,2025-10-10,SEO,Mobile,Mongolia
442,2025-03-17,Direct,Mobile,Mongolia
443,2025-08-09,SEO,Mobile,Mongolia
444,2025-03-07,SEO,Tablet,Mongolia
445,2025-01-22,Referral,Tablet,Mongolia
446,2025-06-07,Direct,Desktop,Mongolia
447,2025-07-06,Direct,Desktop,Mongolia
448,2025-01-21,Referral,Desktop,Mongolia
449,2025-07-03,SEO,Mobile,Mongolia
450,2025-04-18,SEO,Mobile,Mongolia
451,2025-12-16,Referral,Mobile,Mongolia
452,2025-05-08,Google Ads,Desktop,Mongolia
453,2025-12-08,SEO,Desktop,Mongolia
454,2025-02-22,Direct,Mobile,Mongolia
455,2025-07-01,SEO,Desktop,Mongolia
456,2025-10-14,SEO,Mobile,Mongolia
457,2025-07-28,SEO,Mobile,Mongolia
458,2025-11-14,SEO,Desktop,Mongolia
459,2025-03-21,SEO,Desktop,Mongolia
460,2025-05-02,SEO,Desktop,Mongolia
461,2025-03-25,SEO,Mobile,Mongolia
462,2025-04-01,Google Ads,Mobile,Mongolia
463,2025-07-31,Referral,Desktop,Mongolia
464,2025-01-13,Google Ads,Mobile,Mongolia
465,2025-04-02,Direct,Mobile,Mongolia
466,2025-06-20,SEO,Desktop,Mongolia
467,2025-07-30,SEO,Mobile,Mongolia
468,2025-12-09,Referral,Desktop,Mongolia
469,2025-05-08,SEO,Desktop,Mongolia
470,2025-05-17,Direct,Mobile,Mongolia
471,2025-03-23,SEO,Mobile,Mongolia
472,2025-12-26,Direct,Desktop,Mongolia
473,2025-02-25,SEO,Desktop,Mongolia
474,2025-07-15,Referral,Desktop,Mongolia
475,2025-01-20,Google Ads,Desktop,Mongolia
476,2025-08-29,Direct,Desktop,Mongolia
477,2025-04-24,SEO,Tablet,Mongolia
478,2025-04-13,Google Ads,Mobile,Mongolia
479,2025-08-24,Direct,Mobile,Mongolia
480,2025-06-29,Google Ads,Mobile,Mongolia
481,2025-06-06,Google Ads,Mobile,Mongolia
482,2025-04-27,Google Ads,Mobile,Mongolia
483,2025-04-25,SEO,Mobile,Mongolia
484,2025-01-13,Google Ads,Desktop,Mongolia
485,2025-12-04,Google Ads,Mobile,Mongolia
486,2025-04-09,Direct,Mobile,Mongolia
487,2025-07-24,SEO,Mobile,Mongolia
488,2025-06-18,SEO,Mobile,Mongolia
489,2025-05-23,Direct,Mobile,Mongolia
490,2025-02-05,Referral,Mobile,Mongolia
491,2025-05-23,SEO,Mobile,Mongolia
492,2025-06-29,Google Ads,Desktop,Mongolia
493,2025-11-25,SEO,Desktop,Mongolia
494,2025-09-18,SEO,Desktop,Mongolia
495,2025-07-24,SEO,Desktop,Mongolia
496,2025-12-14,SEO,Mobile,Mongolia
497,2025-10-02,Google Ads,Desktop,Mongolia
498,2025-06-19,SEO,Desktop,Mongolia
499,2025-01-15,Direct,Mobile,Mongolia
500,2025-03-01,Direct,Desktop,Mongolia
501,2025-05-14,Google Ads,Mobile,Mongolia
502,2025-04-02,Google Ads,Desktop,Mongolia
503,2025-10-25,SEO,Tablet,Mongolia
504,2025-05-16,Referral,Mobile,Mongolia
505,2025-01-20,Google Ads,Desktop,Mongolia
506,2025-02-25,SEO,Desktop,Mongolia
507,2025-11-02,Direct,Tablet,Mongolia
508,2025-08-11,Referral,Mobile,Mongolia
509,2025-06-26,Direct,Desktop,Mongolia
510,2025-06-10,Referral,Mobile,Mongolia
511,2025-08-12,Google Ads,Mobile,Mongolia
512,2025-11-07,SEO,Mobile,Mongolia
513,2025-09-19,Direct,Tablet,Mongolia
514,2025-03-01,Referral,Desktop,Mongolia
515,2025-07-17,SEO,Desktop,Mongolia
516,2025-10-23,SEO,Desktop,Mongolia
517,2025-04-08,SEO,Mobile,Mongolia
518,2025-05-11,Referral,Mobile,Mongolia
519,2025-01-23,Direct,Mobile,Mongolia
520,2025-12-29,SEO,Mobile,Mongolia
521,2025-08-12,Google Ads,Mobile,Mongolia
522,2025-01-01,SEO,Mobile,Mongolia
523,2025-09-24,Direct,Mobile,Mongolia
524,2025-10-03,Referral,Mobile,Mongolia
525,2025-12-18,Referral,Mobile,Mongolia
526,2025-12-10,SEO,Mobile,Mongolia
527,2025-04-11,SEO,Tablet,Mongolia
528,2025-07-06,SEO,Desktop,Mongolia
529,2025-08-09,SEO,Tablet,Mongolia
530,2025-02-05,Referral,Mobile,Mongolia
531,2025-12-07,Referral,Mobile,Mongolia
532,2025-06-19,Direct,Desktop,Mongolia
533,2025-11-16,Direct,Mobile,Mongolia
534,2025-06-10,Google Ads,Mobile,Mongolia
535,2025-12-06,Referral,Mobile,Mongolia
536,2025-03-05,Direct,Mobile,Mongolia
537,2025-06-03,Referral,Mobile,Mongolia
538,2025-09-17,SEO,Mobile,Mongolia
539,2025-06-08,SEO,Desktop,Mongolia
540,2025-12-08,SEO,Mobile,Mongolia
541,2025-07-29,Direct,Mobile,Mongolia
542,2025-06-17,Google Ads,Desktop,Mongolia
543,2025-07-26,SEO,Mobile,Mongolia
544,2025-12-23,Google Ads,Mobile,Mongolia
545,2025-06-01,Google Ads,Desktop,Mongolia
546,2025-10-11,SEO,Mobile,Mongolia
547,2025-03-07,SEO,Mobile,Mongolia
548,2025-04-09,Google Ads,Mobile,Mongolia
549,2025-08-04,Google Ads,Mobile,Mongolia
550,2025-12-07,Referral,Mobile,Mongolia
551,2025-07-14,Google Ads,Desktop,Mongolia
552,2025-12-13,Referral,Mobile,Mongolia
553,2025-03-31,Google Ads,Mobile,Mongolia
554,2025-11-12,Google Ads,Mobile,Mongolia
555,2025-10-19,Referral,Mobile,Mongolia
556,2025-06-04,SEO,Desktop,Mongolia
557,2025-07-27,SEO,Mobile,Mongolia
558,2025-10-08,SEO,Mobile,Mongolia
559,2025-01-01,Referral,Mobile,Mongolia
560,2025-06-05,Google Ads,Mobile,Mongolia
561,2025-05-27,Referral,Mobile,Mongolia
562,2025-04-18,SEO,Desktop,Mongolia
563,2025-08-09,SEO,Mobile,Mongolia
564,2025-10-24,SEO,Mobile,Mongolia
565,2025-11-07,SEO,Mobile,Mongolia
566,2025-12-02,Google Ads,Desktop,Mongolia
567,2025-06-14,SEO,Mobile,Mongolia
568,2025-08-27,SEO,Desktop,Mongolia
569,2025-08-15,Direct,Desktop,Mongolia
570,2025-08-15,SEO,Desktop,Mongolia
571,2025-12-12,Google Ads,Mobile,Mongolia
572,2025-04-20,Referral,Mobile,Mongolia
573,2025-09-19,SEO,Desktop,Mongolia
574,2025-08-31,Google Ads,Tablet,Mongolia
575,2025-03-28,Referral,Desktop,Mongolia
576,2025-12-04,Direct,Mobile,Mongolia
577,2025-02-13,SEO,Mobile,Mongolia
578,2025-05-26,Direct,Mobile,Mongolia
579,2025-09-21,SEO,Desktop,Mongolia
580,2025-12-06,SEO,Mobile,Mongolia
581,2025-11-21,SEO,Mobile,Mongolia
582,2025-11-14,Direct,Desktop,Mongolia
583,2025-06-21,SEO,Mobile,Mongolia
584,2025-02-17,SEO,Desktop,Mongolia
585,2025-05-01,Google Ads,Mobile,Mongolia
586,2025-12-11,SEO,Mobile,Mongolia
587,2025-06-08,SEO,Mobile,Mongolia
588,2025-04-26,SEO,Desktop,Mongolia
589,2025-04-12,SEO,Mobile,Mongolia
590,2025-03-17,SEO,Mobile,Mongolia
591,2025-01-13,SEO,Tablet,Mongolia
592,2025-01-24,Google Ads,Mobile,Mongolia
593,2025-05-06,SEO,Mobile,Mongolia
594,2025-09-01,SEO,Mobile,Mongolia
595,2025-11-09,Referral,Mobile,Mongolia
596,2025-02-07,SEO,Desktop,Mongolia
597,2025-08-22,Google Ads,Mobile,Mongolia
598,2025-08-01,SEO,Mobile,Mongolia
599,2025-11-19,SEO,Mobile,Mongolia
600,2025-10-22,SEO,Desktop,Mongolia
601,2025-04-10,SEO,Mobile,Mongolia
602,2025-12-23,SEO,Mobile,Mongolia
603,2025-07-16,SEO,Mobile,Mongolia
604,2025-09-11,SEO,Mobile,Mongolia
605,2025-07-24,SEO,Mobile,Mongolia
606,2025-05-05,SEO,Mobile,Mongolia
607,2025-03-17,SEO,Desktop,Mongolia
608,2025-12-02,SEO,Mobile,Mongolia
609,2025-12-19,Google Ads,Desktop,Mongolia
610,2025-01-03,Google Ads,Tablet,Mongolia
611,2025-02-24,SEO,Mobile,Mongolia
612,2025-08-06,Referral,Mobile,Mongolia
613,2025-04-23,Google Ads,Mobile,Mongolia
614,2025-04-01,SEO,Desktop,Mongolia
615,2025-12-23,Referral,Mobile,Mongolia
616,2025-09-23,Direct,Mobile,Mongolia
617,2025-08-26,SEO,Mobile,Mongolia
618,2025-01-26,SEO,Desktop,Mongolia
619,2025-10-13,Referral,Desktop,Mongolia
620,2025-05-08,Referral,Mobile,Mongolia
621,2025-03-04,SEO,Desktop,Mongolia
622,2025-08-22,SEO,Mobile,Mongolia
623,2025-03-10,SEO,Mobile,Mongolia
624,2025-08-26,SEO,Desktop,Mongolia
625,2025-12-08,Google Ads,Mobile,Mongolia
626,2025-09-29,SEO,Mobile,Mongolia
627,2025-10-14,SEO,Mobile,Mongolia
628,2025-11-01,Referral,Desktop,Mongolia
629,2025-06-12,SEO,Desktop,Mongolia
630,2025-08-15,SEO,Desktop,Mongolia
631,2025-11-10,Referral,Desktop,Mongolia
632,2025-09-16,Referral,Mobile,Mongolia
633,2025-08-07,Google Ads,Mobile,Mongolia
634,2025-10-08,Google Ads,Mobile,Mongolia
635,2025-08-17,SEO,Mobile,Mongolia
636,2025-03-23,SEO,Mobile,Mongolia
637,2025-09-01,Google Ads,Desktop,Mongolia
638,2025-08-19,SEO,Mobile,Mongolia
639,2025-05-13,SEO,Mobile,Mongolia
640,2025-05-07,SEO,Mobile,Mongolia
641,2025-11-23,SEO,Mobile,Mongolia
642,2025-05-22,SEO,Desktop,Mongolia
643,2025-09-24,SEO,Mobile,Mongolia
644,2025-09-06,SEO,Mobile,Mongolia
645,2025-11-17,SEO,Desktop,Mongolia
646,2025-05-03,Referral,Mobile,Mongolia
647,2025-05-21,Google Ads,Mobile,Mongolia
648,2025-08-14,Google Ads,Mobile,Mongolia
649,2025-02-09,Referral,Mobile,Mongolia
650,2026-01-01,SEO,Tablet,Mongolia
651,2025-05-27,SEO,Desktop,Mongolia
652,2025-05-01,Google Ads,Mobile,Mongolia
653,2025-05-20,Google Ads,Desktop,Mongolia
654,2025-06-21,Referral,Mobile,Mongolia
655,2025-06-13,SEO,Mobile,Mongolia
656,2025-10-04,SEO,Mobile,Mongolia
657,2025-02-11,SEO,Mobile,Mongolia
658,2025-03-12,SEO,Mobile,Mongolia
659,2025-03-19,Google Ads,Desktop,Mongolia
660,2025-04-29,Google Ads,Desktop,Mongolia
661,2025-07-16,SEO,Mobile,Mongolia
662,2025-12-22,Direct,Mobile,Mongolia
663,2025-03-20,Google Ads,Mobile,Mongolia
664,2025-12-28,SEO,Mobile,Mongolia
665,2025-04-20,SEO,Mobile,Mongolia
666,2025-02-02,SEO,Mobile,Mongolia
667,2025-08-01,SEO,Desktop,Mongolia
668,2025-07-28,SEO,Mobile,Mongolia
669,2025-06-19,SEO,Mobile,Mongolia
670,2025-10-05,SEO,Mobile,Mongolia
671,2025-08-27,SEO,Mobile,Mongolia
672,2025-08-01,Referral,Mobile,Mongolia
673,2025-02-01,SEO,Desktop,Mongolia
674,2025-04-16,Google Ads,Mobile,Mongolia
675,2025-08-04,SEO,Desktop,Mongolia
676,2025-07-19,Direct,Mobile,Mongolia
677,2025-10-27,SEO,Mobile,Mongolia
678,2025-12-23,SEO,Mobile,Mongolia
679,2025-01-11,Direct,Desktop,Mongolia
680,2025-10-22,Referral,Mobile,Mongolia
681,2025-07-14,Referral,Desktop,Mongolia
682,2025-09-02,SEO,Mobile,Mongolia
683,2025-01-04,SEO,Desktop,Mongolia
684,2025-06-30,Google Ads,Mobile,Mongolia
685,2025-06-02,Direct,Desktop,Mongolia
686,2025-07-19,Google Ads,Mobile,Mongolia
687,2025-08-03,Google Ads,Desktop,Mongolia
688,2025-10-03,SEO,Mobile,Mongolia
689,2025-10-07,Referral,Mobile,Mongolia
690,2025-11-05,SEO,Mobile,Mongolia
691,2025-04-23,SEO,Desktop,Mongolia
692,2025-09-07,SEO,Mobile,Mongolia
693,2025-04-23,Google Ads,Desktop,Mongolia
694,2025-05-20,SEO,Mobile,Mongolia
695,2025-08-12,SEO,Mobile,Mongolia
696,2025-09-06,Google Ads,Mobile,Mongolia
697,2025-01-15,SEO,Tablet,Mongolia
698,2025-07-19,Google Ads,Desktop,Mongolia
699,2025-06-22,SEO,Desktop,Mongolia
700,2025-12-09,SEO,Mobile,Mongolia
701,2025-12-14,Google Ads,Desktop,Mongolia
702,2025-07-27,SEO,Desktop,Mongolia
703,2025-03-26,SEO,Mobile,Mongolia
704,2025-08-28,SEO,Desktop,Mongolia
705,2025-03-07,SEO,Desktop,Mongolia
706,2025-11-15,Direct,Desktop,Mongolia
707,2025-10-01,SEO,Desktop,Mongolia
708,2025-01-14,Referral,Mobile,Mongolia
709,2025-07-21,SEO,Mobile,Mongolia
710,2025-10-31,Google Ads,Tablet,Mongolia
711,2025-10-16,Referral,Mobile,Mongolia
712,2025-12-06,Google Ads,Desktop,Mongolia
713,2025-01-14,SEO,Desktop,Mongolia
714,2025-02-12,SEO,Desktop,Mongolia
715,2025-11-26,SEO,Tablet,Mongolia
716,2025-08-08,Direct,Mobile,Mongolia
717,2025-03-11,Referral,Mobile,Mongolia
718,2025-08-25,Direct,Mobile,Mongolia
719,2025-04-04,SEO,Mobile,Mongolia
720,2025-01-26,Referral,Mobile,Mongolia
721,2025-05-14,Direct,Mobile,Mongolia
722,2025-07-14,SEO,Desktop,Mongolia
723,2025-06-17,SEO,Desktop,Mongolia
724,2025-04-19,Referral,Mobile,Mongolia
725,2025-08-21,Google Ads,Mobile,Mongolia
726,2025-06-17,Referral,Desktop,Mongolia
727,2025-06-22,SEO,Mobile,Mongolia
728,2025-07-14,Referral,Mobile,Mongolia
729,2025-05-23,SEO,Mobile,Mongolia
730,2025-08-04,SEO,Mobile,Mongolia
731,2025-05-10,SEO,Mobile,Mongolia
732,2025-02-11,Referral,Tablet,Mongolia
733,2025-08-29,Google Ads,Mobile,Mongolia
734,2025-01-10,Google Ads,Mobile,Mongolia
735,2025-10-04,SEO,Mobile,Mongolia
736,2025-01-27,Referral,Mobile,Mongolia
737,2025-06-29,SEO,Desktop,Mongolia
738,2025-04-25,Referral,Desktop,Mongolia
739,2025-11-29,SEO,Desktop,Mongolia
740,2025-02-05,SEO,Mobile,Mongolia
741,2025-11-30,SEO,Desktop,Mongolia
742,2025-01-21,SEO,Desktop,Mongolia
743,2025-01-16,Referral,Desktop,Mongolia
744,2025-05-07,Google Ads,Mobile,Mongolia
745,2025-04-13,SEO,Mobile,Mongolia
746,2025-01-11,Referral,Mobile,Mongolia
747,2025-11-15,SEO,Desktop,Mongolia
748,2025-03-20,Google Ads,Mobile,Mongolia
749,2025-05-03,Direct,Mobile,Mongolia
750,2025-03-06,Google Ads,Desktop,Mongolia
751,2025-08-31,SEO,Desktop,Mongolia
752,2025-12-09,Direct,Desktop,Mongolia
753,2025-02-28,Google Ads,Mobile,Mongolia
754,2025-10-16,SEO,Desktop,Mongolia
755,2025-04-22,SEO,Mobile,Mongolia
756,2025-08-27,Referral,Mobile,Mongolia
757,2025-12-25,Google Ads,Mobile,Mongolia
758,2025-05-12,Google Ads,Mobile,Mongolia
759,2025-07-08,Referral,Mobile,Mongolia
760,2025-03-27,Referral,Desktop,Mongolia
761,2025-11-07,SEO,Mobile,Mongolia
762,2025-11-07,SEO,Desktop,Mongolia
763,2025-02-28,SEO,Mobile,Mongolia
764,2025-03-25,Referral,Mobile,Mongolia
765,2025-06-09,SEO,Mobile,Mongolia
766,2025-02-25,Google Ads,Mobile,Mongolia
767,2025-10-24,Referral,Mobile,Mongolia
768,2025-01-14,Referral,Mobile,Mongolia
769,2025-06-09,SEO,Mobile,Mongolia
770,2025-10-22,Referral,Mobile,Mongolia
771,2025-12-13,SEO,Mobile,Mongolia
772,2025-07-12,Referral,Desktop,Mongolia
773,2025-07-23,SEO,Mobile,Mongolia
774,2025-04-12,SEO,Desktop,Mongolia
775,2025-02-08,Referral,Desktop,Mongolia
776,2025-10-31,SEO,Desktop,Mongolia
777,2025-12-20,SEO,Desktop,Mongolia
778,2025-11-18,Referral,Mobile,Mongolia
779,2025-05-05,Referral,Desktop,Mongolia
780,2025-02-22,Google Ads,Desktop,Mongolia
781,2025-12-23,Google Ads,Mobile,Mongolia
782,2025-06-04,Google Ads,Mobile,Mongolia
783,2025-12-17,SEO,Mobile,Mongolia
784,2025-11-04,SEO,Desktop,Mongolia
785,2025-03-03,SEO,Desktop,Mongolia
786,2025-10-17,Direct,Mobile,Mongolia
787,2025-01-22,Google Ads,Mobile,Mongolia
788,2025-06-27,SEO,Mobile,Mongolia
789,2025-09-30,SEO,Mobile,Mongolia
790,2025-08-08,Direct,Tablet,Mongolia
791,2025-12-05,SEO,Mobile,Mongolia
792,2025-07-09,Google Ads,Mobile,Mongolia
793,2025-02-05,Google Ads,Mobile,Mongolia
794,2025-09-17,Google Ads,Desktop,Mongolia
795,2025-11-28,SEO,Mobile,Mongolia
796,2025-06-24,Referral,Desktop,Mongolia
797,2025-01-07,Direct,Mobile,Mongolia
798,2025-08-04,Google Ads,Mobile,Mongolia
799,2025-09-08,Google Ads,Mobile,Mongolia
800,2025-02-24,Direct,Mobile,Mongolia
801,2025-08-10,Referral,Mobile,Mongolia
802,2025-07-05,SEO,Desktop,Mongolia
803,2025-11-22,Google Ads,Desktop,Mongolia
804,2025-08-24,Google Ads,Tablet,Mongolia
805,2025-12-29,SEO,Mobile,Mongolia
806,2025-03-20,Referral,Tablet,Mongolia
807,2025-08-11,Direct,Mobile,Mongolia
808,2025-04-01,Direct,Mobile,Mongolia
809,2025-09-25,SEO,Mobile,Mongolia
810,2025-11-30,SEO,Mobile,Mongolia
811,2025-05-19,Direct,Desktop,Mongolia
812,2025-11-12,Referral,Mobile,Mongolia
813,2025-10-03,SEO,Mobile,Mongolia
814,2025-09-05,Direct,Desktop,Mongolia
815,2025-08-27,Referral,Mobile,Mongolia
816,2025-08-12,Google Ads,Mobile,Mongolia
817,2025-10-31,Google Ads,Mobile,Mongolia
818,2025-05-18,SEO,Desktop,Mongolia
819,2025-06-15,SEO,Desktop,Mongolia
820,2025-05-06,SEO,Mobile,Mongolia
821,2025-02-14,Referral,Mobile,Mongolia
822,2025-05-23,SEO,Mobile,Mongolia
823,2025-08-19,SEO,Desktop,Mongolia
824,2025-05-05,SEO,Mobile,Mongolia
825,2025-08-26,Google Ads,Mobile,Mongolia
826,2025-10-19,Direct,Mobile,Mongolia
827,2025-11-09,SEO,Mobile,Mongolia
828,2025-12-09,SEO,Mobile,Mongolia
829,2025-07-14,Referral,Desktop,Mongolia
830,2025-06-22,SEO,Mobile,Mongolia
831,2025-01-15,SEO,Mobile,Mongolia
832,2025-09-11,SEO,Desktop,Mongolia
833,2025-06-16,SEO,Desktop,Mongolia
834,2025-04-04,SEO,Mobile,Mongolia
835,2025-09-07,SEO,Mobile,Mongolia
836,2025-04-19,SEO,Mobile,Mongolia
837,2025-07-01,Direct,Desktop,Mongolia
838,2025-05-13,SEO,Mobile,Mongolia
839,2025-06-24,Google Ads,Desktop,Mongolia
840,2025-05-24,Google Ads,Desktop,Mongolia
841,2025-11-02,SEO,Mobile,Mongolia
842,2025-12-26,Google Ads,Mobile,Mongolia
843,2025-05-22,SEO,Mobile,Mongolia
844,2025-10-12,Direct,Mobile,Mongolia
845,2025-01-06,SEO,Mobile,Mongolia
846,2025-09-22,SEO,Desktop,Mongolia
847,2025-04-08,SEO,Tablet,Mongolia
848,2025-02-13,Direct,Mobile,Mongolia
849,2025-05-04,Google Ads,Desktop,Mongolia
850,2025-07-28,Google Ads,Mobile,Mongolia
851,2025-09-08,SEO,Mobile,Mongolia
852,2025-10-12,Referral,Mobile,Mongolia
853,2025-05-04,SEO,Desktop,Mongolia
854,2025-12-20,Referral,Desktop,Mongolia
855,2025-09-01,SEO,Desktop,Mongolia
856,2025-11-27,SEO,Mobile,Mongolia
857,2025-12-31,SEO,Mobile,Mongolia
858,2025-09-09,SEO,Mobile,Mongolia
859,2025-08-18,Google Ads,Mobile,Mongolia
860,2025-01-09,SEO,Desktop,Mongolia
861,2025-02-17,Referral,Desktop,Mongolia
862,2025-05-31,SEO,Desktop,Mongolia
863,2025-04-24,Google Ads,Mobile,Mongolia
864,2025-07-27,SEO,Mobile,Mongolia
865,2025-12-21,SEO,Mobile,Mongolia
866,2025-05-05,Google Ads,Mobile,Mongolia
867,2025-06-06,SEO,Mobile,Mongolia
868,2025-12-06,SEO,Desktop,Mongolia
869,2025-10-25,Referral,Desktop,Mongolia
870,2025-07-08,Direct,Mobile,Mongolia
871,2025-08-31,SEO,Mobile,Mongolia
872,2025-10-11,SEO,Mobile,Mongolia
873,2025-09-29,Google Ads,Mobile,Mongolia
874,2025-06-26,SEO,Desktop,Mongolia
875,2025-08-06,SEO,Mobile,Mongolia
876,2025-10-09,SEO,Mobile,Mongolia
877,2025-06-19,Referral,Mobile,Mongolia
878,2025-06-30,Google Ads,Desktop,Mongolia
879,2025-12-26,SEO,Mobile,Mongolia
880,2025-08-21,SEO,Mobile,Mongolia
881,2025-05-19,SEO,Mobile,Mongolia
882,2025-06-06,Google Ads,Desktop,Mongolia
883,2025-05-09,SEO,Tablet,Mongolia
884,2025-04-29,SEO,Mobile,Mongolia
885,2025-03-03,Referral,Desktop,Mongolia
886,2025-04-09,SEO,Desktop,Mongolia
887,2025-06-11,Google Ads,Desktop,Mongolia
888,2025-03-03,SEO,Desktop,Mongolia
889,2025-10-02,SEO,Desktop,Mongolia
890,2025-12-20,SEO,Mobile,Mongolia
891,2025-04-05,Referral,Desktop,Mongolia
892,2025-04-09,Referral,Mobile,Mongolia
893,2025-04-21,Referral,Desktop,Mongolia
894,2025-09-05,SEO,Mobile,Mongolia
895,2025-05-22,Google Ads,Desktop,Mongolia
896,2025-10-29,SEO,Desktop,Mongolia
897,2025-09-26,SEO,Mobile,Mongolia
898,2025-11-02,Referral,Desktop,Mongolia
899,2025-05-25,SEO,Mobile,Mongolia
900,2025-02-21,SEO,Desktop,Mongolia
901,2025-04-10,SEO,Mobile,Mongolia
902,2025-06-01,SEO,Mobile,Mongolia
903,2025-04-27,SEO,Desktop,Mongolia
904,2025-07-04,Google Ads,Mobile,Mongolia
905,2025-04-02,SEO,Desktop,Mongolia
906,2025-06-04,Referral,Mobile,Mongolia
907,2025-01-08,Referral,Mobile,Mongolia
908,2025-12-29,SEO,Mobile,Mongolia
909,2025-10-01,SEO,Mobile,Mongolia
910,2025-03-06,SEO,Mobile,Mongolia
911,2025-05-21,Google Ads,Mobile,Mongolia
912,2025-01-24,SEO,Mobile,Mongolia
913,2025-01-28,Google Ads,Mobile,Mongolia
914,2025-10-11,SEO,Tablet,Mongolia
915,2025-05-30,Google Ads,Tablet,Mongolia
916,2025-12-24,SEO,Mobile,Mongolia
917,2025-03-06,SEO,Desktop,Mongolia
918,2025-11-23,Direct,Mobile,Mongolia
919,2025-09-09,Referral,Desktop,Mongolia
920,2025-02-22,SEO,Desktop,Mongolia
921,2025-01-07,Referral,Desktop,Mongolia
922,2025-10-21,SEO,Mobile,Mongolia
923,2025-05-26,Referral,Desktop,Mongolia
924,2025-08-29,Referral,Mobile,Mongolia
925,2025-09-03,SEO,Tablet,Mongolia
926,2025-08-14,SEO,Mobile,Mongolia
927,2025-06-24,SEO,Desktop,Mongolia
928,2025-04-05,Google Ads,Desktop,Mongolia
929,2025-01-27,Google Ads,Desktop,Mongolia
930,2025-05-10,SEO,Mobile,Mongolia
931,2025-09-02,SEO,Desktop,Mongolia
932,2025-02-28,Referral,Mobile,Mongolia
933,2025-02-03,Direct,Desktop,Mongolia
934,2025-07-25,Google Ads,Mobile,Mongolia
935,2025-09-09,SEO,Mobile,Mongolia
936,2025-02-07,SEO,Mobile,Mongolia
937,2025-10-23,SEO,Mobile,Mongolia
938,2025-11-19,Direct,Mobile,Mongolia
939,2025-12-18,SEO,Mobile,Mongolia
940,2025-01-28,Google Ads,Mobile,Mongolia
941,2025-03-19,SEO,Desktop,Mongolia
942,2025-03-18,Google Ads,Desktop,Mongolia
943,2025-10-16,Google Ads,Mobile,Mongolia
944,2025-06-05,Referral,Mobile,Mongolia
945,2025-02-13,SEO,Mobile,Mongolia
946,2025-05-08,SEO,Mobile,Mongolia
947,2025-03-02,SEO,Desktop,Mongolia
948,2025-10-13,Direct,Desktop,Mongolia
949,2025-08-02,Referral,Mobile,Mongolia
950,2025-11-07,Google Ads,Mobile,Mongolia
951,2025-11-02,Google Ads,Mobile,Mongolia
952,2025-11-13,Google Ads,Desktop,Mongolia
953,2025-04-26,SEO,Tablet,Mongolia
954,2025-09-25,Direct,Mobile,Mongolia
955,2025-07-14,SEO,Mobile,Mongolia
956,2025-08-19,SEO,Desktop,Mongolia
957,2025-08-15,Google Ads,Desktop,Mongolia
958,2025-06-02,SEO,Mobile,Mongolia
959,2025-10-29,SEO,Mobile,Mongolia
960,2025-08-08,Referral,Mobile,Mongolia
961,2025-06-06,SEO,Mobile,Mongolia
962,2025-10-19,Google Ads,Mobile,Mongolia
963,2025-11-14,SEO,Mobile,Mongolia
964,2025-01-31,SEO,Mobile,Mongolia
965,2025-11-09,SEO,Mobile,Mongolia
966,2025-02-20,SEO,Desktop,Mongolia
967,2025-04-17,Referral,Mobile,Mongolia
968,2025-11-17,SEO,Mobile,Mongolia
969,2025-04-19,Google Ads,Mobile,Mongolia
970,2025-05-16,SEO,Mobile,Mongolia
971,2025-12-05,Google Ads,Tablet,Mongolia
972,2025-02-11,Direct,Mobile,Mongolia
973,2025-03-22,Referral,Mobile,Mongolia
974,2025-05-03,SEO,Desktop,Mongolia
975,2025-03-30,SEO,Mobile,Mongolia
976,2025-10-10,SEO,Desktop,Mongolia
977,2025-02-08,Google Ads,Mobile,Mongolia
978,2025-03-22,SEO,Mobile,Mongolia
979,2025-01-02,SEO,Mobile,Mongolia
980,2025-07-29,Google Ads,Mobile,Mongolia
981,2025-08-19,SEO,Desktop,Mongolia
982,2025-12-19,Referral,Desktop,Mongolia
983,2025-11-01,SEO,Mobile,Mongolia
984,2025-08-29,SEO,Mobile,Mongolia
985,2025-05-30,Referral,Desktop,Mongolia
986,2025-01-17,SEO,Desktop,Mongolia
987,2025-04-29,Google Ads,Mobile,Mongolia
988,2025-05-28,SEO,Mobile,Mongolia
989,2025-12-28,SEO,Mobile,Mongolia
990,2025-05-25,Referral,Desktop,Mongolia
991,2025-12-26,Referral,Mobile,Mongolia
992,2025-08-21,Google Ads,Mobile,Mongolia
993,2025-02-06,SEO,Desktop,Mongolia
994,2025-12-18,Google Ads,Mobile,Mongolia
995,2025-04-30,SEO,Mobile,Mongolia
996,2025-05-16,SEO,Mobile,Mongolia
997,2025-11-17,Direct,Mobile,Mongolia
998,2025-10-29,SEO,Mobile,Mongolia
999,2025-12-05,Direct,Mobile,Mongolia
1000,2025-04-12,SEO,Mobile,Mongolia
1001,2025-08-06,SEO,Mobile,Mongolia
1002,2025-02-28,Google Ads,Desktop,Mongolia
1003,2025-10-06,Referral,Desktop,Mongolia
1004,2025-04-26,Referral,Mobile,Mongolia
1005,2025-11-28,Referral,Mobile,Mongolia
1006,2025-03-18,Google Ads,Mobile,Mongolia
1007,2025-05-17,Google Ads,Mobile,Mongolia
1008,2025-03-14,Referral,Mobile,Mongolia
1009,2025-02-06,SEO,Desktop,Mongolia
1010,2025-01-31,SEO,Mobile,Mongolia
1011,2025-03-26,SEO,Mobile,Mongolia
1012,2025-06-07,Direct,Mobile,Mongolia
1013,2025-11-01,Direct,Desktop,Mongolia
1014,2025-10-19,SEO,Mobile,Mongolia
1015,2025-05-28,Referral,Desktop,Mongolia
1016,2025-08-13,Direct,Mobile,Mongolia
1017,2025-03-05,SEO,Desktop,Mongolia
1018,2025-08-28,Google Ads,Desktop,Mongolia
1019,2025-12-19,Direct,Mobile,Mongolia
1020,2025-06-05,SEO,Mobile,Mongolia
1021,2025-12-25,Google Ads,Mobile,Mongolia
1022,2025-07-26,SEO,Mobile,Mongolia
1023,2025-05-20,Direct,Desktop,Mongolia
1024,2025-09-14,Direct,Desktop,Mongolia
1025,2025-10-04,Direct,Desktop,Mongolia
1026,2025-09-10,SEO,Desktop,Mongolia
1027,2025-08-13,Referral,Mobile,Mongolia
1028,2025-02-11,Referral,Mobile,Mongolia
1029,2025-11-03,SEO,Desktop,Mongolia
1030,2025-01-21,Referral,Mobile,Mongolia
1031,2025-08-10,SEO,Desktop,Mongolia
1032,2025-06-15,Google Ads,Mobile,Mongolia
1033,2025-11-06,SEO,Mobile,Mongolia
1034,2025-05-09,SEO,Tablet,Mongolia
1035,2025-01-14,SEO,Mobile,Mongolia
1036,2025-02-16,Google Ads,Tablet,Mongolia
1037,2025-04-28,SEO,Tablet,Mongolia
1038,2025-12-12,Referral,Desktop,Mongolia
1039,2025-10-22,SEO,Desktop,Mongolia
1040,2025-10-28,SEO,Mobile,Mongolia
1041,2025-01-11,Google Ads,Desktop,Mongolia
1042,2025-12-11,Referral,Mobile,Mongolia
1043,2025-05-18,SEO,Mobile,Mongolia
1044,2025-10-23,Google Ads,Desktop,Mongolia
1045,2025-01-21,Referral,Mobile,Mongolia
1046,2025-03-31,Google Ads,Mobile,Mongolia
1047,2025-08-29,SEO,Mobile,Mongolia
1048,2025-09-23,SEO,Mobile,Mongolia
1049,2025-11-30,Referral,Desktop,Mongolia
1050,2025-08-15,SEO,Mobile,Mongolia
1051,2025-05-23,Referral,Desktop,Mongolia
1052,2025-04-03,Google Ads,Desktop,Mongolia
1053,2025-10-27,Direct,Desktop,Mongolia
1054,2025-08-12,Referral,Mobile,Mongolia
1055,2025-11-22,Direct,Desktop,Mongolia
1056,2025-09-09,SEO,Mobile,Mongolia
1057,2025-02-16,Referral,Desktop,Mongolia
1058,2025-08-29,SEO,Mobile,Mongolia
1059,2025-06-28,SEO,Desktop,Mongolia
1060,2025-07-29,Google Ads,Tablet,Mongolia
1061,2025-06-20,Referral,Mobile,Mongolia
1062,2025-06-14,Direct,Mobile,Mongolia
1063,2025-12-10,Referral,Desktop,Mongolia
1064,2025-02-23,SEO,Mobile,Mongolia
1065,2025-03-24,SEO,Desktop,Mongolia
1066,2025-06-18,Referral,Mobile,Mongolia
1067,2025-07-30,SEO,Mobile,Mongolia
1068,2025-12-22,SEO,Tablet,Mongolia
1069,2025-09-11,SEO,Desktop,Mongolia
1070,2025-05-28,SEO,Desktop,Mongolia
1071,2025-12-06,SEO,Mobile,Mongolia
1072,2025-07-25,SEO,Desktop,Mongolia
1073,2025-10-09,SEO,Mobile,Mongolia
1074,2025-01-19,SEO,Desktop,Mongolia
1075,2025-08-21,Direct,Desktop,Mongolia
1076,2025-02-15,SEO,Mobile,Mongolia
1077,2025-06-11,SEO,Mobile,Mongolia
1078,2025-05-10,Google Ads,Mobile,Mongolia
1079,2025-06-15,SEO,Desktop,Mongolia
1080,2025-03-01,Direct,Mobile,Mongolia
1081,2025-07-26,Referral,Desktop,Mongolia
1082,2025-09-21,SEO,Mobile,Mongolia
1083,2025-01-01,SEO,Desktop,Mongolia
1084,2025-12-03,Referral,Desktop,Mongolia
1085,2025-10-05,Direct,Mobile,Mongolia
1086,2025-08-25,SEO,Mobile,Mongolia
1087,2025-07-31,Google Ads,Mobile,Mongolia
1088,2025-01-28,SEO,Desktop,Mongolia
1089,2025-04-07,Direct,Desktop,Mongolia
1090,2025-09-23,SEO,Mobile,Mongolia
1091,2025-07-05,Direct,Desktop,Mongolia
1092,2025-11-15,Google Ads,Mobile,Mongolia
1093,2025-09-13,Google Ads,Mobile,Mongolia
1094,2025-11-17,Google Ads,Desktop,Mongolia
1095,2025-08-15,SEO,Mobile,Mongolia
1096,2025-01-27,SEO,Mobile,Mongolia
1097,2025-04-15,SEO,Mobile,Mongolia
1098,2025-05-17,SEO,Mobile,Mongolia
1099,2025-10-09,Referral,Mobile,Mongolia
1100,2025-03-09,SEO,Mobile,Mongolia
1101,2025-05-28,SEO,Desktop,Mongolia
1102,2025-08-13,Direct,Mobile,Mongolia
1103,2025-12-24,Referral,Mobile,Mongolia
1104,2025-09-06,Direct,Mobile,Mongolia
1105,2025-03-04,Direct,Mobile,Mongolia
1106,2025-01-15,SEO,Desktop,Mongolia
1107,2025-11-19,SEO,Tablet,Mongolia
1108,2025-11-08,Referral,Mobile,Mongolia
1109,2025-05-03,Google Ads,Desktop,Mongolia
1110,2025-12-30,SEO,Mobile,Mongolia
1111,2025-03-23,Referral,Mobile,Mongolia
1112,2025-06-09,SEO,Mobile,Mongolia
1113,2025-10-10,SEO,Mobile,Mongolia
1114,2025-01-08,Google Ads,Mobile,Mongolia
1115,2025-10-10,Google Ads,Desktop,Mongolia
1116,2025-07-28,Google Ads,Mobile,Mongolia
1117,2025-02-17,SEO,Desktop,Mongolia
1118,2025-04-26,Referral,Mobile,Mongolia
1119,2025-02-28,SEO,Mobile,Mongolia
1120,2025-08-25,SEO,Desktop,Mongolia
1121,2025-03-02,Referral,Mobile,Mongolia
1122,2025-11-28,Direct,Mobile,Mongolia
1123,2025-03-20,Referral,Desktop,Mongolia
1124,2025-09-13,Referral,Desktop,Mongolia
1125,2025-05-30,Google Ads,Desktop,Mongolia
1126,2025-09-18,Google Ads,Desktop,Mongolia
1127,2025-12-28,SEO,Desktop,Mongolia
1128,2025-05-20,SEO,Desktop,Mongolia
1129,2025-08-01,SEO,Mobile,Mongolia
1130,2025-09-05,SEO,Mobile,Mongolia
1131,2025-08-30,Referral,Mobile,Mongolia
1132,2025-05-05,SEO,Mobile,Mongolia
1133,2025-08-22,SEO,Desktop,Mongolia
1134,2025-10-10,SEO,Desktop,Mongolia
1135,2025-03-16,Google Ads,Mobile,Mongolia
1136,2025-07-16,SEO,Mobile,Mongolia
1137,2025-04-08,Referral,Desktop,Mongolia
1138,2025-11-03,SEO,Mobile,Mongolia
1139,2025-09-18,SEO,Desktop,Mongolia
1140,2025-03-11,Google Ads,Mobile,Mongolia
1141,2025-02-05,Referral,Mobile,Mongolia
1142,2025-05-22,SEO,Mobile,Mongolia
1143,2025-08-01,Google Ads,Mobile,Mongolia
1144,2025-06-24,Google Ads,Desktop,Mongolia
1145,2025-09-17,SEO,Desktop,Mongolia
1146,2025-05-17,Referral,Desktop,Mongolia
1147,2025-01-02,Referral,Mobile,Mongolia
1148,2025-05-25,Google Ads,Mobile,Mongolia
1149,2025-06-02,Referral,Desktop,Mongolia
1150,2025-10-28,Referral,Desktop,Mongolia
1151,2025-10-24,Referral,Mobile,Mongolia
1152,2025-12-04,Referral,Mobile,Mongolia
1153,2025-09-08,Google Ads,Desktop,Mongolia
1154,2025-03-18,Google Ads,Mobile,Mongolia
1155,2025-08-17,Google Ads,Mobile,Mongolia
1156,2025-10-03,Referral,Mobile,Mongolia
1157,2025-09-05,SEO,Mobile,Mongolia
1158,2025-06-26,Referral,Desktop,Mongolia
1159,2025-06-20,Referral,Tablet,Mongolia
1160,2025-10-10,SEO,Mobile,Mongolia
1161,2025-10-06,Referral,Mobile,Mongolia
1162,2025-07-13,SEO,Mobile,Mongolia
1163,2025-08-22,SEO,Mobile,Mongolia
1164,2025-06-14,Referral,Mobile,Mongolia
1165,2025-04-07,SEO,Desktop,Mongolia
1166,2025-12-24,Referral,Mobile,Mongolia
1167,2025-05-03,Referral,Mobile,Mongolia
1168,2025-10-20,Google Ads,Mobile,Mongolia
1169,2025-07-16,SEO,Mobile,Mongolia
1170,2025-04-30,SEO,Mobile,Mongolia
1171,2025-07-30,Google Ads,Mobile,Mongolia
1172,2025-01-23,Direct,Tablet,Mongolia
1173,2025-06-12,Google Ads,Mobile,Mongolia
1174,2025-08-31,SEO,Mobile,Mongolia
1175,2025-12-28,Google Ads,Desktop,Mongolia
1176,2025-07-15,Google Ads,Tablet,Mongolia
1177,2025-07-17,Referral,Mobile,Mongolia
1178,2025-12-06,SEO,Desktop,Mongolia
1179,2025-11-30,Referral,Mobile,Mongolia
1180,2025-03-19,Google Ads,Mobile,Mongolia
1181,2025-09-11,Direct,Mobile,Mongolia
1182,2025-01-19,SEO,Desktop,Mongolia
1183,2025-03-06,Google Ads,Desktop,Mongolia
1184,2025-09-15,Direct,Mobile,Mongolia
1185,2025-10-30,SEO,Mobile,Mongolia
1186,2025-06-19,Direct,Desktop,Mongolia
1187,2025-02-21,Google Ads,Mobile,Mongolia
1188,2025-08-14,SEO,Mobile,Mongolia
1189,2025-02-21,SEO,Desktop,Mongolia
1190,2025-09-27,Referral,Desktop,Mongolia
1191,2025-08-22,SEO,Desktop,Mongolia
1192,2025-01-08,Google Ads,Desktop,Mongolia
1193,2025-03-15,SEO,Mobile,Mongolia
1194,2025-07-29,Google Ads,Desktop,Mongolia
1195,2025-12-02,SEO,Desktop,Mongolia
1196,2025-03-21,Referral,Mobile,Mongolia
1197,2025-02-08,Direct,Mobile,Mongolia
1198,2025-08-29,Direct,Mobile,Mongolia
1199,2025-05-16,Referral,Mobile,Mongolia
1200,2025-06-23,SEO,Desktop,Mongolia
1201,2025-11-16,Referral,Desktop,Mongolia
1202,2025-12-21,SEO,Mobile,Mongolia
1203,2025-07-23,SEO,Mobile,Mongolia
1204,2025-11-29,SEO,Tablet,Mongolia
1205,2025-02-11,SEO,Mobile,Mongolia
1206,2025-06-18,Referral,Mobile,Mongolia
1207,2025-12-12,Google Ads,Mobile,Mongolia
1208,2025-10-01,SEO,Mobile,Mongolia
1209,2025-07-14,SEO,Mobile,Mongolia
1210,2025-06-12,Direct,Mobile,Mongolia
1211,2025-11-17,SEO,Mobile,Mongolia
1212,2025-09-07,SEO,Mobile,Mongolia
1213,2025-10-05,SEO,Mobile,Mongolia
1214,2025-01-19,Referral,Mobile,Mongolia
1215,2025-11-13,Google Ads,Desktop,Mongolia
1216,2025-02-05,SEO,Desktop,Mongolia
1217,2025-05-01,SEO,Mobile,Mongolia
1218,2025-11-20,Google Ads,Mobile,Mongolia
1219,2025-12-17,Google Ads,Desktop,Mongolia
1220,2025-05-28,SEO,Mobile,Mongolia
1221,2025-04-27,Direct,Mobile,Mongolia
1222,2025-02-16,SEO,Desktop,Mongolia
1223,2025-08-11,SEO,Desktop,Mongolia
1224,2025-02-20,Direct,Desktop,Mongolia
1225,2025-11-21,SEO,Mobile,Mongolia
1226,2025-12-27,Google Ads,Desktop,Mongolia
1227,2025-02-21,SEO,Mobile,Mongolia
1228,2025-08-16,SEO,Desktop,Mongolia
1229,2025-03-27,Direct,Mobile,Mongolia
1230,2025-12-22,SEO,Mobile,Mongolia
1231,2025-06-03,Referral,Desktop,Mongolia
1232,2025-01-15,SEO,Mobile,Mongolia
1233,2025-01-24,SEO,Mobile,Mongolia
1234,2025-06-16,SEO,Desktop,Mongolia
1235,2025-01-29,Google Ads,Mobile,Mongolia
1236,2025-05-31,SEO,Mobile,Mongolia
1237,2025-07-03,Referral,Mobile,Mongolia
1238,2025-07-11,SEO,Desktop,Mongolia
1239,2025-08-09,Direct,Desktop,Mongolia
1240,2025-03-16,SEO,Mobile,Mongolia
1241,2025-05-06,Referral,Desktop,Mongolia
1242,2025-09-29,Referral,Mobile,Mongolia
1243,2025-07-30,Referral,Desktop,Mongolia
1244,2025-10-17,Referral,Mobile,Mongolia
1245,2025-12-16,Referral,Mobile,Mongolia
1246,2025-04-03,Google Ads,Desktop,Mongolia
1247,2025-03-29,SEO,Mobile,Mongolia
1248,2025-03-31,SEO,Mobile,Mongolia
1249,2025-02-10,Direct,Mobile,Mongolia
1250,2025-11-09,Google Ads,Tablet,Mongolia
1251,2025-07-15,Referral,Mobile,Mongolia
1252,2025-11-14,SEO,Mobile,Mongolia
1253,2025-12-16,SEO,Mobile,Mongolia
1254,2025-05-04,SEO,Mobile,Mongolia
1255,2025-09-12,Google Ads,Mobile,Mongolia
1256,2025-10-26,SEO,Desktop,Mongolia
1257,2025-03-15,SEO,Tablet,Mongolia
1258,2025-04-29,SEO,Mobile,Mongolia
1259,2025-08-25,SEO,Mobile,Mongolia
1260,2025-11-23,Google Ads,Mobile,Mongolia
1261,2025-05-11,SEO,Mobile,Mongolia
1262,2025-08-24,Referral,Desktop,Mongolia
1263,2025-05-11,SEO,Mobile,Mongolia
1264,2025-12-08,SEO,Mobile,Mongolia
1265,2025-01-05,SEO,Desktop,Mongolia
1266,2025-08-27,SEO,Mobile,Mongolia
1267,2025-05-28,SEO,Desktop,Mongolia
1268,2025-12-13,SEO,Mobile,Mongolia
1269,2025-10-07,Google Ads,Desktop,Mongolia
1270,2025-03-22,SEO,Desktop,Mongolia
1271,2025-02-07,Google Ads,Desktop,Mongolia
1272,2025-08-15,Referral,Tablet,Mongolia
1273,2025-06-26,Referral,Mobile,Mongolia
1274,2025-10-28,SEO,Mobile,Mongolia
1275,2025-06-03,SEO,Desktop,Mongolia
1276,2025-11-24,SEO,Mobile,Mongolia
1277,2025-08-06,SEO,Mobile,Mongolia
1278,2025-12-20,Direct,Mobile,Mongolia
1279,2025-05-09,SEO,Mobile,Mongolia
1280,2025-08-22,SEO,Mobile,Mongolia
1281,2025-06-04,Google Ads,Mobile,Mongolia
1282,2025-04-12,Referral,Desktop,Mongolia
1283,2025-07-16,Google Ads,Mobile,Mongolia
1284,2025-09-05,SEO,Mobile,Mongolia
1285,2025-02-24,SEO,Mobile,Mongolia
1286,2025-05-02,Google Ads,Mobile,Mongolia
1287,2025-07-15,SEO,Desktop,Mongolia
1288,2025-10-20,SEO,Mobile,Mongolia
1289,2025-07-03,SEO,Mobile,Mongolia
1290,2025-10-22,SEO,Desktop,Mongolia
1291,2025-06-01,SEO,Mobile,Mongolia
1292,2025-12-25,SEO,Mobile,Mongolia
1293,2025-06-01,Google Ads,Mobile,Mongolia
1294,2025-01-12,Google Ads,Desktop,Mongolia
1295,2025-12-04,Referral,Mobile,Mongolia
1296,2025-07-22,SEO,Mobile,Mongolia
1297,2025-05-21,SEO,Mobile,Mongolia
1298,2025-01-05,SEO,Mobile,Mongolia
1299,2025-10-17,Google Ads,Mobile,Mongolia
1300,2025-12-18,Referral,Mobile,Mongolia
1301,2025-01-26,SEO,Mobile,Mongolia
1302,2025-11-07,Direct,Desktop,Mongolia
1303,2025-09-12,SEO,Desktop,Mongolia
1304,2025-05-27,Google Ads,Mobile,Mongolia
1305,2025-04-28,Referral,Desktop,Mongolia
1306,2025-11-07,Referral,Mobile,Mongolia
1307,2025-06-30,Referral,Mobile,Mongolia
1308,2025-04-23,Referral,Desktop,Mongolia
1309,2025-11-22,SEO,Desktop,Mongolia
1310,2025-04-08,Referral,Desktop,Mongolia
1311,2025-11-14,SEO,Mobile,Mongolia
1312,2025-05-09,Referral,Desktop,Mongolia
1313,2025-12-14,Google Ads,Mobile,Mongolia
1314,2025-12-04,Referral,Desktop,Mongolia
1315,2025-12-15,SEO,Tablet,Mongolia
1316,2025-03-12,Google Ads,Mobile,Mongolia
1317,2025-11-18,Google Ads,Desktop,Mongolia
1318,2025-02-19,Referral,Mobile,Mongolia
1319,2025-11-18,SEO,Mobile,Mongolia
1320,2025-11-27,SEO,Mobile,Mongolia
1321,2025-01-21,SEO,Mobile,Mongolia
1322,2025-06-08,SEO,Desktop,Mongolia
1323,2025-08-14,Referral,Desktop,Mongolia
1324,2025-01-18,SEO,Mobile,Mongolia
1325,2025-10-24,Direct,Desktop,Mongolia
1326,2025-07-06,SEO,Tablet,Mongolia
1327,2025-03-09,SEO,Mobile,Mongolia
1328,2025-02-16,Referral,Tablet,Mongolia
1329,2025-06-01,Google Ads,Mobile,Mongolia
1330,2025-06-17,SEO,Desktop,Mongolia
1331,2025-08-01,Google Ads,Mobile,Mongolia
1332,2025-03-31,Referral,Mobile,Mongolia
1333,2025-04-13,SEO,Mobile,Mongolia
1334,2025-03-09,Direct,Desktop,Mongolia
1335,2025-10-04,Direct,Mobile,Mongolia
1336,2025-07-07,Google Ads,Mobile,Mongolia
1337,2025-09-29,SEO,Mobile,Mongolia
1338,2025-09-14,Google Ads,Desktop,Mongolia
1339,2025-05-20,SEO,Mobile,Mongolia
1340,2025-03-26,SEO,Mobile,Mongolia
1341,2025-05-12,SEO,Mobile,Mongolia
1342,2025-09-04,SEO,Mobile,Mongolia
1343,2025-06-01,Referral,Desktop,Mongolia
1344,2025-06-23,Referral,Desktop,Mongolia
1345,2025-02-28,Referral,Mobile,Mongolia
1346,2025-08-28,SEO,Mobile,Mongolia
1347,2025-02-08,SEO,Desktop,Mongolia
1348,2025-03-14,SEO,Mobile,Mongolia
1349,2025-04-26,Direct,Desktop,Mongolia
1350,2025-12-13,SEO,Desktop,Mongolia
1351,2025-12-12,Referral,Desktop,Mongolia
1352,2025-07-23,Google Ads,Mobile,Mongolia
1353,2025-10-13,SEO,Mobile,Mongolia
1354,2025-07-07,Referral,Tablet,Mongolia
1355,2025-02-16,SEO,Mobile,Mongolia
1356,2025-07-22,Referral,Desktop,Mongolia
1357,2025-01-08,Direct,Mobile,Mongolia
1358,2025-05-16,SEO,Desktop,Mongolia
1359,2025-10-02,SEO,Mobile,Mongolia
1360,2025-03-05,Google Ads,Mobile,Mongolia
1361,2025-08-21,Direct,Mobile,Mongolia
1362,2025-07-08,SEO,Desktop,Mongolia
1363,2025-12-11,Google Ads,Desktop,Mongolia
1364,2025-12-11,Google Ads,Mobile,Mongolia
1365,2025-05-15,Referral,Mobile,Mongolia
1366,2025-10-27,SEO,Desktop,Mongolia
1367,2025-07-15,Referral,Mobile,Mongolia
1368,2025-11-23,Direct,Mobile,Mongolia
1369,2025-07-10,SEO,Mobile,Mongolia
1370,2025-02-25,SEO,Mobile,Mongolia
1371,2025-12-12,Direct,Mobile,Mongolia
1372,2025-04-30,SEO,Mobile,Mongolia
1373,2025-08-30,Referral,Mobile,Mongolia
1374,2025-01-13,SEO,Mobile,Mongolia
1375,2025-11-14,SEO,Mobile,Mongolia
1376,2025-10-15,Referral,Mobile,Mongolia
1377,2025-06-17,SEO,Mobile,Mongolia
1378,2025-11-09,Google Ads,Desktop,Mongolia
1379,2025-04-24,SEO,Mobile,Mongolia
1380,2025-11-28,Google Ads,Mobile,Mongolia
1381,2025-02-02,SEO,Mobile,Mongolia
1382,2025-11-22,SEO,Mobile,Mongolia
1383,2025-08-26,Direct,Mobile,Mongolia
1384,2025-12-25,SEO,Mobile,Mongolia
1385,2025-06-04,Google Ads,Desktop,Mongolia
1386,2025-11-29,SEO,Mobile,Mongolia
1387,2025-07-29,Referral,Tablet,Mongolia
1388,2025-03-01,SEO,Mobile,Mongolia
1389,2025-03-13,Direct,Mobile,Mongolia
1390,2025-01-24,SEO,Mobile,Mongolia
1391,2025-01-20,SEO,Mobile,Mongolia
1392,2025-06-05,SEO,Mobile,Mongolia
1393,2025-09-10,SEO,Desktop,Mongolia
1394,2025-03-01,Google Ads,Mobile,Mongolia
1395,2025-02-19,SEO,Desktop,Mongolia
1396,2025-05-01,Referral,Desktop,Mongolia
1397,2025-10-03,SEO,Mobile,Mongolia
1398,2025-03-11,SEO,Mobile,Mongolia
1399,2025-07-18,Google Ads,Mobile,Mongolia
1400,2025-08-21,Referral,Mobile,Mongolia
1401,2025-07-09,SEO,Mobile,Mongolia
1402,2025-12-10,SEO,Mobile,Mongolia
1403,2025-12-23,SEO,Mobile,Mongolia
1404,2025-10-04,Referral,Mobile,Mongolia
1405,2025-08-03,Google Ads,Tablet,Mongolia
1406,2025-10-28,SEO,Desktop,Mongolia
1407,2025-03-21,Referral,Desktop,Mongolia
1408,2025-08-01,Referral,Mobile,Mongolia
1409,2025-12-02,Google Ads,Mobile,Mongolia
1410,2025-02-20,Referral,Mobile,Mongolia
1411,2025-09-08,SEO,Mobile,Mongolia
1412,2025-11-12,SEO,Mobile,Mongolia
1413,2025-07-28,SEO,Desktop,Mongolia
1414,2025-05-24,SEO,Desktop,Mongolia
1415,2025-01-17,Google Ads,Mobile,Mongolia
1416,2025-12-20,Direct,Mobile,Mongolia
1417,2025-07-09,SEO,Mobile,Mongolia
1418,2025-04-22,SEO,Mobile,Mongolia
1419,2025-08-16,SEO,Mobile,Mongolia
1420,2025-08-16,Direct,Mobile,Mongolia
1421,2025-05-01,SEO,Mobile,Mongolia
1422,2025-07-05,Google Ads,Tablet,Mongolia
1423,2025-02-20,SEO,Mobile,Mongolia
1424,2025-12-18,SEO,Desktop,Mongolia
1425,2025-07-08,Direct,Mobile,Mongolia
1426,2025-10-06,Direct,Mobile,Mongolia
1427,2025-11-27,SEO,Mobile,Mongolia
1428,2025-07-03,Direct,Mobile,Mongolia
1429,2025-02-01,Google Ads,Mobile,Mongolia
1430,2025-07-23,Referral,Desktop,Mongolia
1431,2025-05-22,SEO,Desktop,Mongolia
1432,2025-04-08,Google Ads,Mobile,Mongolia
1433,2025-03-04,SEO,Mobile,Mongolia
1434,2025-08-21,Google Ads,Desktop,Mongolia
1435,2025-02-16,SEO,Mobile,Mongolia
1436,2025-12-06,SEO,Mobile,Mongolia
1437,2025-04-19,SEO,Mobile,Mongolia
1438,2025-11-25,Referral,Desktop,Mongolia
1439,2025-11-24,SEO,Tablet,Mongolia
1440,2025-11-02,Google Ads,Mobile,Mongolia
1441,2025-01-11,Direct,Desktop,Mongolia
1442,2025-01-26,SEO,Desktop,Mongolia
1443,2025-06-20,Google Ads,Mobile,Mongolia
1444,2025-05-05,SEO,Mobile,Mongolia
1445,2025-03-06,Referral,Mobile,Mongolia
1446,2025-10-17,SEO,Tablet,Mongolia
1447,2025-04-16,Google Ads,Mobile,Mongolia
1448,2025-02-05,Referral,Desktop,Mongolia
1449,2025-10-11,Direct,Mobile,Mongolia
1450,2025-04-17,Google Ads,Desktop,Mongolia
1451,2025-10-28,SEO,Mobile,Mongolia
1452,2025-04-21,Google Ads,Mobile,Mongolia
1453,2025-04-30,Referral,Desktop,Mongolia
1454,2025-06-18,Google Ads,Desktop,Mongolia
1455,2025-03-17,SEO,Desktop,Mongolia
1456,2025-11-02,Direct,Mobile,Mongolia
1457,2025-01-02,Google Ads,Desktop,Mongolia
1458,2025-05-22,Google Ads,Mobile,Mongolia
1459,2025-03-16,SEO,Mobile,Mongolia
1460,2025-03-08,Google Ads,Mobile,Mongolia
1461,2025-10-04,SEO,Mobile,Mongolia
1462,2025-05-09,Google Ads,Mobile,Mongolia
1463,2025-03-31,SEO,Tablet,Mongolia
1464,2025-02-26,Google Ads,Mobile,Mongolia
1465,2025-12-05,Direct,Desktop,Mongolia
1466,2025-01-14,SEO,Mobile,Mongolia
1467,2025-03-09,Direct,Mobile,Mongolia
1468,2025-01-08,SEO,Mobile,Mongolia
1469,2025-07-03,Referral,Desktop,Mongolia
1470,2025-05-02,Referral,Desktop,Mongolia
1471,2025-10-29,Google Ads,Desktop,Mongolia
1472,2025-06-15,Referral,Tablet,Mongolia
1473,2025-01-09,Referral,Mobile,Mongolia
1474,2025-03-31,SEO,Mobile,Mongolia
1475,2025-05-16,SEO,Desktop,Mongolia
1476,2025-01-27,Google Ads,Mobile,Mongolia
1477,2025-03-06,Referral,Mobile,Mongolia
1478,2025-08-04,Referral,Mobile,Mongolia
1479,2025-09-27,Referral,Mobile,Mongolia
1480,2025-02-28,SEO,Mobile,Mongolia
1481,2025-02-02,Referral,Mobile,Mongolia
1482,2025-09-01,SEO,Mobile,Mongolia
1483,2025-08-18,Google Ads,Mobile,Mongolia
1484,2025-07-05,SEO,Mobile,Mongolia
1485,2025-09-20,SEO,Mobile,Mongolia
1486,2025-10-31,SEO,Desktop,Mongolia
1487,2025-02-25,SEO,Mobile,Mongolia
1488,2025-08-20,Google Ads,Mobile,Mongolia
1489,2025-09-15,SEO,Desktop,Mongolia
1490,2025-04-24,SEO,Mobile,Mongolia
1491,2025-11-11,SEO,Mobile,Mongolia
1492,2025-01-23,SEO,Desktop,Mongolia
1493,2025-12-04,SEO,Mobile,Mongolia
1494,2025-09-24,SEO,Desktop,Mongolia
1495,2025-06-04,Google Ads,Desktop,Mongolia
1496,2025-08-23,Google Ads,Desktop,Mongolia
1497,2025-11-26,Google Ads,Mobile,Mongolia
1498,2025-01-16,SEO,Mobile,Mongolia
1499,2025-02-01,SEO,Mobile,Mongolia
1500,2025-09-03,Referral,Mobile,Mongolia
1501,2025-07-25,Google Ads,Mobile,Mongolia
1502,2025-08-07,SEO,Mobile,Mongolia
1503,2025-12-18,SEO,Mobile,Mongolia
1504,2025-02-25,SEO,Mobile,Mongolia
1505,2025-09-09,SEO,Mobile,Mongolia
1506,2025-12-31,SEO,Mobile,Mongolia
1507,2025-08-16,Google Ads,Desktop,Mongolia
1508,2025-02-07,Google Ads,Mobile,Mongolia
1509,2025-02-11,Google Ads,Mobile,Mongolia
1510,2025-06-14,Referral,Desktop,Mongolia
1511,2025-11-08,Referral,Mobile,Mongolia
1512,2025-03-17,Referral,Mobile,Mongolia
1513,2025-02-03,Direct,Mobile,Mongolia
1514,2025-03-06,SEO,Desktop,Mongolia
1515,2025-05-21,SEO,Mobile,Mongolia
1516,2025-11-16,SEO,Mobile,Mongolia
1517,2025-11-21,Google Ads,Mobile,Mongolia
1518,2025-10-27,Referral,Desktop,Mongolia
1519,2025-10-08,SEO,Mobile,Mongolia
1520,2025-12-31,Direct,Mobile,Mongolia
1521,2025-06-16,SEO,Desktop,Mongolia
1522,2025-07-15,Direct,Mobile,Mongolia
1523,2025-11-02,SEO,Desktop,Mongolia
1524,2025-09-29,SEO,Mobile,Mongolia
1525,2025-05-31,SEO,Desktop,Mongolia
1526,2025-08-21,SEO,Mobile,Mongolia
1527,2025-09-16,SEO,Desktop,Mongolia
1528,2025-11-06,SEO,Desktop,Mongolia
1529,2025-08-09,Referral,Mobile,Mongolia
1530,2025-02-20,Google Ads,Mobile,Mongolia
1531,2025-12-26,SEO,Mobile,Mongolia
1532,2025-02-28,Google Ads,Mobile,Mongolia
1533,2025-12-02,Referral,Mobile,Mongolia
1534,2025-11-30,SEO,Mobile,Mongolia
1535,2025-10-10,SEO,Mobile,Mongolia
1536,2025-04-21,SEO,Mobile,Mongolia
1537,2025-08-09,SEO,Mobile,Mongolia
1538,2025-08-20,Google Ads,Desktop,Mongolia
1539,2025-04-27,SEO,Mobile,Mongolia
1540,2025-07-31,Google Ads,Mobile,Mongolia
1541,2025-06-23,Referral,Mobile,Mongolia
1542,2025-08-21,SEO,Mobile,Mongolia
1543,2025-07-24,Google Ads,Mobile,Mongolia
1544,2025-08-01,SEO,Mobile,Mongolia
1545,2025-02-18,Direct,Mobile,Mongolia
1546,2025-06-10,SEO,Desktop,Mongolia
1547,2025-08-07,Referral,Mobile,Mongolia
1548,2025-06-10,Google Ads,Desktop,Mongolia
1549,2025-12-07,SEO,Desktop,Mongolia
1550,2025-05-11,Google Ads,Desktop,Mongolia
1551,2025-07-11,Direct,Desktop,Mongolia
1552,2025-03-20,Google Ads,Mobile,Mongolia
1553,2025-12-18,Referral,Mobile,Mongolia
1554,2025-08-31,Referral,Desktop,Mongolia
1555,2025-02-04,SEO,Mobile,Mongolia
1556,2025-02-16,SEO,Mobile,Mongolia
1557,2025-02-13,Google Ads,Desktop,Mongolia
1558,2025-02-17,SEO,Desktop,Mongolia
1559,2025-08-10,Referral,Desktop,Mongolia
1560,2025-02-19,Direct,Tablet,Mongolia
1561,2025-07-10,SEO,Desktop,Mongolia
1562,2025-03-08,SEO,Mobile,Mongolia
1563,2025-10-12,Referral,Desktop,Mongolia
1564,2025-01-31,SEO,Mobile,Mongolia
1565,2025-10-28,Referral,Mobile,Mongolia
1566,2025-10-15,SEO,Desktop,Mongolia
1567,2025-10-15,Google Ads,Mobile,Mongolia
1568,2025-06-18,SEO,Mobile,Mongolia
1569,2025-12-10,Google Ads,Mobile,Mongolia
1570,2025-03-04,SEO,Desktop,Mongolia
1571,2025-07-30,Google Ads,Mobile,Mongolia
1572,2025-07-01,SEO,Desktop,Mongolia
1573,2025-12-07,Referral,Mobile,Mongolia
1574,2025-08-05,Referral,Desktop,Mongolia
1575,2025-01-27,SEO,Desktop,Mongolia
1576,2025-05-28,SEO,Mobile,Mongolia
1577,2025-11-04,SEO,Mobile,Mongolia
1578,2025-06-09,Google Ads,Mobile,Mongolia
1579,2025-06-30,Google Ads,Tablet,Mongolia
1580,2025-02-23,Google Ads,Desktop,Mongolia
1581,2025-10-23,SEO,Desktop,Mongolia
1582,2025-09-17,SEO,Mobile,Mongolia
1583,2025-04-19,Google Ads,Desktop,Mongolia
1584,2025-03-21,SEO,Desktop,Mongolia
1585,2025-12-03,Direct,Desktop,Mongolia
1586,2025-09-04,SEO,Tablet,Mongolia
1587,2025-04-25,Google Ads,Mobile,Mongolia
1588,2025-02-25,SEO,Mobile,Mongolia
1589,2025-06-29,SEO,Desktop,Mongolia
1590,2025-10-12,Referral,Desktop,Mongolia
1591,2025-07-08,Google Ads,Mobile,Mongolia
1592,2025-02-28,Direct,Mobile,Mongolia
1593,2025-05-23,SEO,Mobile,Mongolia
1594,2025-10-21,SEO,Mobile,Mongolia
1595,2025-04-26,Referral,Mobile,Mongolia
1596,2025-08-08,Google Ads,Desktop,Mongolia
1597,2025-10-15,SEO,Desktop,Mongolia
1598,2025-11-15,SEO,Mobile,Mongolia
1599,2025-11-11,SEO,Mobile,Mongolia
1600,2025-12-12,Referral,Mobile,Mongolia
1601,2025-11-26,SEO,Mobile,Mongolia
1602,2025-10-13,SEO,Desktop,Mongolia
1603,2025-01-14,SEO,Desktop,Mongolia
1604,2025-11-08,SEO,Mobile,Mongolia
1605,2025-12-03,SEO,Desktop,Mongolia
1606,2025-12-22,Google Ads,Desktop,Mongolia
1607,2025-05-17,SEO,Desktop,Mongolia
1608,2025-01-15,Referral,Mobile,Mongolia
1609,2025-04-03,SEO,Tablet,Mongolia
1610,2025-05-20,Google Ads,Mobile,Mongolia
1611,2025-12-26,Referral,Mobile,Mongolia
1612,2025-06-08,Google Ads,Mobile,Mongolia
1613,2025-06-23,Google Ads,Mobile,Mongolia
1614,2025-06-29,SEO,Mobile,Mongolia
1615,2025-01-04,SEO,Mobile,Mongolia
1616,2025-04-03,Google Ads,Mobile,Mongolia
1617,2025-03-15,Direct,Desktop,Mongolia
1618,2025-10-17,Google Ads,Desktop,Mongolia
1619,2025-12-03,Google Ads,Mobile,Mongolia
1620,2025-07-25,Referral,Desktop,Mongolia
1621,2025-02-05,SEO,Desktop,Mongolia
1622,2025-03-14,SEO,Desktop,Mongolia
1623,2025-11-21,Google Ads,Mobile,Mongolia
1624,2025-01-16,Direct,Desktop,Mongolia
1625,2025-02-16,SEO,Desktop,Mongolia
1626,2025-09-29,Google Ads,Desktop,Mongolia
1627,2025-04-21,SEO,Mobile,Mongolia
1628,2025-07-12,Google Ads,Mobile,Mongolia
1629,2025-08-03,SEO,Desktop,Mongolia
1630,2025-08-21,SEO,Mobile,Mongolia
1631,2025-06-24,Referral,Mobile,Mongolia
1632,2025-03-22,SEO,Mobile,Mongolia
1633,2025-07-09,Google Ads,Desktop,Mongolia
1634,2025-06-09,Referral,Desktop,Mongolia
1635,2025-06-16,Direct,Mobile,Mongolia
1636,2025-10-18,SEO,Tablet,Mongolia
1637,2025-11-02,SEO,Mobile,Mongolia
1638,2025-02-13,SEO,Desktop,Mongolia
1639,2025-01-27,Direct,Desktop,Mongolia
1640,2025-03-21,Direct,Desktop,Mongolia
1641,2025-03-22,Google Ads,Desktop,Mongolia
1642,2025-11-13,Referral,Mobile,Mongolia
1643,2025-01-26,Google Ads,Desktop,Mongolia
1644,2025-12-12,Google Ads,Mobile,Mongolia
1645,2025-02-11,SEO,Desktop,Mongolia
1646,2025-05-20,Referral,Desktop,Mongolia
1647,2025-08-15,SEO,Desktop,Mongolia
1648,2025-12-05,Referral,Mobile,Mongolia
1649,2025-08-06,Referral,Desktop,Mongolia
1650,2025-09-06,Referral,Mobile,Mongolia
1651,2025-11-07,SEO,Mobile,Mongolia
1652,2025-08-15,SEO,Desktop,Mongolia
1653,2025-08-01,SEO,Mobile,Mongolia
1654,2025-05-20,SEO,Desktop,Mongolia
1655,2025-04-21,SEO,Mobile,Mongolia
1656,2025-09-20,Direct,Mobile,Mongolia
1657,2025-02-28,Google Ads,Desktop,Mongolia
1658,2025-06-26,SEO,Mobile,Mongolia
1659,2025-08-09,SEO,Mobile,Mongolia
1660,2025-02-26,SEO,Desktop,Mongolia
1661,2025-05-26,Google Ads,Mobile,Mongolia
1662,2025-12-14,Google Ads,Desktop,Mongolia
1663,2025-12-14,Direct,Mobile,Mongolia
1664,2025-10-31,SEO,Desktop,Mongolia
1665,2025-09-07,Direct,Desktop,Mongolia
1666,2025-09-27,Referral,Desktop,Mongolia
1667,2025-12-08,SEO,Mobile,Mongolia
1668,2025-06-07,Direct,Desktop,Mongolia
1669,2025-01-24,SEO,Desktop,Mongolia
1670,2025-04-23,Referral,Desktop,Mongolia
1671,2025-07-22,SEO,Mobile,Mongolia
1672,2025-11-03,Referral,Desktop,Mongolia
1673,2025-01-29,Referral,Desktop,Mongolia
1674,2025-01-04,Referral,Mobile,Mongolia
1675,2025-04-15,Referral,Mobile,Mongolia
1676,2025-06-04,SEO,Desktop,Mongolia
1677,2025-04-19,SEO,Mobile,Mongolia
1678,2025-03-12,SEO,Tablet,Mongolia
1679,2025-05-11,SEO,Desktop,Mongolia
1680,2025-05-29,Google Ads,Desktop,Mongolia
1681,2025-06-17,SEO,Mobile,Mongolia
1682,2025-03-03,Direct,Mobile,Mongolia
1683,2025-01-04,Google Ads,Desktop,Mongolia
1684,2025-09-12,Referral,Mobile,Mongolia
1685,2025-08-09,SEO,Desktop,Mongolia
1686,2025-03-31,Referral,Mobile,Mongolia
1687,2025-03-08,Direct,Mobile,Mongolia
1688,2025-07-14,SEO,Mobile,Mongolia
1689,2025-09-30,Google Ads,Mobile,Mongolia
1690,2025-12-27,Referral,Tablet,Mongolia
1691,2025-04-28,SEO,Mobile,Mongolia
1692,2025-09-14,Google Ads,Mobile,Mongolia
1693,2025-10-14,SEO,Mobile,Mongolia
1694,2025-12-09,SEO,Mobile,Mongolia
1695,2025-07-01,SEO,Mobile,Mongolia
1696,2025-02-06,SEO,Desktop,Mongolia
1697,2025-07-23,SEO,Mobile,Mongolia
1698,2025-01-22,SEO,Mobile,Mongolia
1699,2025-08-12,Direct,Mobile,Mongolia
1700,2025-01-10,Google Ads,Tablet,Mongolia
1701,2025-08-24,Direct,Mobile,Mongolia
1702,2025-02-09,SEO,Mobile,Mongolia
1703,2025-06-10,SEO,Desktop,Mongolia
1704,2025-10-22,Google Ads,Mobile,Mongolia
1705,2025-08-08,SEO,Mobile,Mongolia
1706,2025-10-21,SEO,Mobile,Mongolia
1707,2025-07-27,Google Ads,Desktop,Mongolia
1708,2025-12-30,SEO,Mobile,Mongolia
1709,2025-11-24,Google Ads,Desktop,Mongolia
1710,2025-08-02,Google Ads,Desktop,Mongolia
1711,2025-05-29,SEO,Mobile,Mongolia
1712,2025-02-28,SEO,Mobile,Mongolia
1713,2025-07-27,Referral,Mobile,Mongolia
1714,2025-01-11,SEO,Desktop,Mongolia
1715,2025-06-16,SEO,Mobile,Mongolia
1716,2025-03-29,Direct,Mobile,Mongolia
1717,2025-11-13,SEO,Mobile,Mongolia
1718,2025-08-24,Google Ads,Tablet,Mongolia
1719,2025-12-20,Direct,Mobile,Mongolia
1720,2025-07-05,SEO,Desktop,Mongolia
1721,2025-02-15,SEO,Mobile,Mongolia
1722,2025-08-12,SEO,Mobile,Mongolia
1723,2025-02-24,SEO,Mobile,Mongolia
1724,2025-05-05,SEO,Mobile,Mongolia
1725,2025-08-12,Google Ads,Mobile,Mongolia
1726,2025-10-29,SEO,Mobile,Mongolia
1727,2025-07-25,Google Ads,Desktop,Mongolia
1728,2025-09-26,Direct,Desktop,Mongolia
1729,2025-02-10,Referral,Desktop,Mongolia
1730,2025-07-22,Google Ads,Mobile,Mongolia
1731,2025-06-08,SEO,Mobile,Mongolia
1732,2025-06-23,Google Ads,Mobile,Mongolia
1733,2025-04-24,Google Ads,Desktop,Mongolia
1734,2025-06-20,SEO,Desktop,Mongolia
1735,2025-03-28,SEO,Mobile,Mongolia
1736,2025-02-09,Referral,Mobile,Mongolia
1737,2025-09-19,SEO,Mobile,Mongolia
1738,2025-11-21,SEO,Mobile,Mongolia
1739,2025-02-28,SEO,Mobile,Mongolia
1740,2025-09-29,SEO,Desktop,Mongolia
1741,2025-09-19,Referral,Desktop,Mongolia
1742,2025-04-10,Referral,Mobile,Mongolia
1743,2025-06-28,Referral,Mobile,Mongolia
1744,2025-06-29,SEO,Tablet,Mongolia
1745,2025-11-27,SEO,Mobile,Mongolia
1746,2025-03-17,SEO,Mobile,Mongolia
1747,2025-05-01,SEO,Mobile,Mongolia
1748,2025-02-22,SEO,Mobile,Mongolia
1749,2025-03-16,Referral,Mobile,Mongolia
1750,2025-05-12,SEO,Desktop,Mongolia
1751,2025-04-12,Google Ads,Mobile,Mongolia
1752,2025-03-30,SEO,Mobile,Mongolia
1753,2025-11-05,SEO,Desktop,Mongolia
1754,2025-03-20,SEO,Mobile,Mongolia
1755,2025-12-02,Direct,Desktop,Mongolia
1756,2025-02-08,Referral,Desktop,Mongolia
1757,2025-04-01,Direct,Mobile,Mongolia
1758,2025-11-18,SEO,Desktop,Mongolia
1759,2025-09-10,SEO,Mobile,Mongolia
1760,2025-08-26,Google Ads,Tablet,Mongolia
1761,2025-10-16,SEO,Mobile,Mongolia
1762,2025-10-24,Referral,Tablet,Mongolia
1763,2025-08-18,SEO,Desktop,Mongolia
1764,2025-12-15,SEO,Mobile,Mongolia
1765,2025-10-17,SEO,Mobile,Mongolia
1766,2025-11-26,SEO,Tablet,Mongolia
1767,2025-11-22,Referral,Desktop,Mongolia
1768,2025-11-16,SEO,Mobile,Mongolia
1769,2025-06-15,SEO,Desktop,Mongolia
1770,2025-11-18,SEO,Mobile,Mongolia
1771,2025-06-11,SEO,Mobile,Mongolia
1772,2025-03-19,Referral,Mobile,Mongolia
1773,2025-08-14,Referral,Mobile,Mongolia
1774,2025-02-04,Direct,Desktop,Mongolia
1775,2025-08-29,Referral,Mobile,Mongolia
1776,2025-08-15,SEO,Desktop,Mongolia
1777,2025-11-20,Google Ads,Mobile,Mongolia
1778,2025-06-05,SEO,Mobile,Mongolia
1779,2025-05-21,SEO,Mobile,Mongolia
1780,2025-10-30,Referral,Mobile,Mongolia
1781,2025-01-29,SEO,Mobile,Mongolia
1782,2025-06-30,Direct,Mobile,Mongolia
1783,2025-09-17,SEO,Mobile,Mongolia
1784,2025-02-07,Google Ads,Mobile,Mongolia
1785,2025-06-08,Google Ads,Mobile,Mongolia
1786,2025-08-25,Referral,Mobile,Mongolia
1787,2025-08-20,Google Ads,Desktop,Mongolia
1788,2025-01-20,Google Ads,Desktop,Mongolia
1789,2025-01-30,SEO,Mobile,Mongolia
1790,2025-07-08,Google Ads,Mobile,Mongolia
1791,2025-05-27,SEO,Mobile,Mongolia
1792,2025-02-09,Referral,Tablet,Mongolia
1793,2025-11-27,Google Ads,Mobile,Mongolia
1794,2025-02-16,Google Ads,Mobile,Mongolia
1795,2025-11-11,SEO,Mobile,Mongolia
1796,2025-11-01,SEO,Mobile,Mongolia
1797,2025-09-17,Referral,Mobile,Mongolia
1798,2025-07-16,SEO,Desktop,Mongolia
1799,2025-08-25,SEO,Mobile,Mongolia
1800,2025-10-25,SEO,Desktop,Mongolia
1801,2025-10-11,Direct,Mobile,Mongolia
1802,2025-01-22,Referral,Mobile,Mongolia
1803,2025-08-19,SEO,Desktop,Mongolia
1804,2025-10-20,SEO,Mobile,Mongolia
1805,2025-11-30,SEO,Desktop,Mongolia
1806,2025-04-07,Referral,Mobile,Mongolia
1807,2025-06-14,Google Ads,Mobile,Mongolia
1808,2025-11-06,SEO,Tablet,Mongolia
1809,2025-09-01,SEO,Mobile,Mongolia
1810,2025-09-14,SEO,Desktop,Mongolia
1811,2025-03-19,Google Ads,Mobile,Mongolia
1812,2025-02-01,Referral,Desktop,Mongolia
1813,2025-08-19,SEO,Mobile,Mongolia
1814,2025-02-22,SEO,Mobile,Mongolia
1815,2025-06-25,SEO,Desktop,Mongolia
1816,2026-01-01,Direct,Desktop,Mongolia
1817,2025-02-13,SEO,Desktop,Mongolia
1818,2025-09-16,Referral,Desktop,Mongolia
1819,2025-11-27,Google Ads,Desktop,Mongolia
1820,2025-03-30,SEO,Mobile,Mongolia
1821,2025-01-21,SEO,Mobile,Mongolia
1822,2025-05-07,SEO,Mobile,Mongolia
1823,2025-12-29,Google Ads,Mobile,Mongolia
1824,2025-08-13,Referral,Mobile,Mongolia
1825,2025-08-13,Google Ads,Mobile,Mongolia
1826,2025-09-26,Google Ads,Mobile,Mongolia
1827,2025-09-25,SEO,Desktop,Mongolia
1828,2025-11-09,Direct,Mobile,Mongolia
1829,2025-03-23,Referral,Mobile,Mongolia
1830,2025-07-06,SEO,Mobile,Mongolia
1831,2025-07-10,Direct,Desktop,Mongolia
1832,2025-05-25,Google Ads,Desktop,Mongolia
1833,2025-07-18,Google Ads,Desktop,Mongolia
1834,2025-07-29,Referral,Mobile,Mongolia
1835,2025-06-23,Referral,Mobile,Mongolia
1836,2025-12-14,Google Ads,Mobile,Mongolia
1837,2025-11-03,SEO,Mobile,Mongolia
1838,2025-01-27,SEO,Mobile,Mongolia
1839,2025-11-20,Direct,Mobile,Mongolia
1840,2025-11-28,SEO,Mobile,Mongolia
1841,2025-06-21,SEO,Tablet,Mongolia
1842,2025-02-03,SEO,Tablet,Mongolia
1843,2025-06-18,SEO,Mobile,Mongolia
1844,2025-02-18,Google Ads,Mobile,Mongolia
1845,2025-10-13,Direct,Mobile,Mongolia
1846,2025-12-14,SEO,Mobile,Mongolia
1847,2025-07-17,SEO,Desktop,Mongolia
1848,2025-05-26,SEO,Mobile,Mongolia
1849,2025-05-10,Referral,Desktop,Mongolia
1850,2025-12-03,Google Ads,Mobile,Mongolia
1851,2025-11-05,SEO,Tablet,Mongolia
1852,2025-03-18,Referral,Mobile,Mongolia
1853,2025-06-20,Referral,Desktop,Mongolia
1854,2025-02-11,Referral,Mobile,Mongolia
1855,2025-10-26,Direct,Desktop,Mongolia
1856,2025-12-06,SEO,Mobile,Mongolia
1857,2025-03-14,Referral,Mobile,Mongolia
1858,2025-06-29,SEO,Desktop,Mongolia
1859,2025-06-08,Referral,Desktop,Mongolia
1860,2025-12-02,Referral,Desktop,Mongolia
1861,2025-12-24,Referral,Desktop,Mongolia
1862,2025-12-06,Google Ads,Desktop,Mongolia
1863,2025-07-20,SEO,Mobile,Mongolia
1864,2025-03-08,Google Ads,Mobile,Mongolia
1865,2025-11-01,Direct,Mobile,Mongolia
1866,2025-12-29,Direct,Desktop,Mongolia
1867,2025-02-13,SEO,Mobile,Mongolia
1868,2025-06-08,SEO,Mobile,Mongolia
1869,2025-10-14,SEO,Mobile,Mongolia
1870,2025-07-12,Referral,Desktop,Mongolia
1871,2025-11-26,Referral,Mobile,Mongolia
1872,2025-06-18,SEO,Mobile,Mongolia
1873,2025-03-07,Google Ads,Mobile,Mongolia
1874,2025-12-10,Referral,Mobile,Mongolia
1875,2025-12-26,Referral,Mobile,Mongolia
1876,2025-12-17,Google Ads,Desktop,Mongolia
1877,2025-09-27,Google Ads,Desktop,Mongolia
1878,2025-02-17,Google Ads,Desktop,Mongolia
1879,2025-11-27,SEO,Mobile,Mongolia
1880,2025-12-10,Google Ads,Desktop,Mongolia
1881,2025-08-05,Google Ads,Mobile,Mongolia
1882,2025-09-18,Referral,Mobile,Mongolia
1883,2025-07-05,Google Ads,Desktop,Mongolia
1884,2025-01-10,Referral,Mobile,Mongolia
1885,2025-07-05,SEO,Mobile,Mongolia
1886,2025-06-08,SEO,Desktop,Mongolia
1887,2025-04-03,SEO,Mobile,Mongolia
1888,2025-04-20,SEO,Desktop,Mongolia
1889,2025-06-24,Referral,Mobile,Mongolia
1890,2025-09-06,Direct,Desktop,Mongolia
1891,2025-04-09,SEO,Mobile,Mongolia
1892,2025-04-26,SEO,Mobile,Mongolia
1893,2025-03-12,Referral,Desktop,Mongolia
1894,2025-03-21,SEO,Mobile,Mongolia
1895,2025-02-09,Google Ads,Mobile,Mongolia
1896,2025-06-01,Referral,Mobile,Mongolia
1897,2025-02-21,Google Ads,Mobile,Mongolia
1898,2025-09-17,SEO,Mobile,Mongolia
1899,2025-10-04,SEO,Mobile,Mongolia
1900,2025-09-27,Referral,Desktop,Mongolia
1901,2025-01-20,Google Ads,Mobile,Mongolia
1902,2025-12-05,SEO,Mobile,Mongolia
1903,2025-06-22,Referral,Mobile,Mongolia
1904,2025-11-13,SEO,Mobile,Mongolia
1905,2025-03-09,Referral,Desktop,Mongolia
1906,2025-11-02,SEO,Mobile,Mongolia
1907,2025-07-12,Direct,Tablet,Mongolia
1908,2025-03-20,SEO,Mobile,Mongolia
1909,2025-03-25,SEO,Desktop,Mongolia
1910,2025-04-03,SEO,Mobile,Mongolia
1911,2025-12-21,SEO,Desktop,Mongolia
1912,2025-11-16,Referral,Mobile,Mongolia
1913,2025-03-26,Direct,Mobile,Mongolia
1914,2025-08-13,SEO,Mobile,Mongolia
1915,2025-01-23,SEO,Mobile,Mongolia
1916,2025-07-30,Referral,Desktop,Mongolia
1917,2025-07-06,Referral,Mobile,Mongolia
1918,2025-12-13,Google Ads,Mobile,Mongolia
1919,2025-05-02,SEO,Desktop,Mongolia
1920,2025-08-16,SEO,Mobile,Mongolia
1921,2025-11-09,Google Ads,Tablet,Mongolia
1922,2025-05-26,SEO,Desktop,Mongolia
1923,2025-08-18,Google Ads,Mobile,Mongolia
1924,2025-04-30,SEO,Desktop,Mongolia
1925,2025-10-01,Referral,Mobile,Mongolia
1926,2025-05-03,SEO,Mobile,Mongolia
1927,2025-06-08,Google Ads,Mobile,Mongolia
1928,2025-08-29,SEO,Mobile,Mongolia
1929,2025-04-10,Google Ads,Desktop,Mongolia
1930,2025-07-08,SEO,Desktop,Mongolia
1931,2025-12-14,Google Ads,Mobile,Mongolia
1932,2025-10-20,Google Ads,Mobile,Mongolia
1933,2025-08-14,Google Ads,Tablet,Mongolia
1934,2025-08-25,Google Ads,Mobile,Mongolia
1935,2025-05-25,Google Ads,Mobile,Mongolia
1936,2025-07-15,Referral,Mobile,Mongolia
1937,2025-09-15,SEO,Desktop,Mongolia
1938,2025-09-28,Referral,Mobile,Mongolia
1939,2025-08-03,SEO,Desktop,Mongolia
1940,2025-03-24,SEO,Desktop,Mongolia
1941,2025-04-13,SEO,Mobile,Mongolia
1942,2025-11-06,SEO,Mobile,Mongolia
1943,2025-03-12,Referral,Desktop,Mongolia
1944,2025-05-09,Referral,Mobile,Mongolia
1945,2025-01-27,Referral,Desktop,Mongolia
1946,2025-11-25,Google Ads,Desktop,Mongolia
1947,2025-09-04,SEO,Desktop,Mongolia
1948,2025-07-10,SEO,Desktop,Mongolia
1949,2025-10-11,SEO,Desktop,Mongolia
1950,2025-02-22,SEO,Desktop,Mongolia
1951,2025-12-31,SEO,Mobile,Mongolia
1952,2025-09-22,SEO,Mobile,Mongolia
1953,2025-03-05,Google Ads,Mobile,Mongolia
1954,2025-05-26,Referral,Desktop,Mongolia
1955,2025-02-12,Direct,Mobile,Mongolia
1956,2025-03-24,Direct,Desktop,Mongolia
1957,2025-05-20,Google Ads,Mobile,Mongolia
1958,2025-08-19,SEO,Desktop,Mongolia
1959,2025-09-20,Google Ads,Mobile,Mongolia
1960,2025-03-17,Referral,Desktop,Mongolia
1961,2025-08-12,SEO,Mobile,Mongolia
1962,2025-02-16,SEO,Mobile,Mongolia
1963,2025-04-24,Referral,Mobile,Mongolia
1964,2025-08-19,SEO,Desktop,Mongolia
1965,2025-06-28,Google Ads,Mobile,Mongolia
1966,2025-01-14,Google Ads,Mobile,Mongolia
1967,2025-08-01,SEO,Tablet,Mongolia
1968,2025-01-28,SEO,Desktop,Mongolia
1969,2025-07-22,SEO,Tablet,Mongolia
1970,2025-09-15,SEO,Mobile,Mongolia
1971,2025-07-11,SEO,Mobile,Mongolia
1972,2025-05-01,Referral,Desktop,Mongolia
1973,2025-07-17,SEO,Mobile,Mongolia
1974,2025-02-11,Google Ads,Desktop,Mongolia
1975,2025-07-11,SEO,Mobile,Mongolia
1976,2025-04-25,Direct,Mobile,Mongolia
1977,2025-01-15,SEO,Mobile,Mongolia
1978,2025-06-13,SEO,Mobile,Mongolia
1979,2025-02-20,Referral,Mobile,Mongolia
1980,2026-01-01,Referral,Mobile,Mongolia
1981,2025-11-29,SEO,Tablet,Mongolia
1982,2025-06-21,Referral,Mobile,Mongolia
1983,2025-03-16,SEO,Desktop,Mongolia
1984,2025-03-12,SEO,Desktop,Mongolia
1985,2025-01-20,SEO,Mobile,Mongolia
1986,2025-05-27,SEO,Mobile,Mongolia
1987,2025-08-30,Referral,Desktop,Mongolia
1988,2025-12-23,SEO,Desktop,Mongolia
1989,2025-03-13,SEO,Desktop,Mongolia
1990,2025-12-28,Referral,Desktop,Mongolia
1991,2025-08-29,Referral,Tablet,Mongolia
1992,2025-08-18,SEO,Mobile,Mongolia
1993,2025-11-12,Google Ads,Mobile,Mongolia
1994,2025-01-03,SEO,Desktop,Mongolia
1995,2025-02-10,Referral,Mobile,Mongolia
1996,2025-01-10,Google Ads,Desktop,Mongolia
1997,2025-05-12,Direct,Mobile,Mongolia
1998,2025-04-21,SEO,Mobile,Mongolia
1999,2025-03-18,SEO,Desktop,Mongolia
2000,2025-10-08,SEO,Mobile,Mongolia
2001,2025-11-08,SEO,Mobile,Mongolia
2002,2025-09-28,SEO,Mobile,Mongolia
2003,2025-08-05,Direct,Desktop,Mongolia
2004,2025-02-26,SEO,Mobile,Mongolia
2005,2025-05-28,SEO,Desktop,Mongolia
2006,2025-05-02,Referral,Mobile,Mongolia
2007,2025-06-04,SEO,Desktop,Mongolia
2008,2025-03-04,Referral,Desktop,Mongolia
2009,2025-01-25,SEO,Mobile,Mongolia
2010,2025-05-03,SEO,Mobile,Mongolia
2011,2025-08-03,SEO,Mobile,Mongolia
2012,2025-11-24,SEO,Desktop,Mongolia
2013,2025-11-15,Direct,Mobile,Mongolia
2014,2025-08-23,SEO,Desktop,Mongolia
2015,2025-02-02,Google Ads,Mobile,Mongolia
2016,2025-02-26,SEO,Mobile,Mongolia
2017,2025-09-13,SEO,Mobile,Mongolia
2018,2025-11-02,Referral,Mobile,Mongolia
2019,2025-10-02,SEO,Mobile,Mongolia
2020,2025-01-09,Google Ads,Desktop,Mongolia
2021,2025-11-20,Direct,Desktop,Mongolia
2022,2025-09-21,Google Ads,Mobile,Mongolia
2023,2025-10-22,Direct,Tablet,Mongolia
2024,2025-05-04,SEO,Desktop,Mongolia
2025,2025-03-15,SEO,Desktop,Mongolia
2026,2025-05-30,SEO,Mobile,Mongolia
2027,2025-08-08,Referral,Mobile,Mongolia
2028,2025-01-01,Direct,Mobile,Mongolia
2029,2025-11-11,SEO,Desktop,Mongolia
2030,2025-06-30,Google Ads,Mobile,Mongolia
2031,2025-05-04,SEO,Mobile,Mongolia
2032,2025-10-20,Google Ads,Mobile,Mongolia
2033,2025-08-02,SEO,Mobile,Mongolia
2034,2025-04-06,Direct,Desktop,Mongolia
2035,2025-12-07,Google Ads,Mobile,Mongolia
2036,2025-12-09,SEO,Mobile,Mongolia
2037,2025-02-13,SEO,Desktop,Mongolia
2038,2025-09-26,SEO,Tablet,Mongolia
2039,2025-07-04,SEO,Desktop,Mongolia
2040,2025-02-04,SEO,Desktop,Mongolia
2041,2025-09-27,Referral,Desktop,Mongolia
2042,2025-10-06,Google Ads,Mobile,Mongolia
2043,2025-09-17,Google Ads,Mobile,Mongolia
2044,2025-09-17,SEO,Desktop,Mongolia
2045,2025-10-11,Referral,Desktop,Mongolia
2046,2025-01-11,Referral,Desktop,Mongolia
2047,2025-07-19,SEO,Mobile,Mongolia
2048,2025-08-29,Referral,Mobile,Mongolia
2049,2025-01-23,Google Ads,Mobile,Mongolia
2050,2025-11-22,SEO,Mobile,Mongolia
2051,2025-07-18,SEO,Mobile,Mongolia
2052,2025-07-11,SEO,Desktop,Mongolia
2053,2025-05-10,SEO,Mobile,Mongolia
2054,2025-01-09,Direct,Mobile,Mongolia
2055,2025-07-02,Referral,Mobile,Mongolia
2056,2025-02-04,Google Ads,Desktop,Mongolia
2057,2025-06-26,SEO,Mobile,Mongolia
2058,2025-05-04,SEO,Mobile,Mongolia
2059,2025-12-03,Google Ads,Mobile,Mongolia
2060,2025-11-18,Google Ads,Mobile,Mongolia
2061,2025-02-23,SEO,Desktop,Mongolia
2062,2025-10-25,Google Ads,Desktop,Mongolia
2063,2025-06-20,Referral,Mobile,Mongolia
2064,2025-03-10,SEO,Mobile,Mongolia
2065,2025-01-23,SEO,Desktop,Mongolia
2066,2025-06-30,Referral,Mobile,Mongolia
2067,2025-10-07,SEO,Mobile,Mongolia
2068,2025-06-23,SEO,Mobile,Mongolia
2069,2025-11-26,SEO,Desktop,Mongolia
2070,2025-03-31,SEO,Mobile,Mongolia
2071,2025-12-17,Referral,Mobile,Mongolia
2072,2025-08-26,Google Ads,Desktop,Mongolia
2073,2025-12-23,SEO,Mobile,Mongolia
2074,2025-09-03,Referral,Mobile,Mongolia
2075,2025-11-20,Referral,Tablet,Mongolia
2076,2025-04-04,Referral,Mobile,Mongolia
2077,2025-03-11,SEO,Desktop,Mongolia
2078,2025-02-02,SEO,Mobile,Mongolia
2079,2025-08-23,Direct,Mobile,Mongolia
2080,2025-01-19,Referral,Mobile,Mongolia
2081,2025-05-31,SEO,Mobile,Mongolia
2082,2025-04-14,SEO,Mobile,Mongolia
2083,2025-01-23,SEO,Desktop,Mongolia
2084,2025-04-13,Direct,Mobile,Mongolia
2085,2025-01-22,Google Ads,Mobile,Mongolia
2086,2025-06-11,SEO,Mobile,Mongolia
2087,2025-06-08,SEO,Desktop,Mongolia
2088,2025-09-21,Google Ads,Mobile,Mongolia
2089,2025-07-23,Referral,Mobile,Mongolia
2090,2025-10-06,SEO,Mobile,Mongolia
2091,2025-08-31,Referral,Mobile,Mongolia
2092,2025-05-10,Direct,Mobile,Mongolia
2093,2025-01-19,SEO,Desktop,Mongolia
2094,2025-11-28,Google Ads,Mobile,Mongolia
2095,2025-04-08,SEO,Mobile,Mongolia
2096,2025-05-27,Referral,Mobile,Mongolia
2097,2025-07-02,Google Ads,Desktop,Mongolia
2098,2025-01-25,Google Ads,Mobile,Mongolia
2099,2025-12-02,Referral,Mobile,Mongolia
2100,2025-06-19,SEO,Mobile,Mongolia
2101,2025-05-20,Direct,Mobile,Mongolia
2102,2025-03-05,Google Ads,Mobile,Mongolia
2103,2025-07-08,SEO,Mobile,Mongolia
2104,2025-08-12,Google Ads,Mobile,Mongolia
2105,2025-07-24,Referral,Mobile,Mongolia
2106,2025-08-14,SEO,Mobile,Mongolia
2107,2025-07-17,Referral,Mobile,Mongolia
2108,2025-06-23,Direct,Mobile,Mongolia
2109,2025-04-06,SEO,Desktop,Mongolia
2110,2025-09-12,Direct,Tablet,Mongolia
2111,2025-12-21,SEO,Tablet,Mongolia
2112,2025-09-12,SEO,Desktop,Mongolia
2113,2025-07-08,SEO,Desktop,Mongolia
2114,2025-09-23,Referral,Desktop,Mongolia
2115,2025-05-17,Google Ads,Mobile,Mongolia
2116,2025-02-12,SEO,Desktop,Mongolia
2117,2025-08-06,SEO,Mobile,Mongolia
2118,2025-02-10,Google Ads,Mobile,Mongolia
2119,2025-08-09,SEO,Desktop,Mongolia
2120,2025-11-05,Referral,Mobile,Mongolia
2121,2025-04-03,Referral,Mobile,Mongolia
2122,2025-10-07,Google Ads,Desktop,Mongolia
2123,2025-05-31,Direct,Mobile,Mongolia
2124,2025-06-14,SEO,Mobile,Mongolia
2125,2025-02-22,Direct,Desktop,Mongolia
2126,2025-02-10,Google Ads,Desktop,Mongolia
2127,2025-06-17,Google Ads,Mobile,Mongolia
2128,2025-12-05,SEO,Mobile,Mongolia
2129,2025-06-01,Referral,Mobile,Mongolia
2130,2025-06-06,SEO,Desktop,Mongolia
2131,2025-08-17,SEO,Mobile,Mongolia
2132,2025-11-05,SEO,Mobile,Mongolia
2133,2025-08-07,Google Ads,Mobile,Mongolia
2134,2025-03-27,Google Ads,Mobile,Mongolia
2135,2025-12-20,Referral,Tablet,Mongolia
2136,2025-08-16,Referral,Mobile,Mongolia
2137,2025-06-29,SEO,Desktop,Mongolia
2138,2025-08-17,Referral,Mobile,Mongolia
2139,2025-01-22,SEO,Desktop,Mongolia
2140,2025-06-30,Referral,Desktop,Mongolia
2141,2025-11-11,Referral,Mobile,Mongolia
2142,2025-08-11,Google Ads,Mobile,Mongolia
2143,2025-05-21,Referral,Mobile,Mongolia
2144,2025-11-24,SEO,Desktop,Mongolia
2145,2025-01-30,SEO,Mobile,Mongolia
2146,2025-02-08,Referral,Desktop,Mongolia
2147,2025-12-10,SEO,Desktop,Mongolia
2148,2025-11-23,SEO,Desktop,Mongolia
2149,2025-07-27,SEO,Desktop,Mongolia
2150,2025-07-06,Referral,Mobile,Mongolia
2151,2025-09-20,SEO,Mobile,Mongolia
2152,2025-12-14,SEO,Mobile,Mongolia
2153,2025-03-23,Referral,Desktop,Mongolia
2154,2025-01-16,Referral,Desktop,Mongolia
2155,2025-03-15,SEO,Desktop,Mongolia
2156,2025-11-08,SEO,Mobile,Mongolia
2157,2025-12-14,SEO,Mobile,Mongolia
2158,2025-08-13,SEO,Desktop,Mongolia
2159,2025-01-18,SEO,Mobile,Mongolia
2160,2025-03-06,Referral,Mobile,Mongolia
2161,2025-02-04,Google Ads,Desktop,Mongolia
2162,2025-05-01,Google Ads,Mobile,Mongolia
2163,2025-11-27,SEO,Mobile,Mongolia
2164,2025-07-07,Referral,Mobile,Mongolia
2165,2025-07-05,SEO,Mobile,Mongolia
2166,2025-07-16,Direct,Tablet,Mongolia
2167,2025-10-18,Google Ads,Mobile,Mongolia
2168,2025-01-17,SEO,Mobile,Mongolia
2169,2025-11-06,Google Ads,Mobile,Mongolia
2170,2025-03-20,SEO,Desktop,Mongolia
2171,2025-12-14,Google Ads,Mobile,Mongolia
2172,2025-08-19,SEO,Mobile,Mongolia
2173,2025-07-09,SEO,Mobile,Mongolia
2174,2025-07-10,Referral,Mobile,Mongolia
2175,2025-08-16,SEO,Mobile,Mongolia
2176,2025-02-09,Referral,Desktop,Mongolia
2177,2025-10-21,SEO,Desktop,Mongolia
2178,2025-03-12,Google Ads,Mobile,Mongolia
2179,2025-09-29,Google Ads,Mobile,Mongolia
2180,2025-07-07,Google Ads,Desktop,Mongolia
2181,2025-07-23,SEO,Mobile,Mongolia
2182,2025-06-10,SEO,Desktop,Mongolia
2183,2025-11-29,SEO,Mobile,Mongolia
2184,2025-05-23,SEO,Desktop,Mongolia
2185,2025-05-08,Google Ads,Desktop,Mongolia
2186,2025-02-28,Direct,Desktop,Mongolia
2187,2025-01-14,Referral,Desktop,Mongolia
2188,2025-04-06,Referral,Mobile,Mongolia
2189,2025-09-13,Referral,Desktop,Mongolia
2190,2025-09-23,Google Ads,Mobile,Mongolia
2191,2025-07-18,SEO,Mobile,Mongolia
2192,2025-10-15,Direct,Desktop,Mongolia
2193,2025-03-02,Google Ads,Desktop,Mongolia
2194,2025-05-15,Google Ads,Desktop,Mongolia
2195,2025-05-14,SEO,Mobile,Mongolia
2196,2025-12-27,SEO,Desktop,Mongolia
2197,2025-08-17,SEO,Desktop,Mongolia
2198,2025-04-20,Referral,Mobile,Mongolia
2199,2025-11-10,Google Ads,Mobile,Mongolia
2200,2025-05-27,SEO,Mobile,Mongolia
2201,2025-12-22,Direct,Mobile,Mongolia
2202,2025-09-09,SEO,Tablet,Mongolia
2203,2025-04-13,SEO,Desktop,Mongolia
2204,2025-03-04,SEO,Desktop,Mongolia
2205,2025-03-11,Referral,Tablet,Mongolia
2206,2025-02-07,Direct,Mobile,Mongolia
2207,2025-08-20,SEO,Desktop,Mongolia
2208,2025-03-30,Referral,Mobile,Mongolia
2209,2026-01-01,SEO,Desktop,Mongolia
2210,2025-08-16,Direct,Mobile,Mongolia
2211,2025-02-14,Referral,Desktop,Mongolia
2212,2025-12-16,Referral,Mobile,Mongolia
2213,2025-06-13,SEO,Mobile,Mongolia
2214,2025-12-08,Direct,Desktop,Mongolia
2215,2025-06-27,Referral,Mobile,Mongolia
2216,2025-12-30,SEO,Desktop,Mongolia
2217,2025-02-03,Referral,Mobile,Mongolia
2218,2025-10-09,SEO,Desktop,Mongolia
2219,2025-10-05,Referral,Mobile,Mongolia
2220,2025-05-29,SEO,Mobile,Mongolia
2221,2025-06-03,Referral,Mobile,Mongolia
2222,2025-03-22,Google Ads,Mobile,Mongolia
2223,2025-12-31,SEO,Mobile,Mongolia
2224,2025-12-30,SEO,Mobile,Mongolia
2225,2025-12-25,SEO,Mobile,Mongolia
2226,2025-11-23,SEO,Mobile,Mongolia
2227,2025-03-31,SEO,Mobile,Mongolia
2228,2025-07-05,Google Ads,Desktop,Mongolia
2229,2025-09-18,SEO,Mobile,Mongolia
2230,2025-04-25,SEO,Mobile,Mongolia
2231,2025-03-04,Referral,Desktop,Mongolia
2232,2025-04-13,SEO,Mobile,Mongolia
2233,2025-03-13,Direct,Desktop,Mongolia
2234,2025-05-02,Referral,Mobile,Mongolia
2235,2025-09-10,Google Ads,Mobile,Mongolia
2236,2025-01-14,Google Ads,Mobile,Mongolia
2237,2025-07-04,Referral,Desktop,Mongolia
2238,2025-10-11,SEO,Desktop,Mongolia
2239,2025-10-21,SEO,Mobile,Mongolia
2240,2025-07-08,SEO,Mobile,Mongolia
2241,2025-08-28,Referral,Tablet,Mongolia
2242,2025-10-10,SEO,Mobile,Mongolia
2243,2025-03-08,Google Ads,Mobile,Mongolia
2244,2025-11-10,Direct,Desktop,Mongolia
2245,2025-02-14,Referral,Desktop,Mongolia
2246,2025-02-03,Google Ads,Mobile,Mongolia
2247,2025-06-08,SEO,Desktop,Mongolia
2248,2025-07-23,Referral,Desktop,Mongolia
2249,2025-09-03,Google Ads,Mobile,Mongolia
2250,2025-09-27,SEO,Mobile,Mongolia
2251,2025-07-30,SEO,Mobile,Mongolia
2252,2025-07-29,Direct,Tablet,Mongolia
2253,2025-10-22,Google Ads,Desktop,Mongolia
2254,2025-02-07,Referral,Mobile,Mongolia
2255,2025-03-06,Referral,Desktop,Mongolia
2256,2025-06-12,Google Ads,Mobile,Mongolia
2257,2025-11-25,Google Ads,Mobile,Mongolia
2258,2025-02-07,SEO,Mobile,Mongolia
2259,2025-08-19,SEO,Mobile,Mongolia
2260,2025-08-27,SEO,Desktop,Mongolia
2261,2025-12-15,Referral,Mobile,Mongolia
2262,2025-09-22,Google Ads,Desktop,Mongolia
2263,2025-06-26,Referral,Mobile,Mongolia
2264,2025-03-07,SEO,Mobile,Mongolia
2265,2025-10-10,Google Ads,Tablet,Mongolia
2266,2025-11-24,Google Ads,Mobile,Mongolia
2267,2025-10-28,Google Ads,Mobile,Mongolia
2268,2025-04-04,Referral,Mobile,Mongolia
2269,2025-03-08,SEO,Desktop,Mongolia
2270,2025-08-10,Google Ads,Mobile,Mongolia
2271,2025-09-15,SEO,Mobile,Mongolia
2272,2025-01-29,SEO,Mobile,Mongolia
2273,2025-03-05,SEO,Mobile,Mongolia
2274,2025-09-23,Google Ads,Desktop,Mongolia
2275,2025-03-20,Direct,Mobile,Mongolia
2276,2025-06-05,Google Ads,Mobile,Mongolia
2277,2025-03-26,Referral,Mobile,Mongolia
2278,2025-03-24,Google Ads,Mobile,Mongolia
2279,2025-06-15,Google Ads,Desktop,Mongolia
2280,2025-12-30,SEO,Mobile,Mongolia
2281,2025-04-26,SEO,Tablet,Mongolia
2282,2025-06-27,SEO,Mobile,Mongolia
2283,2025-09-23,SEO,Mobile,Mongolia
2284,2025-05-26,SEO,Desktop,Mongolia
2285,2025-02-10,SEO,Mobile,Mongolia
2286,2025-05-09,SEO,Desktop,Mongolia
2287,2025-04-11,Direct,Tablet,Mongolia
2288,2025-11-22,SEO,Mobile,Mongolia
2289,2025-10-10,SEO,Mobile,Mongolia
2290,2025-05-21,SEO,Desktop,Mongolia
2291,2025-03-06,Google Ads,Mobile,Mongolia
2292,2025-11-17,SEO,Mobile,Mongolia
2293,2025-06-05,SEO,Mobile,Mongolia
2294,2025-11-11,Google Ads,Mobile,Mongolia
2295,2025-10-01,SEO,Desktop,Mongolia
2296,2025-02-17,SEO,Mobile,Mongolia
2297,2025-09-15,SEO,Mobile,Mongolia
2298,2025-11-25,SEO,Desktop,Mongolia
2299,2025-03-28,SEO,Mobile,Mongolia
2300,2025-10-31,SEO,Mobile,Mongolia
2301,2025-10-25,Referral,Desktop,Mongolia
2302,2025-03-20,Google Ads,Mobile,Mongolia
2303,2025-03-29,Google Ads,Desktop,Mongolia
2304,2025-12-04,SEO,Desktop,Mongolia
2305,2025-11-16,Direct,Mobile,Mongolia
2306,2025-11-06,SEO,Mobile,Mongolia
2307,2025-06-22,SEO,Mobile,Mongolia
2308,2025-10-16,Google Ads,Mobile,Mongolia
2309,2025-01-22,SEO,Desktop,Mongolia
2310,2025-01-15,SEO,Desktop,Mongolia
2311,2025-02-11,Google Ads,Mobile,Mongolia
2312,2025-01-24,Referral,Desktop,Mongolia
2313,2025-11-25,SEO,Desktop,Mongolia
2314,2025-10-23,Referral,Tablet,Mongolia
2315,2025-05-16,Direct,Mobile,Mongolia
2316,2025-11-30,SEO,Mobile,Mongolia
2317,2025-04-18,SEO,Mobile,Mongolia
2318,2025-10-20,SEO,Tablet,Mongolia
2319,2025-08-02,SEO,Mobile,Mongolia
2320,2025-11-13,SEO,Mobile,Mongolia
2321,2025-11-24,Direct,Mobile,Mongolia
2322,2025-01-16,Referral,Mobile,Mongolia
2323,2025-09-12,Google Ads,Mobile,Mongolia
2324,2025-11-18,SEO,Tablet,Mongolia
2325,2025-10-07,Referral,Mobile,Mongolia
2326,2025-05-29,Direct,Mobile,Mongolia
2327,2025-11-25,Referral,Mobile,Mongolia
2328,2025-06-04,SEO,Mobile,Mongolia
2329,2025-09-05,Google Ads,Mobile,Mongolia
2330,2025-05-06,SEO,Mobile,Mongolia
2331,2025-12-17,SEO,Mobile,Mongolia
2332,2025-07-27,SEO,Mobile,Mongolia
2333,2025-06-02,Google Ads,Mobile,Mongolia
2334,2025-08-21,Google Ads,Mobile,Mongolia
2335,2025-02-07,SEO,Tablet,Mongolia
2336,2025-12-19,SEO,Desktop,Mongolia
2337,2025-01-31,SEO,Mobile,Mongolia
2338,2025-03-22,SEO,Mobile,Mongolia
2339,2025-08-14,SEO,Desktop,Mongolia
2340,2025-08-01,SEO,Mobile,Mongolia
2341,2025-09-05,Referral,Desktop,Mongolia
2342,2025-08-26,SEO,Desktop,Mongolia
2343,2025-04-15,SEO,Mobile,Mongolia
2344,2025-06-24,SEO,Mobile,Mongolia
2345,2025-11-07,Direct,Tablet,Mongolia
2346,2025-03-15,Google Ads,Mobile,Mongolia
2347,2025-06-10,Google Ads,Mobile,Mongolia
2348,2025-06-13,SEO,Mobile,Mongolia
2349,2025-06-26,Google Ads,Mobile,Mongolia
2350,2025-07-24,SEO,Desktop,Mongolia
2351,2025-03-08,Google Ads,Desktop,Mongolia
2352,2025-07-09,Direct,Tablet,Mongolia
2353,2025-09-21,Google Ads,Mobile,Mongolia
2354,2025-10-15,Referral,Mobile,Mongolia
2355,2025-02-24,Referral,Mobile,Mongolia
2356,2025-06-13,SEO,Mobile,Mongolia
2357,2025-05-04,Direct,Mobile,Mongolia
2358,2025-08-27,SEO,Tablet,Mongolia
2359,2025-03-04,Google Ads,Desktop,Mongolia
2360,2025-05-17,SEO,Mobile,Mongolia
2361,2025-08-19,SEO,Desktop,Mongolia
2362,2025-05-07,SEO,Mobile,Mongolia
2363,2025-03-14,SEO,Mobile,Mongolia
2364,2025-02-19,SEO,Desktop,Mongolia
2365,2025-01-26,Google Ads,Mobile,Mongolia
2366,2025-05-29,SEO,Tablet,Mongolia
2367,2025-07-16,SEO,Desktop,Mongolia
2368,2025-11-12,Google Ads,Mobile,Mongolia
2369,2025-08-03,SEO,Desktop,Mongolia
2370,2025-05-08,Referral,Mobile,Mongolia
2371,2025-03-23,Google Ads,Mobile,Mongolia
2372,2025-06-17,Referral,Mobile,Mongolia
2373,2025-10-23,Google Ads,Mobile,Mongolia
2374,2025-06-10,SEO,Desktop,Mongolia
2375,2025-04-08,Google Ads,Mobile,Mongolia
2376,2025-03-23,SEO,Desktop,Mongolia
2377,2025-09-13,SEO,Mobile,Mongolia
2378,2025-09-21,Referral,Mobile,Mongolia
2379,2025-08-28,SEO,Desktop,Mongolia
2380,2025-09-13,Referral,Mobile,Mongolia
2381,2025-06-07,Referral,Mobile,Mongolia
2382,2025-09-12,Referral,Mobile,Mongolia
2383,2025-01-12,Direct,Mobile,Mongolia
2384,2025-02-16,SEO,Mobile,Mongolia
2385,2025-07-21,SEO,Desktop,Mongolia
2386,2025-09-16,Google Ads,Mobile,Mongolia
2387,2025-08-23,SEO,Mobile,Mongolia
2388,2025-05-04,Google Ads,Tablet,Mongolia
2389,2025-04-21,Referral,Mobile,Mongolia
2390,2025-10-26,Google Ads,Desktop,Mongolia
2391,2025-06-30,SEO,Mobile,Mongolia
2392,2025-01-25,SEO,Mobile,Mongolia
2393,2025-01-26,SEO,Desktop,Mongolia
2394,2025-05-25,SEO,Mobile,Mongolia
2395,2025-09-11,Referral,Desktop,Mongolia
2396,2025-11-02,SEO,Mobile,Mongolia
2397,2025-12-01,SEO,Mobile,Mongolia
2398,2025-12-11,SEO,Mobile,Mongolia
2399,2025-08-29,Google Ads,Mobile,Mongolia
2400,2025-05-27,Google Ads,Desktop,Mongolia
2401,2025-10-02,SEO,Mobile,Mongolia
2402,2025-01-05,SEO,Tablet,Mongolia
2403,2025-02-25,SEO,Tablet,Mongolia
2404,2025-08-09,SEO,Mobile,Mongolia
2405,2025-03-10,Google Ads,Mobile,Mongolia
2406,2025-05-16,Google Ads,Desktop,Mongolia
2407,2025-07-07,SEO,Tablet,Mongolia
2408,2025-07-26,SEO,Mobile,Mongolia
2409,2025-07-07,Direct,Mobile,Mongolia
2410,2025-01-24,SEO,Mobile,Mongolia
2411,2025-07-25,Google Ads,Desktop,Mongolia
2412,2025-01-27,SEO,Mobile,Mongolia
2413,2025-10-19,SEO,Desktop,Mongolia
2414,2025-10-15,SEO,Mobile,Mongolia
2415,2025-04-10,Google Ads,Mobile,Mongolia
2416,2025-07-05,Direct,Mobile,Mongolia
2417,2025-10-11,SEO,Mobile,Mongolia
2418,2025-05-28,SEO,Mobile,Mongolia
2419,2025-02-07,SEO,Mobile,Mongolia
2420,2025-07-17,SEO,Mobile,Mongolia
2421,2025-09-16,SEO,Mobile,Mongolia
2422,2025-08-19,SEO,Mobile,Mongolia
2423,2025-10-09,Referral,Tablet,Mongolia
2424,2025-05-24,SEO,Mobile,Mongolia
2425,2025-11-16,SEO,Mobile,Mongolia
2426,2025-12-15,Direct,Mobile,Mongolia
2427,2025-11-09,SEO,Tablet,Mongolia
2428,2025-03-02,Direct,Mobile,Mongolia
2429,2025-03-07,SEO,Desktop,Mongolia
2430,2025-02-19,Referral,Desktop,Mongolia
2431,2025-07-21,Google Ads,Desktop,Mongolia
2432,2025-07-11,Referral,Mobile,Mongolia
2433,2025-06-23,Direct,Desktop,Mongolia
2434,2025-10-13,SEO,Mobile,Mongolia
2435,2025-07-07,Direct,Mobile,Mongolia
2436,2025-03-15,SEO,Desktop,Mongolia
2437,2025-04-12,SEO,Mobile,Mongolia
2438,2025-11-05,SEO,Desktop,Mongolia
2439,2025-09-18,Google Ads,Mobile,Mongolia
2440,2025-07-25,SEO,Desktop,Mongolia
2441,2025-09-14,Google Ads,Mobile,Mongolia
2442,2025-01-21,Google Ads,Mobile,Mongolia
2443,2025-01-24,Referral,Mobile,Mongolia
2444,2025-01-20,Referral,Tablet,Mongolia
2445,2025-03-12,SEO,Mobile,Mongolia
2446,2026-01-01,SEO,Mobile,Mongolia
2447,2025-06-20,SEO,Mobile,Mongolia
2448,2025-08-31,SEO,Desktop,Mongolia
2449,2025-09-23,SEO,Mobile,Mongolia
2450,2025-08-22,SEO,Mobile,Mongolia
2451,2025-03-18,SEO,Mobile,Mongolia
2452,2025-11-07,Direct,Mobile,Mongolia
2453,2025-09-21,Google Ads,Mobile,Mongolia
2454,2025-03-13,SEO,Mobile,Mongolia
2455,2025-06-17,Google Ads,Desktop,Mongolia
2456,2025-11-10,SEO,Mobile,Mongolia
2457,2025-06-13,SEO,Mobile,Mongolia
2458,2025-03-25,Google Ads,Mobile,Mongolia
2459,2025-07-21,SEO,Tablet,Mongolia
2460,2025-11-12,SEO,Tablet,Mongolia
2461,2025-06-03,Direct,Desktop,Mongolia
2462,2025-10-31,Referral,Mobile,Mongolia
2463,2025-06-22,Google Ads,Mobile,Mongolia
2464,2025-09-17,Google Ads,Mobile,Mongolia
2465,2025-09-18,Google Ads,Mobile,Mongolia
2466,2025-09-30,SEO,Mobile,Mongolia
2467,2025-09-08,SEO,Desktop,Mongolia
2468,2025-12-29,SEO,Desktop,Mongolia
2469,2025-10-16,SEO,Desktop,Mongolia
2470,2025-06-03,Google Ads,Mobile,Mongolia
2471,2025-09-01,SEO,Desktop,Mongolia
2472,2025-01-09,Direct,Mobile,Mongolia
2473,2025-07-08,Direct,Mobile,Mongolia
2474,2025-06-19,Referral,Desktop,Mongolia
2475,2025-12-11,Google Ads,Mobile,Mongolia
2476,2025-02-26,Referral,Mobile,Mongolia
2477,2025-08-02,SEO,Mobile,Mongolia
2478,2025-10-26,Referral,Desktop,Mongolia
2479,2025-06-07,SEO,Desktop,Mongolia
2480,2025-12-19,Referral,Mobile,Mongolia
2481,2025-11-19,SEO,Desktop,Mongolia
2482,2025-01-14,Referral,Mobile,Mongolia
2483,2025-11-02,Direct,Mobile,Mongolia
2484,2025-08-31,SEO,Desktop,Mongolia
2485,2025-05-16,SEO,Desktop,Mongolia
2486,2025-12-02,Direct,Tablet,Mongolia
2487,2025-10-24,SEO,Mobile,Mongolia
2488,2025-10-23,Referral,Desktop,Mongolia
2489,2025-04-27,Google Ads,Desktop,Mongolia
2490,2025-01-27,SEO,Desktop,Mongolia
2491,2025-10-26,SEO,Mobile,Mongolia
2492,2025-09-03,SEO,Desktop,Mongolia
2493,2025-03-29,Referral,Mobile,Mongolia
2494,2025-09-26,SEO,Mobile,Mongolia
2495,2025-11-19,Google Ads,Mobile,Mongolia
2496,2025-11-14,SEO,Mobile,Mongolia
2497,2025-07-14,Google Ads,Mobile,Mongolia
2498,2025-03-17,Referral,Desktop,Mongolia
2499,2025-12-15,Direct,Mobile,Mongolia
2500,2025-05-05,SEO,Desktop,Mongolia
2501,2025-01-17,Referral,Mobile,Mongolia
2502,2025-10-21,Referral,Mobile,Mongolia
2503,2025-12-25,Google Ads,Mobile,Mongolia
2504,2025-02-26,Direct,Mobile,Mongolia
2505,2025-04-08,SEO,Mobile,Mongolia
2506,2025-01-10,SEO,Mobile,Mongolia
2507,2025-08-14,Referral,Mobile,Mongolia
2508,2025-06-10,SEO,Mobile,Mongolia
2509,2025-08-03,Referral,Mobile,Mongolia
2510,2025-03-19,Referral,Mobile,Mongolia
2511,2025-07-31,SEO,Mobile,Mongolia
2512,2025-12-20,Referral,Desktop,Mongolia
2513,2025-04-15,SEO,Desktop,Mongolia
2514,2025-07-30,Google Ads,Desktop,Mongolia
2515,2025-09-14,Google Ads,Mobile,Mongolia
2516,2025-11-10,Direct,Desktop,Mongolia
2517,2025-08-30,SEO,Desktop,Mongolia
2518,2025-02-01,SEO,Desktop,Mongolia
2519,2025-12-28,Google Ads,Mobile,Mongolia
2520,2025-03-12,Referral,Desktop,Mongolia
2521,2025-09-23,Google Ads,Desktop,Mongolia
2522,2025-04-17,SEO,Mobile,Mongolia
2523,2025-10-15,SEO,Desktop,Mongolia
2524,2025-06-16,SEO,Mobile,Mongolia
2525,2025-12-06,Referral,Mobile,Mongolia
2526,2025-09-02,SEO,Mobile,Mongolia
2527,2025-09-27,SEO,Desktop,Mongolia
2528,2025-07-12,Direct,Mobile,Mongolia
2529,2025-06-10,SEO,Mobile,Mongolia
2530,2025-03-30,Direct,Mobile,Mongolia
2531,2025-08-24,Google Ads,Mobile,Mongolia
2532,2025-09-30,Referral,Mobile,Mongolia
2533,2025-06-25,SEO,Desktop,Mongolia
2534,2025-10-07,SEO,Desktop,Mongolia
2535,2025-07-01,Referral,Mobile,Mongolia
2536,2025-12-13,Referral,Mobile,Mongolia
2537,2025-12-15,Referral,Mobile,Mongolia
2538,2025-11-26,SEO,Desktop,Mongolia
2539,2025-12-21,Referral,Mobile,Mongolia
2540,2025-05-16,Referral,Mobile,Mongolia
2541,2025-11-09,Google Ads,Mobile,Mongolia
2542,2025-09-05,Referral,Desktop,Mongolia
2543,2025-04-09,Referral,Desktop,Mongolia
2544,2025-05-07,Google Ads,Desktop,Mongolia
2545,2025-05-23,SEO,Desktop,Mongolia
2546,2025-10-13,SEO,Mobile,Mongolia
2547,2025-06-02,SEO,Mobile,Mongolia
2548,2025-04-26,SEO,Mobile,Mongolia
2549,2025-06-02,SEO,Mobile,Mongolia
2550,2025-05-28,SEO,Mobile,Mongolia
2551,2025-12-27,SEO,Mobile,Mongolia
2552,2025-04-17,SEO,Mobile,Mongolia
2553,2025-12-20,Referral,Desktop,Mongolia
2554,2025-12-27,Direct,Desktop,Mongolia
2555,2025-09-08,SEO,Desktop,Mongolia
2556,2025-06-12,Direct,Desktop,Mongolia
2557,2025-09-03,Google Ads,Mobile,Mongolia
2558,2025-06-28,SEO,Desktop,Mongolia
2559,2025-10-14,SEO,Mobile,Mongolia
2560,2025-05-21,Google Ads,Desktop,Mongolia
2561,2025-05-28,Referral,Mobile,Mongolia
2562,2025-03-04,Referral,Tablet,Mongolia
2563,2025-10-21,SEO,Mobile,Mongolia
2564,2025-12-13,SEO,Mobile,Mongolia
2565,2025-10-06,SEO,Desktop,Mongolia
2566,2025-07-14,SEO,Mobile,Mongolia
2567,2025-07-22,SEO,Desktop,Mongolia
2568,2025-06-26,SEO,Desktop,Mongolia
2569,2025-03-16,Referral,Desktop,Mongolia
2570,2025-05-29,Direct,Tablet,Mongolia
2571,2025-01-22,SEO,Tablet,Mongolia
2572,2025-05-28,Direct,Mobile,Mongolia
2573,2026-01-01,SEO,Desktop,Mongolia
2574,2025-02-10,SEO,Desktop,Mongolia
2575,2025-06-27,SEO,Desktop,Mongolia
2576,2025-08-15,Google Ads,Mobile,Mongolia
2577,2025-12-02,Direct,Desktop,Mongolia
2578,2025-05-12,Google Ads,Tablet,Mongolia
2579,2025-09-03,SEO,Desktop,Mongolia
2580,2025-04-20,Google Ads,Mobile,Mongolia
2581,2025-04-14,SEO,Mobile,Mongolia
2582,2025-10-03,Referral,Mobile,Mongolia
2583,2025-05-19,Google Ads,Desktop,Mongolia
2584,2025-10-15,SEO,Desktop,Mongolia
2585,2025-12-23,Google Ads,Mobile,Mongolia
2586,2025-05-20,Google Ads,Mobile,Mongolia
2587,2025-03-12,SEO,Mobile,Mongolia
2588,2025-02-25,Google Ads,Mobile,Mongolia
2589,2025-11-12,SEO,Desktop,Mongolia
2590,2025-10-28,Referral,Desktop,Mongolia
2591,2025-05-03,Referral,Mobile,Mongolia
2592,2025-05-05,Referral,Mobile,Mongolia
2593,2025-01-26,Google Ads,Mobile,Mongolia
2594,2025-12-09,Google Ads,Tablet,Mongolia
2595,2025-09-29,SEO,Mobile,Mongolia
2596,2025-04-26,Referral,Mobile,Mongolia
2597,2025-11-23,SEO,Mobile,Mongolia
2598,2025-04-30,SEO,Desktop,Mongolia
2599,2025-01-27,SEO,Desktop,Mongolia
2600,2025-02-21,SEO,Desktop,Mongolia
2601,2025-07-31,Google Ads,Mobile,Mongolia
2602,2025-06-19,SEO,Mobile,Mongolia
2603,2025-08-30,Referral,Mobile,Mongolia
2604,2025-02-21,SEO,Desktop,Mongolia
2605,2025-12-15,SEO,Mobile,Mongolia
2606,2025-03-12,Google Ads,Mobile,Mongolia
2607,2025-01-03,SEO,Desktop,Mongolia
2608,2025-10-09,SEO,Desktop,Mongolia
2609,2025-03-22,Referral,Mobile,Mongolia
2610,2025-07-28,SEO,Mobile,Mongolia
2611,2025-12-01,Referral,Mobile,Mongolia
2612,2025-09-01,SEO,Desktop,Mongolia
2613,2025-09-02,SEO,Desktop,Mongolia
2614,2025-11-30,Referral,Mobile,Mongolia
2615,2025-04-13,SEO,Mobile,Mongolia
2616,2025-05-28,SEO,Desktop,Mongolia
2617,2025-06-14,SEO,Desktop,Mongolia
2618,2025-05-27,SEO,Mobile,Mongolia
2619,2025-11-27,Referral,Mobile,Mongolia
2620,2025-01-31,SEO,Mobile,Mongolia
2621,2025-02-15,Referral,Mobile,Mongolia
2622,2025-11-30,Referral,Desktop,Mongolia
2623,2025-10-21,SEO,Desktop,Mongolia
2624,2025-04-29,Direct,Desktop,Mongolia
2625,2025-10-01,SEO,Mobile,Mongolia
2626,2025-01-20,Direct,Desktop,Mongolia
2627,2025-03-31,SEO,Mobile,Mongolia
2628,2025-08-02,Google Ads,Mobile,Mongolia
2629,2025-04-01,SEO,Mobile,Mongolia
2630,2025-01-19,SEO,Mobile,Mongolia
2631,2025-07-23,Google Ads,Desktop,Mongolia
2632,2025-09-11,Referral,Mobile,Mongolia
2633,2025-04-06,SEO,Mobile,Mongolia
2634,2025-05-29,SEO,Mobile,Mongolia
2635,2025-01-20,Referral,Mobile,Mongolia
2636,2025-01-05,Google Ads,Mobile,Mongolia
2637,2025-06-02,Direct,Mobile,Mongolia
2638,2025-10-18,Referral,Desktop,Mongolia
2639,2025-11-05,Direct,Mobile,Mongolia
2640,2025-02-24,Referral,Mobile,Mongolia
2641,2025-06-21,SEO,Mobile,Mongolia
2642,2025-05-26,SEO,Desktop,Mongolia
2643,2025-08-21,Referral,Mobile,Mongolia
2644,2025-11-25,Google Ads,Mobile,Mongolia
2645,2025-10-06,SEO,Mobile,Mongolia
2646,2025-09-26,SEO,Mobile,Mongolia
2647,2025-09-10,Direct,Mobile,Mongolia
2648,2025-03-10,Google Ads,Desktop,Mongolia
2649,2025-09-16,SEO,Desktop,Mongolia
2650,2025-08-28,SEO,Mobile,Mongolia
2651,2025-05-20,SEO,Desktop,Mongolia
2652,2025-04-09,SEO,Desktop,Mongolia
2653,2025-02-27,SEO,Mobile,Mongolia
2654,2025-06-19,SEO,Mobile,Mongolia
2655,2025-03-25,Referral,Mobile,Mongolia
2656,2025-08-23,SEO,Mobile,Mongolia
2657,2025-11-28,Referral,Desktop,Mongolia
2658,2025-05-12,Referral,Desktop,Mongolia
2659,2025-04-06,SEO,Tablet,Mongolia
2660,2025-01-08,Google Ads,Desktop,Mongolia
2661,2025-06-22,SEO,Mobile,Mongolia
2662,2025-06-01,Referral,Mobile,Mongolia
2663,2025-10-18,SEO,Desktop,Mongolia
2664,2025-12-12,Google Ads,Mobile,Mongolia
2665,2025-04-09,Google Ads,Desktop,Mongolia
2666,2025-03-31,SEO,Desktop,Mongolia
2667,2025-11-09,SEO,Desktop,Mongolia
2668,2025-11-24,Google Ads,Desktop,Mongolia
2669,2025-07-27,Referral,Mobile,Mongolia
2670,2025-08-07,SEO,Desktop,Mongolia
2671,2025-09-21,Google Ads,Desktop,Mongolia
2672,2025-06-17,SEO,Mobile,Mongolia
2673,2025-02-14,Referral,Desktop,Mongolia
2674,2025-07-25,SEO,Mobile,Mongolia
2675,2025-12-09,Referral,Tablet,Mongolia
2676,2025-02-18,SEO,Mobile,Mongolia
2677,2025-04-05,SEO,Mobile,Mongolia
2678,2025-03-13,SEO,Mobile,Mongolia
2679,2025-09-02,SEO,Desktop,Mongolia
2680,2025-06-15,Google Ads,Mobile,Mongolia
2681,2025-05-08,SEO,Mobile,Mongolia
2682,2025-01-04,Referral,Mobile,Mongolia
2683,2025-05-14,SEO,Desktop,Mongolia
2684,2025-07-16,SEO,Mobile,Mongolia
2685,2025-05-01,SEO,Mobile,Mongolia
2686,2025-08-17,SEO,Desktop,Mongolia
2687,2025-05-17,SEO,Mobile,Mongolia
2688,2025-06-18,SEO,Desktop,Mongolia
2689,2025-06-04,SEO,Mobile,Mongolia
2690,2025-10-26,SEO,Desktop,Mongolia
2691,2025-10-21,Google Ads,Mobile,Mongolia
2692,2025-01-06,Google Ads,Mobile,Mongolia
2693,2025-05-14,SEO,Desktop,Mongolia
2694,2025-12-01,SEO,Mobile,Mongolia
2695,2025-07-04,Direct,Desktop,Mongolia
2696,2025-12-21,Google Ads,Mobile,Mongolia
2697,2025-05-01,Google Ads,Mobile,Mongolia
2698,2025-02-01,SEO,Mobile,Mongolia
2699,2025-12-08,Referral,Tablet,Mongolia
2700,2025-03-02,Referral,Mobile,Mongolia
2701,2025-08-27,Google Ads,Mobile,Mongolia
2702,2025-06-07,Direct,Mobile,Mongolia
2703,2025-03-23,SEO,Mobile,Mongolia
2704,2025-07-27,SEO,Mobile,Mongolia
2705,2025-12-18,Referral,Desktop,Mongolia
2706,2025-09-15,Referral,Mobile,Mongolia
2707,2025-12-27,SEO,Desktop,Mongolia
2708,2025-06-09,SEO,Mobile,Mongolia
2709,2025-12-20,SEO,Desktop,Mongolia
2710,2025-03-02,SEO,Desktop,Mongolia
2711,2025-11-24,Referral,Mobile,Mongolia
2712,2025-06-01,Google Ads,Tablet,Mongolia
2713,2025-07-08,SEO,Mobile,Mongolia
2714,2025-11-11,SEO,Desktop,Mongolia
2715,2025-04-24,SEO,Desktop,Mongolia
2716,2025-04-23,SEO,Mobile,Mongolia
2717,2025-03-10,Google Ads,Mobile,Mongolia
2718,2025-09-02,Direct,Mobile,Mongolia
2719,2025-03-20,Referral,Mobile,Mongolia
2720,2025-08-21,SEO,Mobile,Mongolia
2721,2025-11-07,Referral,Mobile,Mongolia
2722,2025-07-11,Referral,Mobile,Mongolia
2723,2025-08-01,Referral,Desktop,Mongolia
2724,2025-12-26,SEO,Mobile,Mongolia
2725,2025-10-09,SEO,Mobile,Mongolia
2726,2025-08-30,SEO,Desktop,Mongolia
2727,2025-10-03,SEO,Mobile,Mongolia
2728,2025-12-07,SEO,Mobile,Mongolia
2729,2025-04-22,SEO,Mobile,Mongolia
2730,2025-05-07,SEO,Desktop,Mongolia
2731,2025-12-15,Referral,Desktop,Mongolia
2732,2025-11-02,SEO,Mobile,Mongolia
2733,2025-02-11,SEO,Desktop,Mongolia
2734,2025-09-27,Direct,Mobile,Mongolia
2735,2025-08-17,Direct,Desktop,Mongolia
2736,2025-09-28,Referral,Desktop,Mongolia
2737,2025-12-27,Direct,Desktop,Mongolia
2738,2025-07-05,Google Ads,Mobile,Mongolia
2739,2025-02-09,Direct,Mobile,Mongolia
2740,2025-10-16,SEO,Mobile,Mongolia
2741,2025-02-27,SEO,Desktop,Mongolia
2742,2025-02-01,SEO,Mobile,Mongolia
2743,2025-10-08,SEO,Desktop,Mongolia
2744,2025-09-16,SEO,Tablet,Mongolia
2745,2025-04-14,Google Ads,Mobile,Mongolia
2746,2025-10-21,Referral,Desktop,Mongolia
2747,2025-10-02,Google Ads,Desktop,Mongolia
2748,2025-03-18,SEO,Tablet,Mongolia
2749,2025-03-26,Referral,Tablet,Mongolia
2750,2025-06-17,Google Ads,Desktop,Mongolia
2751,2025-09-24,SEO,Mobile,Mongolia
2752,2025-08-15,Google Ads,Desktop,Mongolia
2753,2025-03-01,SEO,Mobile,Mongolia
2754,2025-12-15,SEO,Desktop,Mongolia
2755,2025-04-16,Direct,Desktop,Mongolia
2756,2025-10-26,SEO,Mobile,Mongolia
2757,2025-09-08,SEO,Desktop,Mongolia
2758,2025-02-16,Referral,Mobile,Mongolia
2759,2025-09-19,Referral,Mobile,Mongolia
2760,2025-08-17,SEO,Mobile,Mongolia
2761,2025-01-29,SEO,Desktop,Mongolia
2762,2025-08-21,SEO,Desktop,Mongolia
2763,2025-03-09,Google Ads,Desktop,Mongolia
2764,2025-09-20,SEO,Mobile,Mongolia
2765,2025-08-01,SEO,Desktop,Mongolia
2766,2025-08-22,Direct,Desktop,Mongolia
2767,2025-10-16,Google Ads,Mobile,Mongolia
2768,2025-01-30,SEO,Mobile,Mongolia
2769,2025-10-14,Google Ads,Mobile,Mongolia
2770,2025-08-25,Google Ads,Desktop,Mongolia
2771,2025-12-11,SEO,Desktop,Mongolia
2772,2025-06-07,SEO,Desktop,Mongolia
2773,2025-01-12,Referral,Mobile,Mongolia
2774,2025-07-22,SEO,Desktop,Mongolia
2775,2025-05-11,Google Ads,Mobile,Mongolia
2776,2025-01-02,SEO,Mobile,Mongolia
2777,2025-04-22,SEO,Desktop,Mongolia
2778,2025-10-24,SEO,Mobile,Mongolia
2779,2025-02-07,SEO,Desktop,Mongolia
2780,2025-01-24,SEO,Mobile,Mongolia
2781,2025-08-05,SEO,Desktop,Mongolia
2782,2025-06-26,Referral,Mobile,Mongolia
2783,2025-12-25,Direct,Mobile,Mongolia
2784,2025-02-02,Referral,Mobile,Mongolia
2785,2025-10-05,Referral,Mobile,Mongolia
2786,2025-01-31,SEO,Desktop,Mongolia
2787,2025-02-05,Direct,Mobile,Mongolia
2788,2025-08-30,SEO,Desktop,Mongolia
2789,2025-01-17,Direct,Tablet,Mongolia
2790,2025-05-27,Direct,Mobile,Mongolia
2791,2025-07-29,Referral,Mobile,Mongolia
2792,2025-04-03,Direct,Desktop,Mongolia
2793,2025-03-11,Google Ads,Tablet,Mongolia
2794,2025-11-25,SEO,Desktop,Mongolia
2795,2025-11-27,SEO,Mobile,Mongolia
2796,2025-08-04,Google Ads,Desktop,Mongolia
2797,2025-07-11,SEO,Mobile,Mongolia
2798,2025-07-15,Google Ads,Tablet,Mongolia
2799,2025-08-18,Direct,Tablet,Mongolia
2800,2025-07-13,SEO,Mobile,Mongolia
2801,2025-07-12,Referral,Mobile,Mongolia
2802,2025-02-11,Direct,Mobile,Mongolia
2803,2025-12-16,Direct,Mobile,Mongolia
2804,2025-12-05,Direct,Desktop,Mongolia
2805,2025-10-04,Google Ads,Mobile,Mongolia
2806,2025-03-10,Direct,Mobile,Mongolia
2807,2025-12-01,Referral,Mobile,Mongolia
2808,2025-06-28,SEO,Tablet,Mongolia
2809,2025-03-02,SEO,Desktop,Mongolia
2810,2025-04-02,Referral,Mobile,Mongolia
2811,2025-10-03,SEO,Mobile,Mongolia
2812,2025-07-21,Google Ads,Tablet,Mongolia
2813,2025-09-28,Google Ads,Desktop,Mongolia
2814,2025-03-07,SEO,Mobile,Mongolia
2815,2025-04-25,Google Ads,Mobile,Mongolia
2816,2025-01-02,Referral,Mobile,Mongolia
2817,2025-01-12,SEO,Mobile,Mongolia
2818,2025-06-02,SEO,Mobile,Mongolia
2819,2025-08-26,SEO,Desktop,Mongolia
2820,2025-12-11,SEO,Mobile,Mongolia
2821,2025-10-06,Direct,Desktop,Mongolia
2822,2025-08-06,SEO,Mobile,Mongolia
2823,2025-09-30,Google Ads,Desktop,Mongolia
2824,2025-07-14,SEO,Desktop,Mongolia
2825,2025-04-28,SEO,Mobile,Mongolia
2826,2025-05-07,Referral,Mobile,Mongolia
2827,2025-08-24,Referral,Desktop,Mongolia
2828,2025-06-27,SEO,Mobile,Mongolia
2829,2025-03-21,SEO,Mobile,Mongolia
2830,2025-05-22,SEO,Mobile,Mongolia
2831,2025-04-07,SEO,Tablet,Mongolia
2832,2025-02-27,Google Ads,Mobile,Mongolia
2833,2025-01-17,SEO,Desktop,Mongolia
2834,2025-12-05,SEO,Mobile,Mongolia
2835,2025-08-03,SEO,Desktop,Mongolia
2836,2025-11-11,Direct,Mobile,Mongolia
2837,2025-01-09,Direct,Desktop,Mongolia
2838,2025-05-04,SEO,Mobile,Mongolia
2839,2025-04-16,Referral,Desktop,Mongolia
2840,2025-02-04,SEO,Desktop,Mongolia
2841,2025-02-21,SEO,Mobile,Mongolia
2842,2025-11-01,Referral,Mobile,Mongolia
2843,2025-01-18,Direct,Mobile,Mongolia
2844,2025-08-17,Direct,Mobile,Mongolia
2845,2025-11-03,Google Ads,Desktop,Mongolia
2846,2025-12-11,SEO,Mobile,Mongolia
2847,2025-12-27,Referral,Mobile,Mongolia
2848,2025-01-25,SEO,Desktop,Mongolia
2849,2025-05-06,Google Ads,Mobile,Mongolia
2850,2025-01-23,SEO,Mobile,Mongolia
2851,2025-07-25,Google Ads,Mobile,Mongolia
2852,2025-08-13,SEO,Tablet,Mongolia
2853,2025-04-30,SEO,Desktop,Mongolia
2854,2025-10-04,Direct,Desktop,Mongolia
2855,2025-04-22,SEO,Mobile,Mongolia
2856,2025-01-29,Google Ads,Desktop,Mongolia
2857,2025-03-13,SEO,Mobile,Mongolia
2858,2025-09-15,SEO,Mobile,Mongolia
2859,2025-05-29,SEO,Mobile,Mongolia
2860,2025-04-30,SEO,Mobile,Mongolia
2861,2025-10-22,Referral,Mobile,Mongolia
2862,2025-06-13,SEO,Mobile,Mongolia
2863,2025-10-23,Direct,Mobile,Mongolia
2864,2025-11-03,Google Ads,Mobile,Mongolia
2865,2025-12-11,SEO,Desktop,Mongolia
2866,2025-06-14,Google Ads,Mobile,Mongolia
2867,2025-05-02,Google Ads,Desktop,Mongolia
2868,2025-06-04,Referral,Mobile,Mongolia
2869,2025-03-15,SEO,Desktop,Mongolia
2870,2025-12-05,SEO,Mobile,Mongolia
2871,2025-09-24,Referral,Mobile,Mongolia
2872,2025-04-24,Direct,Mobile,Mongolia
2873,2025-07-31,Referral,Desktop,Mongolia
2874,2025-06-03,SEO,Desktop,Mongolia
2875,2025-05-21,Referral,Mobile,Mongolia
2876,2025-02-01,SEO,Mobile,Mongolia
2877,2025-10-13,SEO,Desktop,Mongolia
2878,2025-10-30,SEO,Desktop,Mongolia
2879,2025-03-31,Google Ads,Mobile,Mongolia
2880,2025-11-17,SEO,Mobile,Mongolia
2881,2025-12-14,SEO,Mobile,Mongolia
2882,2025-08-07,Referral,Desktop,Mongolia
2883,2025-10-12,SEO,Mobile,Mongolia
2884,2025-09-11,SEO,Tablet,Mongolia
2885,2025-01-25,SEO,Mobile,Mongolia
2886,2025-06-26,Direct,Mobile,Mongolia
2887,2025-11-26,Google Ads,Mobile,Mongolia
2888,2025-12-10,SEO,Desktop,Mongolia
2889,2025-07-15,Referral,Desktop,Mongolia
2890,2025-09-26,Referral,Mobile,Mongolia
2891,2025-06-13,SEO,Desktop,Mongolia
2892,2025-12-23,Google Ads,Mobile,Mongolia
2893,2025-08-02,Referral,Mobile,Mongolia
2894,2025-07-29,Google Ads,Mobile,Mongolia
2895,2025-03-18,SEO,Mobile,Mongolia
2896,2025-06-03,Referral,Mobile,Mongolia
2897,2025-07-12,Google Ads,Desktop,Mongolia
2898,2025-04-05,SEO,Mobile,Mongolia
2899,2025-10-03,SEO,Tablet,Mongolia
2900,2025-08-31,SEO,Mobile,Mongolia
2901,2025-05-04,SEO,Desktop,Mongolia
2902,2025-04-26,Referral,Mobile,Mongolia
2903,2025-06-03,SEO,Mobile,Mongolia
2904,2025-12-29,SEO,Mobile,Mongolia
2905,2025-03-15,Google Ads,Mobile,Mongolia
2906,2025-08-26,SEO,Desktop,Mongolia
2907,2025-01-30,Direct,Mobile,Mongolia
2908,2025-10-15,SEO,Desktop,Mongolia
2909,2025-07-31,SEO,Mobile,Mongolia
2910,2025-08-02,SEO,Mobile,Mongolia
2911,2025-10-13,SEO,Mobile,Mongolia
2912,2025-09-29,SEO,Desktop,Mongolia
2913,2025-03-10,Referral,Desktop,Mongolia
2914,2025-07-18,Direct,Mobile,Mongolia
2915,2025-05-05,SEO,Mobile,Mongolia
2916,2025-05-11,Google Ads,Mobile,Mongolia
2917,2025-04-15,Referral,Tablet,Mongolia
2918,2025-06-19,Referral,Desktop,Mongolia
2919,2025-11-28,SEO,Mobile,Mongolia
2920,2025-02-10,SEO,Mobile,Mongolia
2921,2025-08-19,SEO,Mobile,Mongolia
2922,2025-07-09,Referral,Tablet,Mongolia
2923,2025-02-17,Referral,Mobile,Mongolia
2924,2025-10-02,SEO,Desktop,Mongolia
2925,2025-04-08,SEO,Mobile,Mongolia
2926,2025-01-27,Direct,Desktop,Mongolia
2927,2025-05-18,Referral,Desktop,Mongolia
2928,2025-07-13,Direct,Desktop,Mongolia
2929,2025-12-11,Referral,Desktop,Mongolia
2930,2025-11-06,SEO,Desktop,Mongolia
2931,2025-11-05,Google Ads,Mobile,Mongolia
2932,2025-01-21,Google Ads,Mobile,Mongolia
2933,2025-02-07,SEO,Mobile,Mongolia
2934,2025-04-07,Google Ads,Tablet,Mongolia
2935,2025-10-28,Referral,Mobile,Mongolia
2936,2025-12-10,SEO,Desktop,Mongolia
2937,2025-10-14,Referral,Desktop,Mongolia
2938,2025-04-22,Google Ads,Mobile,Mongolia
2939,2025-09-03,Direct,Mobile,Mongolia
2940,2025-04-17,SEO,Mobile,Mongolia
2941,2025-06-20,SEO,Mobile,Mongolia
2942,2025-06-05,Google Ads,Mobile,Mongolia
2943,2025-01-08,SEO,Mobile,Mongolia
2944,2025-04-19,Referral,Desktop,Mongolia
2945,2025-04-08,Referral,Tablet,Mongolia
2946,2025-03-02,SEO,Mobile,Mongolia
2947,2025-09-03,Google Ads,Mobile,Mongolia
2948,2025-05-05,Google Ads,Mobile,Mongolia
2949,2025-12-23,SEO,Desktop,Mongolia
2950,2025-11-06,Direct,Desktop,Mongolia
2951,2025-12-27,Referral,Mobile,Mongolia
2952,2025-04-15,Google Ads,Mobile,Mongolia
2953,2025-07-23,Referral,Desktop,Mongolia
2954,2025-05-03,SEO,Desktop,Mongolia
2955,2025-10-10,Direct,Mobile,Mongolia
2956,2025-06-14,Google Ads,Desktop,Mongolia
2957,2025-05-25,Referral,Mobile,Mongolia
2958,2025-07-14,Referral,Mobile,Mongolia
2959,2025-08-27,SEO,Desktop,Mongolia
2960,2025-10-01,Referral,Desktop,Mongolia
2961,2025-11-29,SEO,Mobile,Mongolia
2962,2025-07-03,SEO,Desktop,Mongolia
2963,2025-06-07,SEO,Mobile,Mongolia
2964,2025-05-14,Direct,Desktop,Mongolia
2965,2025-07-04,Referral,Mobile,Mongolia
2966,2025-09-20,Referral,Desktop,Mongolia
2967,2025-09-12,Referral,Desktop,Mongolia
2968,2025-08-27,Google Ads,Mobile,Mongolia
2969,2025-02-20,Direct,Desktop,Mongolia
2970,2025-08-29,SEO,Desktop,Mongolia
2971,2025-06-13,SEO,Desktop,Mongolia
2972,2025-04-15,SEO,Mobile,Mongolia
2973,2025-07-09,Referral,Desktop,Mongolia
2974,2025-06-10,Referral,Desktop,Mongolia
2975,2025-07-31,SEO,Mobile,Mongolia
2976,2025-01-24,SEO,Tablet,Mongolia
2977,2025-10-16,Referral,Mobile,Mongolia
2978,2025-04-24,SEO,Mobile,Mongolia
2979,2025-03-16,Referral,Mobile,Mongolia
2980,2025-01-09,Direct,Mobile,Mongolia
2981,2025-05-14,SEO,Desktop,Mongolia
2982,2025-10-11,SEO,Mobile,Mongolia
2983,2025-10-27,Referral,Tablet,Mongolia
2984,2025-10-24,Referral,Mobile,Mongolia
2985,2025-08-02,Google Ads,Mobile,Mongolia
2986,2025-06-01,Direct,Mobile,Mongolia
2987,2025-03-20,SEO,Mobile,Mongolia
2988,2025-04-11,Google Ads,Desktop,Mongolia
2989,2025-06-18,Referral,Desktop,Mongolia
2990,2025-04-28,Referral,Desktop,Mongolia
2991,2025-07-14,SEO,Mobile,Mongolia
2992,2025-10-19,Referral,Mobile,Mongolia
2993,2025-05-06,Google Ads,Mobile,Mongolia
2994,2025-09-13,SEO,Mobile,Mongolia
2995,2025-10-09,SEO,Mobile,Mongolia
2996,2025-12-02,Referral,Desktop,Mongolia
2997,2025-12-17,SEO,Mobile,Mongolia
2998,2025-06-22,SEO,Desktop,Mongolia
2999,2025-05-12,SEO,Mobile,Mongolia
3000,2025-09-08,Referral,Mobile,Mongolia
