AgeGroup,Gender,Location,Employment,Income,Education,LegalIssue,LegalFrequency,UrgencyScore,FindLawyerMethod,MainDifficulty,TimeToFindLawyer,Satisfaction,AppInterest,PreferredConsultation,PayLikelihood,ConsultBudget,SubscriptionInterest,SubscriptionBudget,TrustFactor,AITrust,NPS
35-44,Male,Ulaanbaatar,Student,1M-2M,Bachelor,Criminal,FewYears,2,OnlineSearch,SlowResponse,SameDay,5,Yes,InPerson,3,Free,Maybe,20k-50k,SecurePayments,Maybe,4
18-24,Male,Rural,Employee,1M-2M,Master,Labor,FewYears,3,OnlineSearch,SlowResponse,SameDay,4,No,Video,5,30k-50k,Maybe,20k-50k,VerifiedLawyers,Maybe,4
18-24,Male,Ulaanbaatar,Employee,1M-2M,Master,Business,Once,2,OnlineSearch,SlowResponse,SameDay,1,Maybe,Chat,1,Free,Yes,<20k,Reviews,No,7
25-34,Female,Ulaanbaatar,Student,2M-4M,Bachelor,Business,Once,2,SocialMedia,SlowResponse,<1hr,2,Maybe,Chat,4,100k+,Yes,<20k,SecurePayments,Maybe,1
35-44,Female,Other City,Business Owner,<1M,HighSchool,Labor,Once,1,LawFirm,ComplexProcess,SameDay,2,Yes,Chat,1,10k-30k,Maybe,20k-50k,SecurePayments,Yes,3
25-34,Female,Ulaanbaatar,Unemployed,<1M,HighSchool,Labor,Once,3,LawFirm,TrustIssue,SameDay,2,Yes,Phone,3,50k-100k,Maybe,<20k,SecurePayments,Maybe,8
55+,Female,Ulaanbaatar,Student,<1M,Bachelor,Business,FewYears,2,GovAid,ComplexProcess,SameDay,2,Yes,Chat,4,50k-100k,No,<20k,TransparentPricing,Maybe,8
35-44,Male,Ulaanbaatar,Business Owner,1M-2M,Doctorate,Divorce,Yearly,1,LawFirm,ComplexProcess,SameDay,1,Maybe,InPerson,3,10k-30k,Maybe,50k-100k,VerifiedLawyers,Maybe,4
25-34,Female,Ulaanbaatar,Student,1M-2M,Doctorate,Business,FewYears,3,PersonalContact,TrustIssue,Week+,3,Yes,InPerson,4,Free,Yes,100k+,TransparentPricing,Maybe,10
25-34,Male,Ulaanbaatar,Employee,6M+,Bachelor,Immigration,Yearly,5,PersonalContact,SlowResponse,SeveralDays,1,Yes,Video,5,50k-100k,No,50k-100k,TransparentPricing,Yes,8
25-34,Male,Other City,Student,<1M,Bachelor,Other,Once,5,PersonalContact,SlowResponse,SeveralDays,1,No,Chat,5,50k-100k,No,<20k,GovPartnership,Maybe,1
35-44,Male,Ulaanbaatar,Student,1M-2M,Bachelor,Divorce,FewYears,5,SocialMedia,SlowResponse,SeveralDays,1,Yes,Chat,3,Free,No,20k-50k,TransparentPricing,Maybe,3
25-34,Female,Ulaanbaatar,Employee,4M-6M,Bachelor,Immigration,Yearly,3,OnlineSearch,SlowResponse,Week+,1,Yes,Phone,5,30k-50k,Maybe,<20k,Reviews,No,10
18-24,Female,Ulaanbaatar,Employee,2M-4M,HighSchool,Immigration,FewYears,1,OnlineSearch,SlowResponse,SeveralDays,4,Maybe,InPerson,3,30k-50k,Maybe,50k-100k,TransparentPricing,Maybe,2
25-34,Female,Rural,Student,<1M,Master,Immigration,Once,5,SocialMedia,TrustIssue,SameDay,3,No,Video,4,50k-100k,Maybe,20k-50k,TransparentPricing,Maybe,2
35-44,Female,Ulaanbaatar,Freelancer,1M-2M,HighSchool,Divorce,Once,1,PersonalContact,TrustIssue,SameDay,3,Yes,Chat,4,30k-50k,Yes,<20k,GovPartnership,No,1
18-24,Female,Ulaanbaatar,Student,2M-4M,HighSchool,Other,Once,5,PersonalContact,SlowResponse,SeveralDays,4,Yes,Phone,1,50k-100k,Maybe,50k-100k,GovPartnership,Maybe,5
18-24,Male,Ulaanbaatar,Business Owner,<1M,HighSchool,Business,SeveralPerYear,2,OnlineSearch,TrustIssue,SeveralDays,1,Yes,Phone,2,50k-100k,No,100k+,TransparentPricing,No,6
25-34,Female,Ulaanbaatar,Employee,6M+,HighSchool,Business,Once,2,PersonalContact,TrustIssue,SeveralDays,3,Yes,InPerson,2,10k-30k,Maybe,<20k,TransparentPricing,Maybe,9
25-34,Female,Ulaanbaatar,Employee,1M-2M,Bachelor,Divorce,FewYears,3,LawFirm,TrustIssue,SeveralDays,5,Maybe,InPerson,1,100k+,Maybe,<20k,VerifiedLawyers,No,3
25-34,Female,Other City,Freelancer,1M-2M,HighSchool,Divorce,Once,5,PersonalContact,Transparency,<1hr,3,Maybe,InPerson,1,50k-100k,No,<20k,GovPartnership,Maybe,8
45-54,Male,Ulaanbaatar,Student,<1M,HighSchool,Property,Once,4,SocialMedia,Transparency,SeveralDays,2,Maybe,Phone,2,50k-100k,Yes,20k-50k,SecurePayments,Maybe,7
35-44,Male,Other City,Student,<1M,Bachelor,Property,Once,5,PersonalContact,HighCost,Week+,2,Maybe,Video,3,100k+,Maybe,<20k,VerifiedLawyers,Maybe,4
25-34,Female,Rural,Employee,1M-2M,Bachelor,Business,FewYears,5,SocialMedia,ComplexProcess,SameDay,2,Yes,InPerson,4,30k-50k,Maybe,20k-50k,GovPartnership,Maybe,3
35-44,Female,Ulaanbaatar,Student,<1M,Bachelor,Divorce,FewYears,2,LawFirm,HighCost,SeveralDays,4,Yes,Video,5,50k-100k,Yes,50k-100k,VerifiedLawyers,Maybe,5
25-34,Female,Ulaanbaatar,Business Owner,1M-2M,Master,Other,FewYears,4,OnlineSearch,Transparency,SeveralDays,1,Yes,Video,3,10k-30k,Maybe,100k+,Reviews,Maybe,3
25-34,Male,Ulaanbaatar,Student,1M-2M,Bachelor,Property,Yearly,3,LawFirm,SlowResponse,SameDay,5,Yes,Video,4,30k-50k,Yes,<20k,Reviews,Maybe,1
18-24,Male,Ulaanbaatar,Employee,2M-4M,HighSchool,Business,Once,3,SocialMedia,HighCost,<1hr,2,Maybe,Chat,3,30k-50k,Maybe,<20k,TransparentPricing,No,1
18-24,Male,Ulaanbaatar,Student,4M-6M,Bachelor,Criminal,Once,2,LawFirm,ComplexProcess,Week+,1,Yes,Chat,5,10k-30k,No,20k-50k,SecurePayments,No,6
25-34,Female,Rural,Student,1M-2M,HighSchool,Other,Once,1,PersonalContact,Transparency,<1hr,5,Yes,Chat,4,Free,No,100k+,TransparentPricing,Maybe,0
18-24,Female,Other City,Student,2M-4M,Master,Divorce,FewYears,2,PersonalContact,SlowResponse,<1hr,2,Maybe,Phone,1,50k-100k,No,20k-50k,VerifiedLawyers,Yes,9
25-34,Male,Ulaanbaatar,Employee,6M+,Master,Property,FewYears,1,PersonalContact,ComplexProcess,<1hr,5,No,Chat,1,100k+,No,50k-100k,GovPartnership,No,5
25-34,Female,Ulaanbaatar,Employee,6M+,Master,Property,FewYears,2,OnlineSearch,SlowResponse,SeveralDays,5,Maybe,Video,4,10k-30k,No,<20k,TransparentPricing,No,2
25-34,Male,Ulaanbaatar,Employee,<1M,Master,Property,FewYears,5,OnlineSearch,HighCost,SeveralDays,3,Yes,Phone,2,30k-50k,No,<20k,Reviews,No,9
25-34,Male,Ulaanbaatar,Employee,1M-2M,Bachelor,Other,SeveralPerYear,3,SocialMedia,ComplexProcess,SameDay,4,Yes,InPerson,2,30k-50k,No,<20k,TransparentPricing,Yes,1
18-24,Female,Ulaanbaatar,Employee,2M-4M,Bachelor,Business,FewYears,5,LawFirm,SlowResponse,Week+,5,Maybe,Chat,4,Free,Maybe,50k-100k,GovPartnership,Yes,5
25-34,Male,Rural,Employee,<1M,Bachelor,Business,Once,5,OnlineSearch,TrustIssue,SameDay,4,Yes,Chat,5,50k-100k,Yes,50k-100k,TransparentPricing,Maybe,10
45-54,Male,Ulaanbaatar,Employee,1M-2M,Bachelor,Divorce,Once,4,PersonalContact,ComplexProcess,SameDay,1,Maybe,InPerson,2,10k-30k,Maybe,<20k,Reviews,Maybe,7
55+,Female,Ulaanbaatar,Employee,4M-6M,Master,Divorce,Once,5,SocialMedia,SlowResponse,SeveralDays,4,Maybe,Video,4,10k-30k,Maybe,<20k,TransparentPricing,No,8
25-34,Female,Ulaanbaatar,Student,4M-6M,Bachelor,Other,Once,5,OnlineSearch,TrustIssue,Week+,3,Yes,Phone,3,10k-30k,Maybe,20k-50k,GovPartnership,Yes,2
25-34,Male,Other City,Business Owner,<1M,Bachelor,Divorce,Once,4,PersonalContact,HighCost,Week+,2,Maybe,Chat,2,30k-50k,Maybe,<20k,TransparentPricing,Yes,9
18-24,Female,Ulaanbaatar,Business Owner,2M-4M,Bachelor,Property,SeveralPerYear,2,PersonalContact,HighCost,SameDay,2,Maybe,Chat,4,50k-100k,No,100k+,VerifiedLawyers,Yes,5
18-24,Male,Rural,Student,2M-4M,Bachelor,Other,Yearly,4,OnlineSearch,TrustIssue,SeveralDays,2,Yes,Video,4,30k-50k,Maybe,<20k,TransparentPricing,Maybe,6
25-34,Male,Rural,Business Owner,<1M,Master,Divorce,FewYears,4,OnlineSearch,HighCost,Week+,2,Yes,Phone,5,30k-50k,Maybe,100k+,TransparentPricing,Maybe,7
45-54,Female,Ulaanbaatar,Employee,2M-4M,Doctorate,Divorce,FewYears,5,LawFirm,HighCost,SeveralDays,5,Yes,InPerson,1,10k-30k,Maybe,<20k,GovPartnership,Maybe,8
18-24,Female,Ulaanbaatar,Unemployed,2M-4M,Bachelor,Divorce,FewYears,1,OnlineSearch,HighCost,<1hr,1,Maybe,InPerson,4,10k-30k,Maybe,20k-50k,VerifiedLawyers,Maybe,3
25-34,Male,Rural,Business Owner,<1M,HighSchool,Business,Once,4,PersonalContact,SlowResponse,SeveralDays,3,Maybe,Chat,4,10k-30k,No,50k-100k,TransparentPricing,Maybe,5
55+,Male,Ulaanbaatar,Unemployed,2M-4M,Master,Business,FewYears,3,PersonalContact,SlowResponse,SeveralDays,4,No,Phone,3,10k-30k,Maybe,20k-50k,GovPartnership,No,5
25-34,Female,Ulaanbaatar,Business Owner,Unknown,Bachelor,Labor,FewYears,2,PersonalContact,SlowResponse,SameDay,2,Yes,Chat,3,30k-50k,Yes,20k-50k,VerifiedLawyers,Yes,10
25-34,Male,Ulaanbaatar,Student,1M-2M,Bachelor,Business,FewYears,3,PersonalContact,HighCost,SeveralDays,5,No,Chat,2,30k-50k,No,50k-100k,SecurePayments,Maybe,2
18-24,Female,Ulaanbaatar,Freelancer,<1M,Master,Immigration,FewYears,3,SocialMedia,Transparency,<1hr,2,Maybe,Video,1,Free,Yes,20k-50k,SecurePayments,Maybe,9
35-44,Female,Other City,Student,6M+,Bachelor,Immigration,Once,2,PersonalContact,Transparency,SameDay,2,No,Phone,2,10k-30k,Maybe,50k-100k,TransparentPricing,No,4
25-34,Female,Ulaanbaatar,Business Owner,1M-2M,Bachelor,Business,Once,4,PersonalContact,TrustIssue,SeveralDays,3,Yes,InPerson,2,30k-50k,Maybe,50k-100k,Reviews,No,5
25-34,Male,Ulaanbaatar,Employee,2M-4M,HighSchool,Business,Yearly,1,PersonalContact,TrustIssue,SameDay,4,Maybe,InPerson,1,10k-30k,Maybe,20k-50k,VerifiedLawyers,Maybe,2
25-34,Male,Rural,Freelancer,4M-6M,Master,Property,Once,5,LawFirm,TrustIssue,SeveralDays,1,Maybe,InPerson,1,10k-30k,Maybe,50k-100k,GovPartnership,Maybe,1
18-24,Male,Ulaanbaatar,Student,2M-4M,Master,Divorce,Once,4,GovAid,TrustIssue,<1hr,3,Maybe,Phone,4,30k-50k,Maybe,20k-50k,VerifiedLawyers,No,2
25-34,Female,Ulaanbaatar,Business Owner,<1M,Master,Immigration,SeveralPerYear,1,OnlineSearch,SlowResponse,SeveralDays,1,No,Chat,4,50k-100k,Maybe,20k-50k,SecurePayments,No,6
35-44,Male,Ulaanbaatar,Employee,6M+,HighSchool,Divorce,Yearly,4,PersonalContact,ComplexProcess,SeveralDays,2,No,Video,5,30k-50k,Maybe,20k-50k,TransparentPricing,Yes,6
45-54,Female,Rural,Employee,4M-6M,Bachelor,Labor,Once,1,LawFirm,SlowResponse,<1hr,2,Yes,Chat,3,30k-50k,Yes,50k-100k,TransparentPricing,Maybe,6
25-34,Female,Ulaanbaatar,Student,2M-4M,Bachelor,Business,FewYears,5,LawFirm,ComplexProcess,Week+,2,Yes,InPerson,5,100k+,Maybe,<20k,VerifiedLawyers,No,10
35-44,Male,Rural,Employee,1M-2M,HighSchool,Divorce,FewYears,2,PersonalContact,TrustIssue,SameDay,4,Yes,InPerson,5,10k-30k,Yes,<20k,GovPartnership,Yes,5
25-34,Female,Other City,Student,1M-2M,HighSchool,Business,Once,1,SocialMedia,ComplexProcess,SeveralDays,4,Yes,Chat,2,30k-50k,Maybe,20k-50k,TransparentPricing,Maybe,5
25-34,Male,Rural,Business Owner,6M+,Bachelor,Property,Once,5,PersonalContact,TrustIssue,<1hr,3,Yes,Chat,5,30k-50k,Maybe,50k-100k,GovPartnership,No,3
35-44,Male,Ulaanbaatar,Employee,1M-2M,Bachelor,Immigration,Once,2,PersonalContact,HighCost,SameDay,2,Yes,Chat,4,100k+,No,50k-100k,GovPartnership,Maybe,5
45-54,Male,Ulaanbaatar,Business Owner,1M-2M,Master,Business,FewYears,2,LawFirm,Transparency,<1hr,3,Maybe,Chat,4,100k+,Yes,<20k,GovPartnership,Yes,1
18-24,Female,Other City,Employee,2M-4M,Bachelor,Business,Once,5,GovAid,Transparency,SeveralDays,2,Maybe,Phone,5,10k-30k,No,<20k,TransparentPricing,No,10
35-44,Female,Ulaanbaatar,Business Owner,1M-2M,Bachelor,Other,Yearly,1,GovAid,ComplexProcess,SeveralDays,5,Yes,Phone,1,30k-50k,No,50k-100k,Reviews,Maybe,2
18-24,Female,Rural,Business Owner,1M-2M,Bachelor,Business,FewYears,5,PersonalContact,SlowResponse,SeveralDays,4,Yes,Phone,2,100k+,No,<20k,TransparentPricing,Maybe,5
18-24,Male,Ulaanbaatar,Freelancer,2M-4M,Master,Divorce,Once,2,PersonalContact,ComplexProcess,SameDay,3,Yes,InPerson,5,30k-50k,No,20k-50k,SecurePayments,Yes,9
25-34,Male,Other City,Employee,2M-4M,Master,Property,SeveralPerYear,3,PersonalContact,SlowResponse,Week+,1,No,Phone,1,30k-50k,Yes,<20k,Reviews,Yes,6
18-24,Female,Ulaanbaatar,Unemployed,2M-4M,Bachelor,Divorce,FewYears,2,OnlineSearch,HighCost,SeveralDays,1,Yes,Video,4,30k-50k,Maybe,<20k,SecurePayments,No,9
45-54,Male,Ulaanbaatar,Employee,2M-4M,Bachelor,Property,SeveralPerYear,4,GovAid,Transparency,SameDay,2,Maybe,InPerson,2,10k-30k,No,50k-100k,SecurePayments,Maybe,7
25-34,Female,Ulaanbaatar,Employee,2M-4M,Bachelor,Divorce,Once,1,LawFirm,TrustIssue,SeveralDays,4,Maybe,Chat,5,10k-30k,No,50k-100k,GovPartnership,Maybe,3
35-44,Male,Ulaanbaatar,Employee,1M-2M,Bachelor,Other,Yearly,5,PersonalContact,SlowResponse,Week+,4,Maybe,Chat,5,10k-30k,Maybe,20k-50k,TransparentPricing,Maybe,1
18-24,Female,Ulaanbaatar,Unemployed,4M-6M,Doctorate,Business,FewYears,4,OnlineSearch,ComplexProcess,SameDay,3,Maybe,Chat,5,10k-30k,Maybe,50k-100k,VerifiedLawyers,No,7
25-34,Male,Ulaanbaatar,Employee,Unknown,Master,Business,Yearly,3,PersonalContact,SlowResponse,Week+,2,Yes,InPerson,4,10k-30k,Maybe,20k-50k,Reviews,Yes,3
25-34,Female,Ulaanbaatar,Employee,2M-4M,Bachelor,Immigration,Once,2,OnlineSearch,Transparency,SameDay,2,Maybe,InPerson,1,Free,Yes,<20k,Reviews,Maybe,2
18-24,Female,Ulaanbaatar,Freelancer,1M-2M,Bachelor,Business,SeveralPerYear,4,LawFirm,HighCost,Week+,4,Maybe,Chat,4,10k-30k,Maybe,<20k,VerifiedLawyers,Maybe,9
18-24,Female,Rural,Student,<1M,Bachelor,Business,FewYears,2,PersonalContact,SlowResponse,Week+,5,Yes,Video,3,10k-30k,No,20k-50k,VerifiedLawyers,Yes,6
35-44,Male,Ulaanbaatar,Employee,6M+,Bachelor,Divorce,Once,5,OnlineSearch,TrustIssue,SameDay,5,No,Video,5,50k-100k,Yes,<20k,Reviews,Maybe,5
18-24,Male,Ulaanbaatar,Business Owner,2M-4M,Bachelor,Criminal,SeveralPerYear,4,SocialMedia,HighCost,SameDay,2,No,Chat,2,30k-50k,Yes,20k-50k,SecurePayments,Yes,3
35-44,Male,Rural,Business Owner,2M-4M,Master,Property,SeveralPerYear,5,PersonalContact,ComplexProcess,SeveralDays,2,Yes,InPerson,4,10k-30k,Yes,20k-50k,VerifiedLawyers,No,10
25-34,Male,Other City,Unemployed,4M-6M,Bachelor,Criminal,Once,2,PersonalContact,ComplexProcess,Week+,2,Maybe,Chat,4,30k-50k,Yes,<20k,SecurePayments,Maybe,6
25-34,Female,Ulaanbaatar,Employee,<1M,Master,Divorce,Once,5,SocialMedia,ComplexProcess,Week+,4,Yes,Chat,2,30k-50k,Maybe,<20k,SecurePayments,Maybe,4
45-54,Female,Rural,Student,1M-2M,Bachelor,Property,Once,5,GovAid,SlowResponse,SeveralDays,2,Maybe,Phone,2,100k+,Maybe,20k-50k,Reviews,No,6
45-54,Female,Ulaanbaatar,Business Owner,6M+,Bachelor,Criminal,FewYears,5,LawFirm,ComplexProcess,Week+,5,Yes,InPerson,1,10k-30k,Yes,50k-100k,VerifiedLawyers,No,5
25-34,Male,Ulaanbaatar,Business Owner,1M-2M,HighSchool,Business,Once,5,OnlineSearch,Transparency,SeveralDays,3,Maybe,Video,3,100k+,Maybe,<20k,Reviews,Yes,6
18-24,Male,Ulaanbaatar,Employee,4M-6M,HighSchool,Business,FewYears,1,SocialMedia,SlowResponse,Week+,2,Maybe,Chat,2,50k-100k,Maybe,20k-50k,TransparentPricing,Yes,0
18-24,Male,Other City,Employee,2M-4M,Doctorate,Labor,Once,5,LawFirm,TrustIssue,Week+,2,Maybe,Video,1,10k-30k,Maybe,<20k,SecurePayments,Maybe,0
25-34,Male,Other City,Employee,2M-4M,HighSchool,Business,Once,3,LawFirm,TrustIssue,SameDay,4,Maybe,InPerson,3,10k-30k,No,20k-50k,VerifiedLawyers,No,0
35-44,Female,Other City,Employee,<1M,Doctorate,Labor,Once,3,LawFirm,SlowResponse,SameDay,1,Yes,Chat,3,10k-30k,Yes,<20k,Reviews,Yes,9
55+,Female,Ulaanbaatar,Unemployed,2M-4M,Bachelor,Divorce,FewYears,2,LawFirm,TrustIssue,SeveralDays,2,Yes,Phone,1,50k-100k,Yes,50k-100k,VerifiedLawyers,Maybe,8
25-34,Male,Ulaanbaatar,Business Owner,<1M,Bachelor,Divorce,SeveralPerYear,5,PersonalContact,Transparency,SeveralDays,2,Yes,Chat,5,30k-50k,Maybe,<20k,TransparentPricing,Maybe,5
35-44,Male,Ulaanbaatar,Employee,<1M,Bachelor,Divorce,FewYears,5,LawFirm,TrustIssue,SeveralDays,5,Maybe,InPerson,1,Free,Yes,20k-50k,TransparentPricing,No,9
25-34,Male,Ulaanbaatar,Business Owner,4M-6M,Master,Business,Once,4,OnlineSearch,Transparency,<1hr,4,Yes,Video,5,Free,No,50k-100k,GovPartnership,Yes,3
35-44,Female,Ulaanbaatar,Employee,Unknown,Bachelor,Business,Yearly,3,LawFirm,TrustIssue,<1hr,4,Yes,Phone,4,30k-50k,Maybe,100k+,GovPartnership,Maybe,7
18-24,Female,Ulaanbaatar,Employee,1M-2M,Bachelor,Property,Once,2,PersonalContact,Transparency,<1hr,5,Maybe,Video,1,10k-30k,Maybe,<20k,VerifiedLawyers,No,0
25-34,Male,Other City,Unemployed,1M-2M,Bachelor,Property,FewYears,4,PersonalContact,Transparency,SameDay,4,Maybe,Chat,1,10k-30k,No,<20k,SecurePayments,No,3
18-24,Female,Ulaanbaatar,Freelancer,<1M,Master,Immigration,Once,1,SocialMedia,TrustIssue,Week+,1,No,InPerson,3,10k-30k,No,20k-50k,SecurePayments,Maybe,1
25-34,Female,Ulaanbaatar,Student,1M-2M,Master,Immigration,Yearly,3,PersonalContact,HighCost,SameDay,2,Maybe,Chat,5,50k-100k,No,100k+,TransparentPricing,No,10
25-34,Female,Ulaanbaatar,Employee,4M-6M,Bachelor,Property,Yearly,3,OnlineSearch,SlowResponse,<1hr,2,Yes,Chat,2,50k-100k,Maybe,20k-50k,Reviews,No,10
35-44,Male,Ulaanbaatar,Unemployed,1M-2M,HighSchool,Other,FewYears,3,LawFirm,SlowResponse,SeveralDays,1,No,InPerson,1,30k-50k,Maybe,50k-100k,TransparentPricing,Yes,2
18-24,Female,Ulaanbaatar,Freelancer,1M-2M,HighSchool,Property,Once,2,SocialMedia,SlowResponse,SeveralDays,3,Yes,Phone,3,100k+,Maybe,<20k,VerifiedLawyers,Yes,10
18-24,Male,Other City,Employee,<1M,Doctorate,Divorce,FewYears,3,OnlineSearch,Transparency,SameDay,5,Maybe,Chat,5,50k-100k,Yes,20k-50k,VerifiedLawyers,Yes,8
25-34,Female,Ulaanbaatar,Employee,2M-4M,Bachelor,Business,Once,2,PersonalContact,Transparency,SameDay,5,Yes,Chat,3,30k-50k,No,<20k,GovPartnership,No,7
35-44,Male,Ulaanbaatar,Business Owner,2M-4M,Doctorate,Other,Once,2,OnlineSearch,ComplexProcess,SameDay,3,Maybe,Video,1,50k-100k,Yes,20k-50k,GovPartnership,No,9
45-54,Male,Ulaanbaatar,Unemployed,<1M,Bachelor,Immigration,FewYears,5,OnlineSearch,HighCost,SeveralDays,1,Yes,Chat,4,Free,No,50k-100k,Reviews,No,0
25-34,Male,Ulaanbaatar,Employee,1M-2M,Master,Property,Once,5,LawFirm,HighCost,Week+,3,Yes,Chat,5,30k-50k,Maybe,<20k,VerifiedLawyers,No,9
45-54,Male,Rural,Employee,4M-6M,Bachelor,Labor,Yearly,4,PersonalContact,TrustIssue,SeveralDays,3,Yes,InPerson,1,10k-30k,Maybe,50k-100k,SecurePayments,Maybe,10
25-34,Male,Ulaanbaatar,Employee,<1M,Bachelor,Business,Once,2,PersonalContact,TrustIssue,SameDay,3,Yes,Phone,3,10k-30k,No,20k-50k,Reviews,Maybe,6
18-24,Male,Rural,Freelancer,2M-4M,Bachelor,Immigration,Once,2,GovAid,TrustIssue,SameDay,3,Yes,Video,2,50k-100k,No,20k-50k,VerifiedLawyers,Yes,8
25-34,Female,Ulaanbaatar,Employee,2M-4M,Master,Criminal,Once,2,OnlineSearch,ComplexProcess,SeveralDays,1,Yes,Video,1,10k-30k,Yes,100k+,TransparentPricing,Maybe,10
18-24,Female,Ulaanbaatar,Employee,<1M,Bachelor,Immigration,FewYears,5,PersonalContact,Transparency,<1hr,1,Yes,Video,4,10k-30k,No,<20k,SecurePayments,No,6
35-44,Male,Other City,Employee,2M-4M,Master,Business,Once,3,OnlineSearch,TrustIssue,SameDay,3,Yes,Phone,4,Free,Yes,20k-50k,GovPartnership,Maybe,2
25-34,Male,Ulaanbaatar,Student,<1M,Bachelor,Divorce,Yearly,1,PersonalContact,ComplexProcess,Week+,2,Yes,Chat,4,30k-50k,Maybe,<20k,GovPartnership,Maybe,9
25-34,Female,Other City,Business Owner,1M-2M,HighSchool,Labor,SeveralPerYear,4,LawFirm,TrustIssue,SameDay,1,Maybe,Chat,5,30k-50k,Yes,<20k,GovPartnership,No,10
25-34,Female,Ulaanbaatar,Employee,6M+,HighSchool,Business,Yearly,2,GovAid,SlowResponse,<1hr,3,Yes,Video,1,30k-50k,Maybe,<20k,GovPartnership,Maybe,2
25-34,Male,Ulaanbaatar,Employee,2M-4M,Bachelor,Property,Once,3,LawFirm,HighCost,SameDay,5,No,Chat,5,10k-30k,Yes,<20k,TransparentPricing,No,9
18-24,Female,Ulaanbaatar,Freelancer,1M-2M,Master,Divorce,Once,3,OnlineSearch,Transparency,SameDay,3,Yes,Video,4,10k-30k,Maybe,20k-50k,Reviews,No,2
55+,Female,Ulaanbaatar,Employee,1M-2M,Master,Business,Yearly,5,OnlineSearch,Transparency,Week+,5,Yes,Video,3,10k-30k,Maybe,<20k,Reviews,Yes,2
45-54,Female,Rural,Employee,<1M,Bachelor,Divorce,Once,1,PersonalContact,SlowResponse,SameDay,2,Maybe,Phone,3,50k-100k,Maybe,100k+,SecurePayments,No,2
18-24,Female,Ulaanbaatar,Student,<1M,Bachelor,Business,Once,1,SocialMedia,TrustIssue,Week+,3,Yes,Video,2,10k-30k,No,100k+,SecurePayments,No,10
18-24,Female,Rural,Business Owner,4M-6M,Bachelor,Divorce,Once,1,PersonalContact,HighCost,SameDay,1,Maybe,Phone,3,50k-100k,Yes,<20k,TransparentPricing,Maybe,3
25-34,Male,Ulaanbaatar,Freelancer,<1M,Bachelor,Divorce,Once,5,LawFirm,HighCost,SeveralDays,3,Yes,Chat,4,50k-100k,Yes,<20k,VerifiedLawyers,Maybe,5
45-54,Male,Ulaanbaatar,Employee,2M-4M,Bachelor,Divorce,Once,3,SocialMedia,ComplexProcess,SeveralDays,3,Maybe,Phone,1,30k-50k,Maybe,100k+,TransparentPricing,Maybe,4
55+,Male,Rural,Unemployed,<1M,Bachelor,Divorce,Once,3,SocialMedia,TrustIssue,SameDay,2,No,InPerson,1,50k-100k,Maybe,50k-100k,Reviews,Yes,0
18-24,Other,Other City,Employee,2M-4M,Bachelor,Business,FewYears,1,SocialMedia,Transparency,SeveralDays,2,Yes,InPerson,1,100k+,Maybe,50k-100k,VerifiedLawyers,No,6
25-34,Male,Other City,Student,<1M,HighSchool,Labor,Once,5,SocialMedia,TrustIssue,SameDay,4,Yes,InPerson,5,30k-50k,Maybe,<20k,VerifiedLawyers,Maybe,0
35-44,Male,Other City,Student,6M+,Master,Divorce,SeveralPerYear,2,PersonalContact,HighCost,Week+,1,Yes,Phone,3,Free,Maybe,<20k,SecurePayments,Yes,10
25-34,Male,Ulaanbaatar,Business Owner,6M+,Bachelor,Other,Yearly,5,OnlineSearch,HighCost,SeveralDays,1,Yes,Chat,4,50k-100k,Maybe,20k-50k,Reviews,Yes,3
35-44,Male,Ulaanbaatar,Employee,1M-2M,HighSchool,Divorce,Once,4,SocialMedia,SlowResponse,<1hr,4,No,InPerson,3,100k+,No,<20k,GovPartnership,Maybe,6
18-24,Female,Ulaanbaatar,Freelancer,4M-6M,HighSchool,Criminal,FewYears,2,OnlineSearch,ComplexProcess,Week+,4,Yes,Chat,3,50k-100k,Maybe,50k-100k,Reviews,Yes,5
25-34,Male,Ulaanbaatar,Business Owner,1M-2M,Bachelor,Divorce,Once,2,PersonalContact,HighCost,Week+,4,Yes,Phone,5,10k-30k,Yes,20k-50k,GovPartnership,Maybe,8
45-54,Female,Rural,Student,2M-4M,Bachelor,Divorce,FewYears,2,LawFirm,HighCost,SameDay,4,Yes,Chat,4,50k-100k,Maybe,20k-50k,SecurePayments,Yes,8
55+,Female,Other City,Employee,<1M,Master,Property,Once,0,LawFirm,SlowResponse,SeveralDays,1,No,Video,7,30k-50k,Maybe,<20k,SecurePayments,No,7
18-24,Male,Rural,Student,2M-4M,Bachelor,Business,FewYears,5,PersonalContact,Transparency,Week+,4,Yes,Video,3,100k+,Maybe,50k-100k,VerifiedLawyers,Yes,5
25-34,Female,Rural,Business Owner,6M+,Master,Labor,Once,5,PersonalContact,SlowResponse,SameDay,5,Yes,Phone,2,Free,Maybe,20k-50k,SecurePayments,No,6
18-24,Male,Ulaanbaatar,Freelancer,<1M,HighSchool,Business,Once,5,PersonalContact,HighCost,Week+,4,Maybe,Video,5,30k-50k,Yes,20k-50k,SecurePayments,Maybe,9
25-34,Male,Ulaanbaatar,Employee,<1M,HighSchool,Other,SeveralPerYear,5,OnlineSearch,HighCost,SeveralDays,1,Yes,Chat,3,50k-100k,Maybe,20k-50k,Reviews,Maybe,8
25-34,Female,Other City,Employee,1M-2M,HighSchool,Divorce,Yearly,2,OnlineSearch,ComplexProcess,SeveralDays,5,Yes,Video,1,30k-50k,No,50k-100k,Reviews,Maybe,10
18-24,Female,Other City,Student,6M+,Bachelor,Divorce,Once,2,OnlineSearch,SlowResponse,<1hr,3,Yes,Video,4,30k-50k,Yes,50k-100k,GovPartnership,Yes,8
18-24,Female,Other City,Unemployed,1M-2M,Bachelor,Immigration,Once,1,SocialMedia,ComplexProcess,SameDay,4,No,Chat,1,10k-30k,Yes,50k-100k,TransparentPricing,No,7
45-54,Male,Ulaanbaatar,Employee,<1M,Bachelor,Business,Once,2,PersonalContact,Transparency,SeveralDays,3,Yes,InPerson,4,50k-100k,No,50k-100k,TransparentPricing,No,8
25-34,Female,Ulaanbaatar,Business Owner,<1M,Master,Divorce,FewYears,1,OnlineSearch,ComplexProcess,SameDay,5,Yes,Video,3,10k-30k,Yes,<20k,GovPartnership,Maybe,4
25-34,Female,Other City,Employee,1M-2M,Bachelor,Criminal,SeveralPerYear,2,PersonalContact,ComplexProcess,SeveralDays,5,No,Chat,1,10k-30k,Yes,<20k,GovPartnership,Yes,9
35-44,Female,Rural,Employee,2M-4M,Bachelor,Business,Yearly,3,PersonalContact,HighCost,SeveralDays,2,Yes,Chat,3,10k-30k,Yes,20k-50k,GovPartnership,Maybe,5
35-44,Male,Other City,Unemployed,1M-2M,Bachelor,Labor,Once,5,OnlineSearch,HighCost,SameDay,2,Yes,Chat,1,Free,Maybe,50k-100k,TransparentPricing,Yes,0
18-24,Male,Other City,Unemployed,1M-2M,Bachelor,Immigration,FewYears,2,GovAid,HighCost,Week+,5,Yes,Chat,3,30k-50k,Yes,50k-100k,Reviews,Yes,1
35-44,Female,Ulaanbaatar,Student,<1M,Master,Business,FewYears,2,PersonalContact,TrustIssue,SeveralDays,1,Maybe,Phone,5,10k-30k,Yes,20k-50k,VerifiedLawyers,Maybe,2
35-44,Male,Other City,Employee,2M-4M,Bachelor,Criminal,FewYears,5,PersonalContact,Transparency,SameDay,2,Yes,Chat,1,50k-100k,No,20k-50k,GovPartnership,No,1
18-24,Male,Rural,Student,1M-2M,Master,Divorce,Once,1,PersonalContact,ComplexProcess,SameDay,4,Maybe,Video,5,10k-30k,Maybe,50k-100k,Reviews,Maybe,3
35-44,Male,Ulaanbaatar,Business Owner,<1M,HighSchool,Criminal,Once,1,OnlineSearch,TrustIssue,Week+,2,No,Video,5,50k-100k,No,100k+,TransparentPricing,No,3
18-24,Male,Ulaanbaatar,Employee,1M-2M,Doctorate,Business,FewYears,5,OnlineSearch,Transparency,SameDay,5,Yes,Chat,3,10k-30k,Yes,20k-50k,GovPartnership,Maybe,9
18-24,Male,Ulaanbaatar,Unemployed,2M-4M,Bachelor,Labor,Once,1,PersonalContact,TrustIssue,SameDay,5,Yes,Chat,4,30k-50k,Yes,20k-50k,GovPartnership,Yes,7
35-44,Female,Ulaanbaatar,Business Owner,2M-4M,Master,Labor,Once,4,LawFirm,ComplexProcess,<1hr,2,Yes,Chat,5,50k-100k,Maybe,<20k,SecurePayments,Maybe,7
18-24,Female,Ulaanbaatar,Employee,2M-4M,Bachelor,Labor,Yearly,2,SocialMedia,SlowResponse,SameDay,4,Yes,Video,2,50k-100k,Yes,20k-50k,SecurePayments,Yes,1
35-44,Female,Ulaanbaatar,Employee,4M-6M,Bachelor,Business,Once,3,PersonalContact,HighCost,<1hr,3,Yes,Chat,2,Free,Maybe,<20k,VerifiedLawyers,No,0
45-54,Female,Ulaanbaatar,Student,1M-2M,Bachelor,Business,Once,1,LawFirm,Transparency,<1hr,4,Yes,Video,5,10k-30k,No,20k-50k,GovPartnership,No,6
35-44,Male,Other City,Student,<1M,HighSchool,Immigration,Once,3,LawFirm,SlowResponse,SeveralDays,4,Yes,Chat,5,30k-50k,No,20k-50k,VerifiedLawyers,Yes,0
25-34,Male,Other City,Freelancer,1M-2M,Doctorate,Property,Once,3,LawFirm,Transparency,<1hr,5,Yes,Video,2,10k-30k,Maybe,20k-50k,TransparentPricing,No,6
25-34,Male,Other City,Unemployed,<1M,Master,Other,SeveralPerYear,3,SocialMedia,Transparency,Week+,3,No,Chat,1,30k-50k,Maybe,<20k,SecurePayments,Yes,0
35-44,Other,Ulaanbaatar,Freelancer,1M-2M,Bachelor,Property,FewYears,3,OnlineSearch,SlowResponse,SeveralDays,3,Maybe,Chat,4,50k-100k,Maybe,50k-100k,Reviews,Yes,8
25-34,Male,Ulaanbaatar,Freelancer,Unknown,Bachelor,Divorce,FewYears,1,OnlineSearch,SlowResponse,SameDay,5,No,Chat,1,10k-30k,Yes,50k-100k,TransparentPricing,Maybe,2
18-24,Female,Ulaanbaatar,Employee,Unknown,Bachelor,Divorce,FewYears,5,LawFirm,SlowResponse,SameDay,5,Maybe,Phone,3,30k-50k,No,50k-100k,SecurePayments,Maybe,6
25-34,Male,Rural,Employee,6M+,Bachelor,Divorce,FewYears,3,OnlineSearch,HighCost,SeveralDays,3,Maybe,InPerson,5,Free,Yes,<20k,GovPartnership,Yes,9
35-44,Male,Rural,Employee,<1M,Bachelor,Business,FewYears,1,OnlineSearch,SlowResponse,SameDay,2,Yes,Chat,2,30k-50k,Yes,<20k,Reviews,Maybe,10
25-34,Male,Rural,Business Owner,2M-4M,Bachelor,Labor,Once,1,PersonalContact,HighCost,Week+,1,Yes,InPerson,4,30k-50k,Yes,20k-50k,TransparentPricing,No,6
45-54,Male,Other City,Business Owner,1M-2M,Bachelor,Labor,Once,2,OnlineSearch,TrustIssue,SameDay,4,Yes,Chat,3,100k+,Maybe,<20k,Reviews,Maybe,6
35-44,Male,Other City,Student,1M-2M,Bachelor,Labor,SeveralPerYear,1,PersonalContact,Transparency,<1hr,1,Yes,Chat,4,30k-50k,Maybe,<20k,VerifiedLawyers,Maybe,3
25-34,Male,Ulaanbaatar,Employee,1M-2M,Bachelor,Business,Once,2,PersonalContact,HighCost,SameDay,3,Maybe,Chat,5,10k-30k,No,<20k,GovPartnership,No,8
35-44,Female,Ulaanbaatar,Student,2M-4M,Bachelor,Immigration,Once,5,LawFirm,ComplexProcess,SeveralDays,4,Yes,Video,2,100k+,No,50k-100k,TransparentPricing,Maybe,1
18-24,Male,Other City,Employee,<1M,Master,Divorce,Once,2,LawFirm,Transparency,SeveralDays,5,No,Chat,1,50k-100k,Yes,50k-100k,VerifiedLawyers,Maybe,1
45-54,Female,Ulaanbaatar,Employee,2M-4M,Master,Business,Once,2,OnlineSearch,SlowResponse,Week+,5,No,InPerson,4,30k-50k,No,20k-50k,GovPartnership,No,2
35-44,Female,Ulaanbaatar,Business Owner,4M-6M,Master,Criminal,FewYears,4,LawFirm,TrustIssue,Week+,5,Maybe,Video,2,30k-50k,Maybe,20k-50k,Reviews,Yes,2
45-54,Female,Ulaanbaatar,Employee,2M-4M,Master,Property,Once,2,PersonalContact,Transparency,<1hr,5,Maybe,Chat,2,30k-50k,No,20k-50k,GovPartnership,Maybe,9
18-24,Other,Ulaanbaatar,Employee,1M-2M,Master,Other,FewYears,3,LawFirm,HighCost,SameDay,1,Maybe,Chat,1,50k-100k,Yes,20k-50k,TransparentPricing,Maybe,9
18-24,Female,Ulaanbaatar,Freelancer,1M-2M,Master,Other,Yearly,3,OnlineSearch,HighCost,SameDay,5,Maybe,InPerson,2,Free,Maybe,<20k,TransparentPricing,Maybe,5
18-24,Male,Ulaanbaatar,Employee,<1M,HighSchool,Labor,Yearly,4,OnlineSearch,ComplexProcess,SameDay,4,Maybe,Chat,2,100k+,Yes,<20k,VerifiedLawyers,Maybe,1
25-34,Male,Ulaanbaatar,Freelancer,<1M,HighSchool,Divorce,FewYears,2,PersonalContact,ComplexProcess,SameDay,1,Yes,InPerson,2,10k-30k,Maybe,50k-100k,GovPartnership,Yes,9
25-34,Other,Other City,Freelancer,1M-2M,Bachelor,Immigration,FewYears,3,PersonalContact,TrustIssue,<1hr,4,Maybe,Chat,4,30k-50k,No,20k-50k,TransparentPricing,Yes,7
25-34,Female,Ulaanbaatar,Student,2M-4M,Bachelor,Criminal,Once,1,PersonalContact,TrustIssue,Week+,5,Yes,Chat,5,100k+,Yes,50k-100k,VerifiedLawyers,Maybe,1
18-24,Female,Ulaanbaatar,Freelancer,1M-2M,HighSchool,Property,FewYears,4,OnlineSearch,HighCost,Week+,1,Yes,Chat,1,100k+,Yes,20k-50k,SecurePayments,Maybe,7
18-24,Male,Rural,Employee,2M-4M,Bachelor,Business,Once,4,PersonalContact,HighCost,SeveralDays,3,Maybe,Chat,5,50k-100k,Yes,20k-50k,SecurePayments,Yes,9
35-44,Male,Other City,Unemployed,6M+,Master,Criminal,FewYears,4,OnlineSearch,ComplexProcess,SameDay,2,Yes,InPerson,5,50k-100k,No,20k-50k,VerifiedLawyers,Maybe,2
25-34,Female,Ulaanbaatar,Business Owner,6M+,Bachelor,Property,FewYears,4,OnlineSearch,TrustIssue,<1hr,1,Yes,Chat,1,10k-30k,Maybe,<20k,TransparentPricing,Yes,7
35-44,Other,Ulaanbaatar,Business Owner,1M-2M,HighSchool,Business,SeveralPerYear,4,LawFirm,HighCost,<1hr,1,Yes,Chat,2,30k-50k,Maybe,50k-100k,TransparentPricing,Maybe,0
18-24,Female,Ulaanbaatar,Employee,1M-2M,Bachelor,Criminal,Yearly,4,GovAid,Transparency,SeveralDays,2,Yes,Video,3,30k-50k,Yes,20k-50k,GovPartnership,No,2
25-34,Male,Rural,Unemployed,<1M,Doctorate,Labor,Once,3,LawFirm,SlowResponse,Week+,4,Yes,Video,3,10k-30k,Maybe,<20k,TransparentPricing,Yes,6
45-54,Male,Other City,Business Owner,1M-2M,Bachelor,Divorce,FewYears,5,LawFirm,TrustIssue,Week+,1,Maybe,Chat,5,10k-30k,No,<20k,TransparentPricing,Maybe,10
25-34,Female,Rural,Employee,2M-4M,Bachelor,Divorce,Once,5,LawFirm,ComplexProcess,SameDay,1,Yes,Video,4,10k-30k,No,<20k,Reviews,Yes,4
18-24,Female,Ulaanbaatar,Student,4M-6M,Master,Property,SeveralPerYear,2,PersonalContact,ComplexProcess,SeveralDays,3,Yes,Phone,4,10k-30k,Maybe,20k-50k,SecurePayments,No,2
35-44,Male,Ulaanbaatar,Unemployed,<1M,Master,Divorce,Once,1,GovAid,TrustIssue,Week+,4,Yes,InPerson,4,30k-50k,Maybe,20k-50k,VerifiedLawyers,Yes,4
25-34,Female,Ulaanbaatar,Freelancer,1M-2M,Bachelor,Divorce,Yearly,2,LawFirm,HighCost,SeveralDays,4,No,Phone,3,50k-100k,Maybe,100k+,SecurePayments,Maybe,7
35-44,Female,Ulaanbaatar,Employee,2M-4M,HighSchool,Immigration,FewYears,5,LawFirm,Transparency,Week+,5,Yes,InPerson,3,10k-30k,No,<20k,VerifiedLawyers,No,5
18-24,Female,Ulaanbaatar,Employee,2M-4M,Master,Divorce,Yearly,3,OnlineSearch,Transparency,SeveralDays,2,Yes,Chat,5,Free,Yes,100k+,TransparentPricing,Maybe,3
25-34,Male,Ulaanbaatar,Employee,2M-4M,Bachelor,Divorce,SeveralPerYear,1,LawFirm,HighCost,SeveralDays,2,Maybe,Chat,5,50k-100k,Yes,<20k,SecurePayments,Maybe,0
18-24,Female,Ulaanbaatar,Freelancer,6M+,HighSchool,Business,SeveralPerYear,1,PersonalContact,HighCost,SeveralDays,4,Maybe,Video,1,10k-30k,Maybe,20k-50k,TransparentPricing,Yes,4
35-44,Male,Ulaanbaatar,Unemployed,<1M,Bachelor,Property,FewYears,5,OnlineSearch,TrustIssue,SeveralDays,3,Yes,Chat,5,30k-50k,Yes,50k-100k,Reviews,No,10
25-34,Female,Other City,Employee,2M-4M,Bachelor,Property,SeveralPerYear,4,OnlineSearch,TrustIssue,<1hr,5,Maybe,Chat,3,Free,Yes,<20k,SecurePayments,Maybe,8
18-24,Male,Ulaanbaatar,Employee,4M-6M,Bachelor,Business,Once,1,PersonalContact,ComplexProcess,SeveralDays,2,Maybe,Phone,2,30k-50k,No,20k-50k,TransparentPricing,Yes,4
25-34,Male,Ulaanbaatar,Student,4M-6M,Bachelor,Divorce,Yearly,5,OnlineSearch,TrustIssue,SameDay,2,Yes,Video,2,Free,Maybe,100k+,VerifiedLawyers,Yes,3
18-24,Female,Ulaanbaatar,Unemployed,2M-4M,Bachelor,Labor,FewYears,3,OnlineSearch,ComplexProcess,SameDay,2,Yes,Video,3,10k-30k,Yes,20k-50k,VerifiedLawyers,Yes,1
25-34,Male,Rural,Unemployed,2M-4M,Doctorate,Labor,FewYears,5,PersonalContact,Transparency,<1hr,1,Maybe,Chat,4,50k-100k,No,<20k,TransparentPricing,Yes,5
55+,Male,Ulaanbaatar,Business Owner,<1M,Bachelor,Business,Yearly,1,LawFirm,SlowResponse,SeveralDays,4,Maybe,Phone,4,30k-50k,Maybe,<20k,TransparentPricing,Maybe,6
35-44,Male,Other City,Employee,2M-4M,Bachelor,Labor,Once,5,PersonalContact,Transparency,SameDay,1,Maybe,Video,5,10k-30k,Maybe,20k-50k,SecurePayments,Yes,0
25-34,Male,Ulaanbaatar,Employee,1M-2M,Bachelor,Business,SeveralPerYear,1,PersonalContact,ComplexProcess,SeveralDays,4,No,Phone,2,10k-30k,Maybe,20k-50k,Reviews,Maybe,8
18-24,Male,Ulaanbaatar,Business Owner,2M-4M,Bachelor,Business,Once,4,LawFirm,HighCost,SameDay,2,Yes,Chat,2,10k-30k,Maybe,20k-50k,TransparentPricing,Yes,6
35-44,Female,Ulaanbaatar,Student,4M-6M,Bachelor,Immigration,Once,2,OnlineSearch,Transparency,SeveralDays,1,Yes,Chat,3,30k-50k,No,<20k,Reviews,Yes,5
35-44,Male,Ulaanbaatar,Student,1M-2M,Bachelor,Divorce,Once,4,OnlineSearch,Transparency,SeveralDays,2,Yes,Video,3,50k-100k,Maybe,20k-50k,GovPartnership,Yes,1
18-24,Female,Ulaanbaatar,Employee,<1M,Bachelor,Property,Once,5,LawFirm,TrustIssue,<1hr,5,Maybe,Video,3,30k-50k,No,100k+,Reviews,Yes,0
35-44,Male,Ulaanbaatar,Business Owner,1M-2M,HighSchool,Divorce,Once,2,OnlineSearch,ComplexProcess,SameDay,2,Maybe,Video,2,Free,Maybe,<20k,TransparentPricing,Maybe,0
25-34,Male,Ulaanbaatar,Employee,1M-2M,Bachelor,Labor,FewYears,5,PersonalContact,Transparency,SameDay,1,Yes,Phone,2,10k-30k,Yes,20k-50k,TransparentPricing,Yes,4
25-34,Female,Ulaanbaatar,Employee,<1M,HighSchool,Business,Yearly,1,PersonalContact,SlowResponse,<1hr,5,Yes,Video,2,10k-30k,No,20k-50k,VerifiedLawyers,Yes,4
35-44,Female,Ulaanbaatar,Employee,<1M,Doctorate,Business,Once,4,OnlineSearch,SlowResponse,Week+,4,Yes,InPerson,5,30k-50k,Yes,<20k,TransparentPricing,Maybe,6
25-34,Female,Ulaanbaatar,Employee,1M-2M,HighSchool,Criminal,Once,2,GovAid,ComplexProcess,SameDay,4,Yes,Chat,3,10k-30k,Maybe,20k-50k,Reviews,No,0
25-34,Female,Other City,Student,4M-6M,Master,Labor,Once,2,PersonalContact,ComplexProcess,SameDay,2,Yes,Chat,3,30k-50k,No,<20k,VerifiedLawyers,Yes,10
18-24,Male,Ulaanbaatar,Unemployed,2M-4M,Bachelor,Criminal,FewYears,1,GovAid,SlowResponse,SeveralDays,3,No,InPerson,1,50k-100k,No,20k-50k,TransparentPricing,No,1
25-34,Male,Ulaanbaatar,Unemployed,2M-4M,HighSchool,Divorce,SeveralPerYear,2,GovAid,Transparency,SeveralDays,4,No,Chat,1,30k-50k,Maybe,20k-50k,TransparentPricing,No,5
45-54,Female,Ulaanbaatar,Freelancer,2M-4M,Bachelor,Other,FewYears,5,PersonalContact,Transparency,Week+,1,No,Phone,3,30k-50k,Yes,50k-100k,TransparentPricing,Maybe,6
18-24,Male,Ulaanbaatar,Employee,2M-4M,Master,Business,Yearly,5,OnlineSearch,TrustIssue,<1hr,2,No,Chat,1,10k-30k,Maybe,<20k,TransparentPricing,No,5
25-34,Male,Ulaanbaatar,Business Owner,2M-4M,HighSchool,Labor,FewYears,3,OnlineSearch,HighCost,Week+,4,Yes,Chat,5,30k-50k,No,50k-100k,TransparentPricing,No,1
55+,Male,Ulaanbaatar,Employee,1M-2M,Master,Business,FewYears,2,PersonalContact,TrustIssue,SeveralDays,4,Maybe,InPerson,5,10k-30k,Yes,100k+,SecurePayments,Yes,8
18-24,Female,Ulaanbaatar,Employee,2M-4M,Bachelor,Divorce,FewYears,4,PersonalContact,SlowResponse,SameDay,3,Maybe,Chat,2,10k-30k,Yes,20k-50k,VerifiedLawyers,Yes,9
45-54,Male,Other City,Freelancer,2M-4M,Master,Business,Once,3,OnlineSearch,TrustIssue,<1hr,4,Yes,InPerson,2,50k-100k,Yes,<20k,TransparentPricing,No,9
45-54,Male,Ulaanbaatar,Employee,1M-2M,Bachelor,Labor,FewYears,2,PersonalContact,SlowResponse,SameDay,4,Yes,Chat,5,10k-30k,Yes,<20k,TransparentPricing,Maybe,2
18-24,Male,Other City,Student,2M-4M,HighSchool,Divorce,Yearly,4,GovAid,ComplexProcess,Week+,3,Yes,InPerson,1,10k-30k,Yes,20k-50k,VerifiedLawyers,Maybe,8
25-34,Male,Ulaanbaatar,Employee,1M-2M,Bachelor,Labor,Once,2,PersonalContact,SlowResponse,SameDay,5,Yes,Phone,4,10k-30k,Maybe,20k-50k,TransparentPricing,No,1
25-34,Male,Ulaanbaatar,Business Owner,<1M,Bachelor,Divorce,FewYears,3,SocialMedia,HighCost,<1hr,5,Yes,Phone,5,10k-30k,Yes,100k+,SecurePayments,Maybe,7
18-24,Male,Other City,Freelancer,4M-6M,HighSchool,Divorce,SeveralPerYear,4,OnlineSearch,HighCost,SameDay,3,Yes,Phone,3,30k-50k,No,<20k,VerifiedLawyers,Maybe,9
18-24,Male,Ulaanbaatar,Employee,6M+,Bachelor,Divorce,FewYears,1,SocialMedia,Transparency,SeveralDays,2,Maybe,Chat,1,30k-50k,Maybe,50k-100k,VerifiedLawyers,Yes,10
18-24,Female,Rural,Employee,2M-4M,HighSchool,Labor,Once,5,LawFirm,HighCost,<1hr,2,No,InPerson,1,30k-50k,Yes,20k-50k,TransparentPricing,Yes,3
18-24,Female,Other City,Business Owner,2M-4M,Bachelor,Divorce,Yearly,5,GovAid,ComplexProcess,SeveralDays,5,Maybe,Video,3,30k-50k,Yes,100k+,SecurePayments,Yes,10
18-24,Male,Rural,Employee,<1M,HighSchool,Other,FewYears,2,OnlineSearch,HighCost,Week+,5,Yes,Video,1,30k-50k,Yes,<20k,SecurePayments,Maybe,1
35-44,Male,Ulaanbaatar,Student,<1M,Bachelor,Business,Yearly,3,OnlineSearch,HighCost,<1hr,4,Yes,Chat,1,50k-100k,Maybe,<20k,Reviews,Maybe,0
45-54,Male,Rural,Employee,4M-6M,HighSchool,Business,Yearly,4,LawFirm,SlowResponse,SeveralDays,2,Maybe,Phone,1,Free,Maybe,20k-50k,SecurePayments,No,2
18-24,Female,Ulaanbaatar,Employee,1M-2M,Master,Labor,Yearly,2,PersonalContact,TrustIssue,SameDay,4,Yes,Chat,4,50k-100k,Maybe,<20k,TransparentPricing,Maybe,7
18-24,Female,Ulaanbaatar,Business Owner,Unknown,Master,Property,Once,2,GovAid,TrustIssue,SameDay,5,Maybe,InPerson,5,30k-50k,Yes,<20k,Reviews,No,4
55+,Male,Ulaanbaatar,Employee,<1M,Bachelor,Other,FewYears,3,OnlineSearch,HighCost,SeveralDays,4,Yes,Chat,3,30k-50k,Yes,<20k,TransparentPricing,Yes,4
25-34,Male,Ulaanbaatar,Student,2M-4M,Bachelor,Criminal,Once,2,PersonalContact,SlowResponse,Week+,3,Yes,InPerson,1,50k-100k,Yes,100k+,Reviews,Maybe,7
25-34,Female,Rural,Employee,1M-2M,Bachelor,Business,Once,1,PersonalContact,ComplexProcess,SeveralDays,3,Yes,Chat,4,100k+,Maybe,20k-50k,GovPartnership,Yes,1
18-24,Male,Other City,Freelancer,1M-2M,Bachelor,Divorce,Yearly,2,PersonalContact,TrustIssue,SeveralDays,3,Yes,Phone,1,10k-30k,Yes,<20k,Reviews,No,9
25-34,Female,Other City,Employee,6M+,Bachelor,Labor,Once,2,PersonalContact,Transparency,SeveralDays,4,Maybe,Phone,1,30k-50k,No,100k+,SecurePayments,No,10
55+,Male,Ulaanbaatar,Employee,2M-4M,HighSchool,Other,Once,1,PersonalContact,SlowResponse,SeveralDays,3,Yes,Video,2,100k+,Yes,<20k,SecurePayments,Maybe,10
25-34,Female,Other City,Employee,2M-4M,Bachelor,Labor,FewYears,2,PersonalContact,Transparency,SameDay,3,Maybe,Chat,2,Free,Maybe,20k-50k,VerifiedLawyers,Maybe,0
18-24,Male,Other City,Student,2M-4M,Bachelor,Business,FewYears,2,OnlineSearch,Transparency,<1hr,5,Yes,Chat,2,50k-100k,No,20k-50k,SecurePayments,Maybe,8
25-34,Male,Other City,Student,2M-4M,HighSchool,Business,Once,4,OnlineSearch,SlowResponse,SeveralDays,3,Yes,InPerson,4,10k-30k,Yes,<20k,VerifiedLawyers,Yes,9
55+,Male,Ulaanbaatar,Employee,<1M,Bachelor,Divorce,Once,8,PersonalContact,Transparency,<1hr,4,Maybe,Chat,7,Free,Yes,20k-50k,SecurePayments,Maybe,9
25-34,Female,Ulaanbaatar,Student,4M-6M,HighSchool,Business,SeveralPerYear,1,OnlineSearch,HighCost,SeveralDays,2,Yes,Chat,1,30k-50k,Maybe,<20k,VerifiedLawyers,Maybe,0
35-44,Female,Ulaanbaatar,Freelancer,4M-6M,Bachelor,Business,Once,3,OnlineSearch,TrustIssue,Week+,3,No,Chat,5,50k-100k,Maybe,20k-50k,SecurePayments,No,0
35-44,Female,Other City,Employee,6M+,Bachelor,Other,Once,5,OnlineSearch,TrustIssue,Week+,2,No,Chat,4,30k-50k,No,20k-50k,VerifiedLawyers,Maybe,10
18-24,Male,Other City,Unemployed,<1M,HighSchool,Property,Once,5,LawFirm,SlowResponse,SeveralDays,2,No,InPerson,5,30k-50k,Yes,<20k,VerifiedLawyers,Maybe,6
25-34,Male,Ulaanbaatar,Student,<1M,Bachelor,Divorce,Once,4,SocialMedia,HighCost,SameDay,2,No,Chat,5,30k-50k,Maybe,<20k,Reviews,Maybe,7
35-44,Female,Ulaanbaatar,Business Owner,2M-4M,Bachelor,Labor,FewYears,3,SocialMedia,ComplexProcess,SameDay,1,Yes,Video,2,50k-100k,Maybe,100k+,VerifiedLawyers,Yes,4
25-34,Female,Ulaanbaatar,Employee,6M+,Bachelor,Divorce,FewYears,4,OnlineSearch,HighCost,<1hr,1,Yes,InPerson,2,30k-50k,No,<20k,TransparentPricing,Yes,7
18-24,Male,Ulaanbaatar,Unemployed,2M-4M,Master,Labor,FewYears,3,GovAid,HighCost,SameDay,4,Yes,Chat,4,30k-50k,Maybe,<20k,GovPartnership,Maybe,5
55+,Female,Ulaanbaatar,Employee,6M+,Doctorate,Other,SeveralPerYear,4,SocialMedia,Transparency,SeveralDays,1,Yes,Chat,1,100k+,Yes,<20k,SecurePayments,Yes,5
25-34,Female,Other City,Business Owner,1M-2M,Doctorate,Immigration,Once,1,GovAid,TrustIssue,SameDay,3,Yes,Chat,2,30k-50k,Yes,100k+,VerifiedLawyers,No,7
45-54,Male,Rural,Student,<1M,HighSchool,Immigration,FewYears,0,OnlineSearch,Transparency,Week+,1,Maybe,Chat,0,10k-30k,No,50k-100k,GovPartnership,Maybe,1
18-24,Male,Ulaanbaatar,Employee,4M-6M,Master,Immigration,Once,2,SocialMedia,TrustIssue,<1hr,2,Yes,Video,4,30k-50k,Yes,20k-50k,VerifiedLawyers,Yes,1
18-24,Male,Other City,Business Owner,<1M,HighSchool,Property,Yearly,3,PersonalContact,TrustIssue,SeveralDays,5,Maybe,Chat,5,50k-100k,Yes,<20k,Reviews,Maybe,7
25-34,Male,Ulaanbaatar,Employee,2M-4M,HighSchool,Divorce,Once,4,PersonalContact,SlowResponse,<1hr,3,Yes,Video,3,50k-100k,Maybe,20k-50k,SecurePayments,Maybe,2
18-24,Male,Ulaanbaatar,Business Owner,2M-4M,HighSchool,Property,SeveralPerYear,4,GovAid,ComplexProcess,Week+,4,Yes,Chat,5,50k-100k,Yes,<20k,TransparentPricing,Maybe,1
55+,Female,Other City,Business Owner,<1M,Master,Divorce,Once,5,GovAid,HighCost,SeveralDays,2,Yes,Chat,5,10k-30k,No,100k+,TransparentPricing,Maybe,8
18-24,Female,Ulaanbaatar,Student,4M-6M,HighSchool,Property,Once,1,LawFirm,TrustIssue,SameDay,4,Yes,Phone,1,30k-50k,Maybe,50k-100k,GovPartnership,No,1
25-34,Male,Rural,Student,4M-6M,Bachelor,Immigration,Once,5,LawFirm,HighCost,Week+,3,Yes,InPerson,3,100k+,Maybe,<20k,TransparentPricing,Yes,3
18-24,Other,Rural,Student,6M+,Bachelor,Divorce,FewYears,4,PersonalContact,TrustIssue,Week+,3,No,Chat,4,10k-30k,Yes,50k-100k,GovPartnership,Maybe,6
18-24,Male,Ulaanbaatar,Student,4M-6M,Bachelor,Criminal,SeveralPerYear,5,PersonalContact,Transparency,SeveralDays,5,Yes,Chat,1,10k-30k,Maybe,20k-50k,SecurePayments,Yes,4
18-24,Male,Rural,Employee,1M-2M,Bachelor,Criminal,Yearly,2,GovAid,ComplexProcess,SeveralDays,1,Yes,Chat,1,Free,No,20k-50k,VerifiedLawyers,No,6
18-24,Female,Ulaanbaatar,Business Owner,1M-2M,Bachelor,Criminal,Once,1,LawFirm,HighCost,SameDay,1,Maybe,InPerson,2,10k-30k,Maybe,50k-100k,TransparentPricing,Maybe,8
25-34,Male,Ulaanbaatar,Employee,2M-4M,Bachelor,Other,Once,1,LawFirm,ComplexProcess,Week+,2,Yes,InPerson,2,10k-30k,Maybe,20k-50k,TransparentPricing,Maybe,2
18-24,Male,Other City,Student,1M-2M,Bachelor,Labor,Yearly,2,PersonalContact,Transparency,SeveralDays,4,Yes,Video,4,50k-100k,Maybe,100k+,GovPartnership,Yes,10
25-34,Male,Other City,Employee,2M-4M,Bachelor,Immigration,Yearly,3,SocialMedia,SlowResponse,SeveralDays,5,Yes,InPerson,5,30k-50k,Yes,<20k,VerifiedLawyers,Maybe,7
18-24,Male,Ulaanbaatar,Unemployed,4M-6M,HighSchool,Labor,FewYears,2,PersonalContact,ComplexProcess,SameDay,3,Yes,Phone,4,50k-100k,Maybe,<20k,TransparentPricing,No,4
25-34,Male,Ulaanbaatar,Student,<1M,Doctorate,Divorce,Once,3,LawFirm,HighCost,Week+,1,No,Video,3,10k-30k,No,20k-50k,GovPartnership,No,10
25-34,Male,Ulaanbaatar,Employee,4M-6M,Bachelor,Divorce,Once,3,PersonalContact,Transparency,<1hr,5,Yes,Chat,1,30k-50k,Maybe,<20k,Reviews,Yes,4
18-24,Female,Ulaanbaatar,Student,1M-2M,Bachelor,Business,Once,3,PersonalContact,SlowResponse,SameDay,5,Yes,Phone,1,10k-30k,Maybe,<20k,GovPartnership,Yes,3
25-34,Male,Ulaanbaatar,Student,<1M,Bachelor,Labor,FewYears,1,OnlineSearch,Transparency,Week+,1,Maybe,InPerson,4,10k-30k,No,50k-100k,VerifiedLawyers,Maybe,4
18-24,Female,Ulaanbaatar,Student,<1M,Bachelor,Divorce,Once,4,PersonalContact,HighCost,Week+,2,No,Video,5,10k-30k,No,100k+,GovPartnership,No,7
25-34,Male,Ulaanbaatar,Employee,4M-6M,HighSchool,Divorce,FewYears,3,PersonalContact,Transparency,SeveralDays,3,Yes,Video,2,Free,Yes,100k+,TransparentPricing,Maybe,5
18-24,Other,Ulaanbaatar,Employee,2M-4M,Bachelor,Labor,FewYears,2,LawFirm,TrustIssue,SameDay,4,Maybe,Video,4,30k-50k,Yes,100k+,TransparentPricing,Maybe,5
45-54,Male,Ulaanbaatar,Employee,4M-6M,HighSchool,Divorce,FewYears,4,LawFirm,SlowResponse,SameDay,5,Yes,Video,3,50k-100k,No,100k+,TransparentPricing,Yes,7
18-24,Male,Rural,Business Owner,1M-2M,Master,Criminal,FewYears,4,PersonalContact,HighCost,SeveralDays,2,Maybe,Chat,5,30k-50k,Yes,<20k,Reviews,Maybe,2
18-24,Male,Ulaanbaatar,Employee,2M-4M,Bachelor,Business,FewYears,5,LawFirm,TrustIssue,Week+,3,Yes,Video,5,Free,No,<20k,Reviews,Maybe,0
35-44,Male,Ulaanbaatar,Employee,<1M,HighSchool,Business,Once,3,SocialMedia,SlowResponse,SameDay,5,Yes,InPerson,3,50k-100k,Maybe,20k-50k,TransparentPricing,Yes,9
18-24,Female,Ulaanbaatar,Student,6M+,Bachelor,Criminal,Once,8,PersonalContact,HighCost,SeveralDays,5,Yes,Video,7,50k-100k,Yes,100k+,SecurePayments,Yes,5
35-44,Female,Ulaanbaatar,Student,1M-2M,HighSchool,Divorce,FewYears,3,PersonalContact,HighCost,SeveralDays,4,Yes,Video,5,Free,Maybe,100k+,TransparentPricing,Maybe,10
55+,Female,Rural,Employee,1M-2M,Bachelor,Business,SeveralPerYear,3,PersonalContact,TrustIssue,Week+,4,Yes,Chat,4,30k-50k,Yes,20k-50k,SecurePayments,Maybe,4
45-54,Female,Ulaanbaatar,Employee,1M-2M,Master,Labor,SeveralPerYear,5,PersonalContact,SlowResponse,SameDay,4,No,Phone,1,Free,Yes,<20k,Reviews,Maybe,1
35-44,Female,Other City,Student,1M-2M,Bachelor,Property,Yearly,2,OnlineSearch,ComplexProcess,SameDay,5,Maybe,Video,5,30k-50k,No,<20k,GovPartnership,Maybe,8
55+,Female,Ulaanbaatar,Business Owner,1M-2M,HighSchool,Property,Once,4,PersonalContact,TrustIssue,Week+,3,Yes,Phone,2,10k-30k,Yes,20k-50k,VerifiedLawyers,No,9
25-34,Male,Ulaanbaatar,Employee,1M-2M,Bachelor,Property,Once,2,PersonalContact,Transparency,SeveralDays,5,Maybe,Chat,5,50k-100k,Maybe,<20k,Reviews,Yes,0
45-54,Male,Ulaanbaatar,Business Owner,6M+,HighSchool,Business,SeveralPerYear,3,OnlineSearch,ComplexProcess,SeveralDays,2,Maybe,Chat,2,30k-50k,Maybe,20k-50k,VerifiedLawyers,No,10
25-34,Female,Ulaanbaatar,Employee,1M-2M,Bachelor,Divorce,FewYears,2,OnlineSearch,TrustIssue,SeveralDays,3,Maybe,InPerson,4,10k-30k,Maybe,20k-50k,Reviews,No,4
45-54,Male,Ulaanbaatar,Employee,2M-4M,Master,Divorce,Once,5,PersonalContact,SlowResponse,SeveralDays,3,No,Chat,5,10k-30k,Yes,<20k,VerifiedLawyers,Yes,7
18-24,Male,Other City,Student,2M-4M,Master,Labor,Yearly,1,OnlineSearch,Transparency,SameDay,3,Maybe,InPerson,2,30k-50k,Maybe,100k+,SecurePayments,Yes,1
55+,Female,Ulaanbaatar,Employee,2M-4M,HighSchool,Property,Yearly,2,GovAid,SlowResponse,SameDay,5,Yes,Chat,1,30k-50k,No,20k-50k,VerifiedLawyers,Maybe,4
35-44,Female,Ulaanbaatar,Employee,1M-2M,Bachelor,Immigration,Once,2,PersonalContact,SlowResponse,SameDay,5,No,Chat,5,30k-50k,Yes,<20k,GovPartnership,Yes,10
45-54,Female,Ulaanbaatar,Employee,4M-6M,HighSchool,Criminal,FewYears,1,OnlineSearch,TrustIssue,SeveralDays,1,Maybe,Video,2,10k-30k,Maybe,100k+,SecurePayments,Maybe,5
18-24,Male,Other City,Student,2M-4M,Bachelor,Labor,Once,2,PersonalContact,HighCost,Week+,4,Maybe,Video,5,100k+,No,<20k,TransparentPricing,No,6
25-34,Male,Ulaanbaatar,Employee,4M-6M,Bachelor,Criminal,Yearly,1,PersonalContact,ComplexProcess,Week+,3,Yes,Chat,2,Free,No,50k-100k,SecurePayments,Yes,8
18-24,Male,Ulaanbaatar,Employee,<1M,Bachelor,Divorce,Once,2,SocialMedia,TrustIssue,Week+,5,Yes,Phone,4,Free,Yes,<20k,SecurePayments,No,9
35-44,Female,Ulaanbaatar,Business Owner,<1M,HighSchool,Criminal,FewYears,2,GovAid,HighCost,SeveralDays,1,No,Chat,3,50k-100k,Maybe,20k-50k,TransparentPricing,No,6
18-24,Female,Ulaanbaatar,Business Owner,2M-4M,Bachelor,Divorce,Once,1,LawFirm,HighCost,Week+,2,Yes,Video,2,50k-100k,Yes,50k-100k,GovPartnership,No,1
18-24,Male,Ulaanbaatar,Student,<1M,Bachelor,Criminal,Yearly,3,PersonalContact,Transparency,SeveralDays,2,Maybe,Chat,4,50k-100k,Yes,20k-50k,SecurePayments,Maybe,1
18-24,Female,Ulaanbaatar,Student,1M-2M,HighSchool,Property,SeveralPerYear,2,SocialMedia,SlowResponse,Week+,1,Maybe,Video,5,100k+,Yes,100k+,TransparentPricing,Maybe,1
45-54,Female,Ulaanbaatar,Employee,1M-2M,Bachelor,Divorce,FewYears,3,PersonalContact,Transparency,SameDay,1,Yes,InPerson,2,30k-50k,Maybe,20k-50k,SecurePayments,No,8
25-34,Male,Ulaanbaatar,Unemployed,1M-2M,Doctorate,Criminal,SeveralPerYear,2,PersonalContact,Transparency,<1hr,3,Yes,Video,3,10k-30k,Maybe,20k-50k,GovPartnership,No,0
25-34,Male,Ulaanbaatar,Unemployed,<1M,Bachelor,Criminal,FewYears,4,PersonalContact,Transparency,SeveralDays,3,Yes,Chat,3,30k-50k,No,20k-50k,VerifiedLawyers,Yes,1
25-34,Female,Ulaanbaatar,Business Owner,4M-6M,Bachelor,Property,Once,4,OnlineSearch,HighCost,<1hr,3,Maybe,Chat,4,30k-50k,No,<20k,Reviews,Yes,2
18-24,Male,Ulaanbaatar,Student,6M+,HighSchool,Property,FewYears,4,OnlineSearch,Transparency,SeveralDays,4,Yes,Video,4,30k-50k,No,100k+,GovPartnership,Maybe,4
25-34,Male,Rural,Student,2M-4M,Bachelor,Other,SeveralPerYear,2,OnlineSearch,TrustIssue,SameDay,3,Maybe,Chat,5,30k-50k,No,50k-100k,TransparentPricing,Yes,1
35-44,Female,Other City,Employee,<1M,Bachelor,Labor,Once,5,LawFirm,ComplexProcess,SeveralDays,2,Maybe,Chat,2,30k-50k,No,<20k,SecurePayments,No,6
18-24,Other,Other City,Student,2M-4M,HighSchool,Labor,Once,2,SocialMedia,SlowResponse,SameDay,3,Maybe,Chat,5,10k-30k,Maybe,100k+,GovPartnership,Maybe,4
25-34,Male,Ulaanbaatar,Employee,2M-4M,Bachelor,Other,Yearly,3,PersonalContact,HighCost,SameDay,4,Yes,Chat,3,30k-50k,No,20k-50k,SecurePayments,No,7
25-34,Male,Other City,Freelancer,1M-2M,Master,Divorce,FewYears,2,PersonalContact,HighCost,SeveralDays,4,Yes,InPerson,5,10k-30k,No,<20k,SecurePayments,No,7
45-54,Female,Ulaanbaatar,Employee,1M-2M,Bachelor,Labor,FewYears,4,OnlineSearch,SlowResponse,SameDay,1,No,Video,2,30k-50k,Yes,20k-50k,Reviews,No,6
25-34,Female,Ulaanbaatar,Unemployed,1M-2M,HighSchool,Divorce,FewYears,5,PersonalContact,HighCost,SameDay,1,Yes,Chat,5,10k-30k,No,20k-50k,GovPartnership,No,4
55+,Female,Ulaanbaatar,Employee,<1M,Bachelor,Immigration,FewYears,3,PersonalContact,ComplexProcess,SameDay,4,Yes,Video,1,50k-100k,No,50k-100k,SecurePayments,Maybe,4
25-34,Female,Rural,Employee,1M-2M,Bachelor,Business,FewYears,2,LawFirm,ComplexProcess,SeveralDays,1,Yes,Phone,4,10k-30k,Maybe,<20k,TransparentPricing,Yes,4
25-34,Male,Ulaanbaatar,Business Owner,1M-2M,Bachelor,Business,Once,4,OnlineSearch,TrustIssue,SameDay,4,No,Chat,4,50k-100k,Maybe,50k-100k,VerifiedLawyers,Maybe,5
18-24,Female,Other City,Freelancer,1M-2M,Master,Property,Once,4,GovAid,TrustIssue,SameDay,1,Maybe,Video,3,30k-50k,Yes,20k-50k,GovPartnership,Yes,0
25-34,Male,Ulaanbaatar,Business Owner,Unknown,HighSchool,Business,FewYears,4,PersonalContact,HighCost,<1hr,2,Maybe,Chat,2,10k-30k,No,20k-50k,TransparentPricing,Yes,10
45-54,Other,Other City,Employee,1M-2M,Bachelor,Immigration,Once,4,PersonalContact,SlowResponse,SameDay,4,Yes,Chat,4,30k-50k,Yes,20k-50k,Reviews,Maybe,8
18-24,Female,Ulaanbaatar,Freelancer,1M-2M,Bachelor,Business,Once,5,LawFirm,TrustIssue,SeveralDays,4,Yes,Video,1,10k-30k,Yes,20k-50k,Reviews,Maybe,0
18-24,Male,Rural,Unemployed,<1M,Bachelor,Divorce,Once,5,LawFirm,ComplexProcess,SeveralDays,2,Maybe,InPerson,4,10k-30k,Yes,20k-50k,SecurePayments,Maybe,3
25-34,Female,Ulaanbaatar,Unemployed,1M-2M,Master,Divorce,SeveralPerYear,3,SocialMedia,ComplexProcess,<1hr,3,Maybe,Chat,4,30k-50k,Yes,20k-50k,SecurePayments,Yes,6
25-34,Female,Ulaanbaatar,Employee,<1M,Bachelor,Divorce,Once,1,SocialMedia,ComplexProcess,Week+,4,Maybe,Phone,1,30k-50k,No,20k-50k,Reviews,Yes,7
45-54,Male,Ulaanbaatar,Employee,1M-2M,Bachelor,Other,Once,5,LawFirm,Transparency,Week+,4,Yes,Chat,3,10k-30k,Maybe,20k-50k,TransparentPricing,Maybe,10
18-24,Female,Rural,Business Owner,1M-2M,Master,Business,Yearly,4,GovAid,ComplexProcess,<1hr,3,Yes,Chat,1,Free,No,<20k,Reviews,No,8
45-54,Female,Ulaanbaatar,Business Owner,1M-2M,HighSchool,Labor,Once,4,PersonalContact,TrustIssue,SeveralDays,2,Maybe,Phone,2,30k-50k,Yes,<20k,GovPartnership,Yes,2
35-44,Male,Ulaanbaatar,Business Owner,1M-2M,HighSchool,Business,Once,1,OnlineSearch,ComplexProcess,SameDay,5,Yes,Phone,3,50k-100k,Yes,20k-50k,VerifiedLawyers,Yes,0
45-54,Male,Ulaanbaatar,Business Owner,1M-2M,Master,Other,SeveralPerYear,3,LawFirm,Transparency,SeveralDays,1,Maybe,InPerson,5,30k-50k,Yes,<20k,VerifiedLawyers,Maybe,3
25-34,Male,Ulaanbaatar,Business Owner,4M-6M,Bachelor,Divorce,FewYears,3,LawFirm,HighCost,<1hr,5,Maybe,Chat,3,30k-50k,No,20k-50k,SecurePayments,No,4
35-44,Female,Rural,Employee,2M-4M,Bachelor,Business,FewYears,4,GovAid,SlowResponse,SeveralDays,4,Yes,Phone,4,30k-50k,No,20k-50k,VerifiedLawyers,No,10
25-34,Male,Ulaanbaatar,Employee,1M-2M,HighSchool,Labor,SeveralPerYear,2,PersonalContact,TrustIssue,SameDay,2,Maybe,Chat,5,100k+,Yes,20k-50k,TransparentPricing,Maybe,6
25-34,Male,Other City,Employee,<1M,HighSchool,Divorce,Once,3,LawFirm,HighCost,SeveralDays,5,Yes,Phone,4,10k-30k,Yes,20k-50k,Reviews,Yes,2
25-34,Female,Ulaanbaatar,Employee,<1M,Master,Business,Once,4,LawFirm,TrustIssue,SeveralDays,2,Maybe,Chat,4,Free,No,<20k,Reviews,Yes,1
35-44,Male,Ulaanbaatar,Employee,2M-4M,HighSchool,Immigration,SeveralPerYear,2,PersonalContact,HighCost,Week+,2,Maybe,Chat,1,Free,No,20k-50k,TransparentPricing,Yes,7
25-34,Male,Other City,Employee,<1M,HighSchool,Other,Once,3,OnlineSearch,TrustIssue,<1hr,4,Yes,InPerson,5,50k-100k,Yes,50k-100k,TransparentPricing,No,10
18-24,Female,Ulaanbaatar,Employee,4M-6M,HighSchool,Immigration,Yearly,4,PersonalContact,Transparency,SeveralDays,5,No,InPerson,2,50k-100k,Maybe,<20k,Reviews,Maybe,10
45-54,Male,Other City,Employee,<1M,HighSchool,Immigration,Once,2,SocialMedia,TrustIssue,SeveralDays,3,Yes,Phone,3,30k-50k,No,20k-50k,TransparentPricing,No,7
45-54,Female,Ulaanbaatar,Employee,1M-2M,Bachelor,Immigration,FewYears,5,PersonalContact,TrustIssue,SameDay,3,Maybe,Chat,4,Free,Yes,50k-100k,Reviews,No,7
25-34,Female,Ulaanbaatar,Business Owner,1M-2M,Master,Criminal,Once,1,PersonalContact,ComplexProcess,SeveralDays,3,No,InPerson,2,10k-30k,No,<20k,TransparentPricing,Maybe,7
25-34,Female,Ulaanbaatar,Employee,2M-4M,Bachelor,Other,Once,4,PersonalContact,TrustIssue,SeveralDays,4,Yes,InPerson,3,50k-100k,Yes,<20k,VerifiedLawyers,Maybe,5
18-24,Female,Other City,Business Owner,4M-6M,Master,Labor,Once,3,LawFirm,SlowResponse,Week+,2,Yes,Chat,1,10k-30k,No,20k-50k,GovPartnership,No,7
18-24,Male,Ulaanbaatar,Student,1M-2M,Bachelor,Property,Once,4,PersonalContact,TrustIssue,SameDay,2,Yes,Chat,3,30k-50k,Yes,20k-50k,GovPartnership,No,0
25-34,Male,Ulaanbaatar,Business Owner,<1M,Bachelor,Business,Once,3,LawFirm,TrustIssue,SeveralDays,4,Maybe,Chat,2,30k-50k,No,50k-100k,Reviews,Yes,4
25-34,Male,Ulaanbaatar,Unemployed,<1M,HighSchool,Criminal,Once,4,PersonalContact,TrustIssue,SeveralDays,3,Yes,Phone,3,50k-100k,Maybe,20k-50k,VerifiedLawyers,Yes,10
45-54,Female,Ulaanbaatar,Employee,<1M,Master,Business,FewYears,2,OnlineSearch,Transparency,Week+,5,Yes,InPerson,1,10k-30k,Yes,<20k,SecurePayments,Maybe,4
35-44,Male,Ulaanbaatar,Student,<1M,HighSchool,Criminal,FewYears,2,PersonalContact,HighCost,Week+,5,Yes,Video,5,50k-100k,Yes,<20k,VerifiedLawyers,Maybe,7
35-44,Female,Other City,Employee,1M-2M,Bachelor,Labor,Once,3,SocialMedia,ComplexProcess,SameDay,5,Yes,Phone,3,30k-50k,Yes,<20k,SecurePayments,Maybe,6
55+,Female,Rural,Student,2M-4M,Bachelor,Labor,SeveralPerYear,4,PersonalContact,ComplexProcess,SameDay,2,Yes,Chat,3,10k-30k,Maybe,20k-50k,SecurePayments,Maybe,2
25-34,Female,Ulaanbaatar,Employee,1M-2M,HighSchool,Divorce,Yearly,4,LawFirm,Transparency,<1hr,2,Yes,Video,4,10k-30k,No,100k+,TransparentPricing,Maybe,4
18-24,Female,Ulaanbaatar,Unemployed,4M-6M,Master,Divorce,FewYears,2,PersonalContact,HighCost,SameDay,2,Yes,Video,3,50k-100k,Yes,<20k,TransparentPricing,Yes,6
18-24,Male,Ulaanbaatar,Student,1M-2M,Master,Criminal,Once,4,LawFirm,HighCost,Week+,5,No,Video,2,10k-30k,No,20k-50k,GovPartnership,Maybe,4
18-24,Female,Ulaanbaatar,Freelancer,1M-2M,HighSchool,Divorce,Yearly,1,GovAid,HighCost,SeveralDays,1,No,Phone,5,100k+,Yes,100k+,GovPartnership,Maybe,5
18-24,Female,Other City,Employee,6M+,Bachelor,Property,FewYears,4,OnlineSearch,ComplexProcess,SameDay,2,Maybe,Chat,3,10k-30k,Maybe,100k+,VerifiedLawyers,Yes,1
18-24,Male,Ulaanbaatar,Employee,<1M,Master,Immigration,Once,5,GovAid,Transparency,Week+,3,Maybe,InPerson,4,30k-50k,Maybe,20k-50k,VerifiedLawyers,Yes,6
25-34,Female,Ulaanbaatar,Employee,2M-4M,Bachelor,Immigration,Once,1,OnlineSearch,HighCost,SeveralDays,5,Maybe,InPerson,4,10k-30k,Maybe,20k-50k,Reviews,Maybe,1
25-34,Male,Ulaanbaatar,Employee,<1M,Master,Divorce,Once,4,PersonalContact,HighCost,SeveralDays,4,Yes,Video,4,30k-50k,Yes,20k-50k,SecurePayments,Maybe,8
25-34,Male,Ulaanbaatar,Student,1M-2M,HighSchool,Labor,Once,3,LawFirm,Transparency,<1hr,4,Maybe,Video,1,10k-30k,Yes,100k+,SecurePayments,No,3
18-24,Male,Ulaanbaatar,Unemployed,6M+,HighSchool,Property,SeveralPerYear,5,OnlineSearch,HighCost,Week+,5,No,InPerson,1,10k-30k,No,100k+,SecurePayments,Yes,6
35-44,Male,Rural,Employee,<1M,HighSchool,Business,FewYears,2,PersonalContact,HighCost,SeveralDays,4,Yes,Chat,4,10k-30k,Maybe,20k-50k,Reviews,Maybe,1
18-24,Female,Other City,Business Owner,1M-2M,HighSchool,Business,Once,3,GovAid,SlowResponse,SeveralDays,4,Yes,Chat,5,10k-30k,Yes,20k-50k,GovPartnership,Maybe,4
18-24,Male,Ulaanbaatar,Unemployed,1M-2M,HighSchool,Divorce,Once,1,LawFirm,Transparency,SeveralDays,4,No,InPerson,1,Free,Yes,20k-50k,TransparentPricing,No,5
35-44,Female,Ulaanbaatar,Employee,6M+,HighSchool,Immigration,FewYears,1,PersonalContact,TrustIssue,SameDay,5,Yes,Chat,2,50k-100k,Maybe,50k-100k,GovPartnership,Yes,1
25-34,Female,Ulaanbaatar,Freelancer,2M-4M,Master,Labor,SeveralPerYear,3,PersonalContact,Transparency,SameDay,2,Maybe,InPerson,3,10k-30k,Maybe,20k-50k,Reviews,No,5
25-34,Male,Rural,Student,1M-2M,Doctorate,Other,Once,1,PersonalContact,SlowResponse,Week+,5,Yes,Phone,3,10k-30k,Maybe,<20k,VerifiedLawyers,Yes,0
25-34,Female,Ulaanbaatar,Student,2M-4M,HighSchool,Business,Once,2,OnlineSearch,TrustIssue,SeveralDays,4,Maybe,InPerson,5,10k-30k,Maybe,<20k,SecurePayments,No,9
35-44,Female,Ulaanbaatar,Employee,<1M,HighSchool,Labor,Yearly,4,OnlineSearch,ComplexProcess,SeveralDays,2,No,InPerson,2,Free,Yes,20k-50k,GovPartnership,Yes,2
45-54,Male,Ulaanbaatar,Employee,<1M,Bachelor,Other,Once,2,OnlineSearch,Transparency,Week+,3,Yes,Video,5,10k-30k,Yes,50k-100k,TransparentPricing,No,5
25-34,Male,Ulaanbaatar,Student,1M-2M,Bachelor,Criminal,Once,4,PersonalContact,Transparency,SameDay,5,Yes,Phone,2,30k-50k,Maybe,20k-50k,SecurePayments,Maybe,7
18-24,Male,Ulaanbaatar,Employee,6M+,Bachelor,Business,FewYears,1,GovAid,SlowResponse,SeveralDays,3,Maybe,InPerson,3,10k-30k,Yes,20k-50k,SecurePayments,Yes,2
35-44,Male,Ulaanbaatar,Business Owner,1M-2M,HighSchool,Other,FewYears,1,LawFirm,Transparency,SeveralDays,3,Yes,Chat,3,50k-100k,Yes,100k+,Reviews,Maybe,1
35-44,Female,Ulaanbaatar,Student,2M-4M,Bachelor,Labor,Once,3,PersonalContact,SlowResponse,SeveralDays,2,Yes,InPerson,3,30k-50k,No,50k-100k,Reviews,Maybe,1
18-24,Male,Ulaanbaatar,Employee,1M-2M,HighSchool,Labor,Once,4,LawFirm,TrustIssue,<1hr,3,Maybe,Phone,3,Free,No,20k-50k,SecurePayments,Yes,8
35-44,Female,Ulaanbaatar,Student,<1M,Master,Property,Once,5,SocialMedia,Transparency,<1hr,3,Maybe,Phone,3,30k-50k,Maybe,<20k,SecurePayments,Maybe,0
25-34,Male,Ulaanbaatar,Employee,2M-4M,Master,Business,Once,3,LawFirm,HighCost,SeveralDays,5,Maybe,Video,1,10k-30k,Yes,50k-100k,GovPartnership,Yes,0
35-44,Female,Ulaanbaatar,Unemployed,1M-2M,Bachelor,Business,Once,5,LawFirm,ComplexProcess,Week+,4,Maybe,Chat,1,Free,Yes,<20k,SecurePayments,Maybe,3
18-24,Male,Ulaanbaatar,Student,4M-6M,HighSchool,Business,FewYears,4,PersonalContact,HighCost,SeveralDays,4,Maybe,Video,5,50k-100k,Maybe,<20k,VerifiedLawyers,Maybe,9
25-34,Male,Ulaanbaatar,Student,<1M,Bachelor,Labor,Once,3,SocialMedia,SlowResponse,SeveralDays,4,Yes,Phone,3,30k-50k,Maybe,<20k,Reviews,Yes,2
55+,Female,Ulaanbaatar,Student,1M-2M,HighSchool,Labor,SeveralPerYear,5,PersonalContact,ComplexProcess,Week+,1,Yes,Video,1,30k-50k,Maybe,<20k,VerifiedLawyers,No,9
25-34,Female,Other City,Employee,1M-2M,HighSchool,Business,Yearly,5,GovAid,Transparency,Week+,1,No,Video,5,Free,Yes,50k-100k,Reviews,No,3
35-44,Female,Ulaanbaatar,Employee,2M-4M,HighSchool,Criminal,SeveralPerYear,4,LawFirm,Transparency,SameDay,2,Yes,Chat,4,100k+,Maybe,<20k,GovPartnership,Yes,1
35-44,Male,Other City,Business Owner,2M-4M,Bachelor,Property,Yearly,4,LawFirm,HighCost,SameDay,1,Yes,Phone,3,Free,Maybe,50k-100k,VerifiedLawyers,Yes,6
18-24,Female,Ulaanbaatar,Freelancer,2M-4M,Bachelor,Divorce,FewYears,3,PersonalContact,Transparency,SameDay,5,Maybe,Chat,3,100k+,No,<20k,SecurePayments,No,3
25-34,Female,Other City,Student,6M+,Bachelor,Other,FewYears,3,PersonalContact,HighCost,SeveralDays,4,Yes,Chat,4,50k-100k,Maybe,50k-100k,GovPartnership,Yes,0
35-44,Female,Ulaanbaatar,Unemployed,4M-6M,Bachelor,Other,FewYears,3,PersonalContact,SlowResponse,Week+,2,Yes,Chat,4,50k-100k,Yes,100k+,GovPartnership,Maybe,8
35-44,Female,Ulaanbaatar,Employee,1M-2M,Bachelor,Property,FewYears,3,OnlineSearch,ComplexProcess,SameDay,5,Yes,Chat,5,100k+,Yes,20k-50k,GovPartnership,No,2
18-24,Male,Ulaanbaatar,Business Owner,1M-2M,Bachelor,Property,Once,2,LawFirm,ComplexProcess,SameDay,2,Yes,InPerson,5,50k-100k,No,50k-100k,SecurePayments,No,10
18-24,Male,Ulaanbaatar,Freelancer,1M-2M,Master,Labor,Once,3,PersonalContact,ComplexProcess,SeveralDays,3,Maybe,Chat,1,Free,Yes,20k-50k,VerifiedLawyers,Maybe,5
25-34,Female,Ulaanbaatar,Employee,4M-6M,Bachelor,Business,Yearly,1,PersonalContact,TrustIssue,<1hr,5,Yes,InPerson,4,10k-30k,Yes,20k-50k,GovPartnership,Yes,7
55+,Male,Other City,Employee,<1M,Master,Business,FewYears,4,PersonalContact,TrustIssue,SameDay,1,Yes,Video,2,10k-30k,Maybe,<20k,SecurePayments,Maybe,0
25-34,Male,Ulaanbaatar,Unemployed,<1M,HighSchool,Divorce,SeveralPerYear,5,OnlineSearch,ComplexProcess,Week+,4,Maybe,Phone,3,50k-100k,Yes,<20k,GovPartnership,Yes,1
18-24,Female,Ulaanbaatar,Employee,<1M,Master,Divorce,FewYears,1,GovAid,ComplexProcess,SameDay,2,Yes,Video,2,10k-30k,No,20k-50k,Reviews,No,5
25-34,Male,Ulaanbaatar,Unemployed,Unknown,Bachelor,Divorce,FewYears,4,PersonalContact,SlowResponse,SameDay,2,Yes,Phone,4,50k-100k,Maybe,20k-50k,Reviews,No,3
18-24,Male,Ulaanbaatar,Employee,1M-2M,Master,Other,SeveralPerYear,4,GovAid,SlowResponse,SameDay,2,Yes,Phone,1,10k-30k,No,<20k,Reviews,Maybe,1
25-34,Male,Ulaanbaatar,Employee,<1M,Doctorate,Divorce,Once,5,PersonalContact,Transparency,Week+,4,Maybe,Chat,4,100k+,Yes,20k-50k,SecurePayments,Maybe,7
18-24,Male,Ulaanbaatar,Student,4M-6M,HighSchool,Divorce,Yearly,1,OnlineSearch,TrustIssue,SeveralDays,2,No,Phone,4,50k-100k,Yes,50k-100k,GovPartnership,No,1
45-54,Female,Rural,Employee,4M-6M,Doctorate,Divorce,FewYears,5,LawFirm,TrustIssue,SeveralDays,4,Yes,Phone,1,30k-50k,No,<20k,TransparentPricing,Maybe,0
25-34,Female,Other City,Student,1M-2M,Bachelor,Business,FewYears,1,LawFirm,SlowResponse,<1hr,1,Yes,Video,5,10k-30k,No,20k-50k,TransparentPricing,Yes,2
18-24,Other,Ulaanbaatar,Employee,<1M,Master,Business,SeveralPerYear,3,PersonalContact,HighCost,SeveralDays,1,Yes,Chat,3,10k-30k,Maybe,<20k,Reviews,Maybe,0
45-54,Male,Rural,Business Owner,<1M,Bachelor,Property,Once,5,PersonalContact,TrustIssue,SeveralDays,4,Maybe,Chat,2,100k+,Maybe,<20k,Reviews,Maybe,5
18-24,Male,Ulaanbaatar,Business Owner,1M-2M,Bachelor,Criminal,Once,4,LawFirm,TrustIssue,SeveralDays,5,Yes,Video,5,Free,Maybe,20k-50k,GovPartnership,Maybe,9
45-54,Male,Rural,Business Owner,1M-2M,HighSchool,Business,FewYears,3,PersonalContact,TrustIssue,SeveralDays,4,Maybe,Video,2,Free,Maybe,<20k,VerifiedLawyers,No,4
18-24,Male,Rural,Student,<1M,Bachelor,Divorce,FewYears,1,PersonalContact,ComplexProcess,<1hr,2,No,Chat,1,30k-50k,Maybe,<20k,GovPartnership,Maybe,2
35-44,Female,Ulaanbaatar,Business Owner,Unknown,Bachelor,Other,Once,4,LawFirm,Transparency,<1hr,4,Maybe,Chat,1,50k-100k,Yes,20k-50k,VerifiedLawyers,Yes,4
25-34,Male,Ulaanbaatar,Employee,1M-2M,HighSchool,Labor,Once,1,LawFirm,TrustIssue,<1hr,5,Yes,Video,2,50k-100k,Maybe,20k-50k,Reviews,Maybe,8
25-34,Female,Other City,Employee,<1M,HighSchool,Divorce,SeveralPerYear,2,PersonalContact,HighCost,SameDay,2,Yes,Video,1,30k-50k,Maybe,<20k,Reviews,Maybe,9
18-24,Male,Ulaanbaatar,Employee,1M-2M,Bachelor,Other,SeveralPerYear,5,OnlineSearch,SlowResponse,SameDay,3,Yes,Video,1,10k-30k,No,<20k,VerifiedLawyers,Maybe,10
18-24,Female,Ulaanbaatar,Student,2M-4M,Bachelor,Business,SeveralPerYear,5,LawFirm,HighCost,SeveralDays,5,No,Phone,2,100k+,Yes,<20k,Reviews,No,2
25-34,Male,Ulaanbaatar,Unemployed,1M-2M,Master,Immigration,Yearly,3,PersonalContact,SlowResponse,SeveralDays,1,Yes,Chat,5,Free,Yes,20k-50k,VerifiedLawyers,Maybe,8
55+,Male,Ulaanbaatar,Employee,<1M,Bachelor,Labor,Once,3,OnlineSearch,HighCost,SameDay,3,Yes,InPerson,5,10k-30k,Maybe,20k-50k,TransparentPricing,No,7
25-34,Female,Ulaanbaatar,Employee,2M-4M,HighSchool,Divorce,Once,3,PersonalContact,TrustIssue,SeveralDays,2,Yes,Phone,2,100k+,Yes,<20k,GovPartnership,Yes,3
25-34,Male,Rural,Employee,2M-4M,HighSchool,Criminal,Yearly,2,LawFirm,Transparency,SeveralDays,4,Yes,Chat,4,10k-30k,Maybe,50k-100k,GovPartnership,No,10
25-34,Male,Ulaanbaatar,Business Owner,2M-4M,Bachelor,Property,Once,2,OnlineSearch,ComplexProcess,SameDay,4,Maybe,Video,1,10k-30k,Yes,50k-100k,Reviews,No,2
18-24,Male,Ulaanbaatar,Freelancer,<1M,Bachelor,Divorce,Once,5,LawFirm,ComplexProcess,SeveralDays,5,No,InPerson,4,50k-100k,Maybe,<20k,VerifiedLawyers,Maybe,5
18-24,Male,Ulaanbaatar,Employee,1M-2M,Bachelor,Divorce,Once,5,PersonalContact,HighCost,SeveralDays,1,Yes,Chat,2,10k-30k,Yes,<20k,TransparentPricing,Maybe,2
25-34,Male,Ulaanbaatar,Business Owner,1M-2M,Bachelor,Other,FewYears,2,SocialMedia,SlowResponse,Week+,4,Maybe,Video,5,Free,Maybe,<20k,TransparentPricing,Yes,5
45-54,Female,Ulaanbaatar,Employee,2M-4M,HighSchool,Business,Yearly,2,PersonalContact,ComplexProcess,SeveralDays,4,Yes,InPerson,5,10k-30k,Yes,50k-100k,SecurePayments,Yes,6
25-34,Other,Ulaanbaatar,Employee,<1M,Bachelor,Labor,FewYears,2,PersonalContact,ComplexProcess,SameDay,3,Yes,Video,4,50k-100k,Yes,<20k,TransparentPricing,Maybe,7
18-24,Male,Ulaanbaatar,Student,2M-4M,HighSchool,Business,SeveralPerYear,2,LawFirm,HighCost,SameDay,4,No,Phone,1,10k-30k,No,100k+,GovPartnership,No,4
55+,Male,Ulaanbaatar,Employee,2M-4M,Bachelor,Labor,Once,4,LawFirm,Transparency,SameDay,1,Yes,Video,4,30k-50k,No,20k-50k,GovPartnership,No,1
35-44,Male,Rural,Employee,1M-2M,HighSchool,Divorce,Yearly,5,PersonalContact,Transparency,Week+,4,Maybe,Phone,1,50k-100k,No,50k-100k,SecurePayments,Yes,8
25-34,Male,Ulaanbaatar,Student,1M-2M,Bachelor,Divorce,Yearly,5,SocialMedia,Transparency,<1hr,2,Maybe,Phone,3,100k+,Maybe,<20k,TransparentPricing,Maybe,4
55+,Female,Rural,Employee,1M-2M,Bachelor,Labor,Once,4,PersonalContact,ComplexProcess,SameDay,5,No,Chat,3,30k-50k,Yes,20k-50k,SecurePayments,Maybe,5
55+,Male,Ulaanbaatar,Student,1M-2M,Bachelor,Business,Once,5,OnlineSearch,SlowResponse,SameDay,2,No,Phone,4,10k-30k,No,20k-50k,SecurePayments,No,7
25-34,Female,Rural,Employee,1M-2M,Bachelor,Labor,Once,4,OnlineSearch,HighCost,Week+,5,Maybe,Chat,4,10k-30k,Yes,<20k,GovPartnership,Yes,6
25-34,Male,Ulaanbaatar,Employee,1M-2M,Bachelor,Property,Once,2,OnlineSearch,HighCost,SameDay,5,Maybe,Chat,2,10k-30k,No,20k-50k,GovPartnership,Maybe,6
25-34,Female,Ulaanbaatar,Business Owner,2M-4M,Bachelor,Business,Once,2,SocialMedia,Transparency,SameDay,2,Maybe,Video,5,10k-30k,Yes,20k-50k,Reviews,Maybe,6
18-24,Female,Ulaanbaatar,Employee,1M-2M,Bachelor,Divorce,Once,3,LawFirm,ComplexProcess,Week+,2,Maybe,InPerson,3,10k-30k,No,100k+,GovPartnership,Maybe,7
18-24,Female,Ulaanbaatar,Unemployed,1M-2M,Master,Business,Yearly,5,PersonalContact,HighCost,SameDay,5,No,Chat,4,Free,Yes,20k-50k,SecurePayments,Maybe,4
18-24,Female,Ulaanbaatar,Business Owner,1M-2M,Master,Divorce,Once,4,PersonalContact,SlowResponse,SeveralDays,1,Yes,InPerson,1,50k-100k,Maybe,20k-50k,TransparentPricing,No,2
18-24,Male,Ulaanbaatar,Student,2M-4M,Bachelor,Criminal,Once,2,LawFirm,HighCost,<1hr,2,Yes,Video,2,30k-50k,No,<20k,GovPartnership,No,6
25-34,Female,Ulaanbaatar,Student,1M-2M,HighSchool,Business,Yearly,3,GovAid,ComplexProcess,SeveralDays,3,No,Phone,1,10k-30k,Maybe,100k+,VerifiedLawyers,Maybe,9
18-24,Male,Ulaanbaatar,Business Owner,<1M,HighSchool,Divorce,Once,4,PersonalContact,ComplexProcess,SameDay,2,Maybe,Phone,2,50k-100k,No,20k-50k,TransparentPricing,Yes,4
55+,Female,Ulaanbaatar,Employee,1M-2M,Bachelor,Business,Once,4,OnlineSearch,TrustIssue,SeveralDays,1,Yes,Chat,2,10k-30k,Maybe,20k-50k,GovPartnership,Maybe,5
18-24,Female,Other City,Student,2M-4M,HighSchool,Property,Once,2,LawFirm,HighCost,SameDay,2,No,InPerson,3,30k-50k,Maybe,100k+,SecurePayments,Maybe,3
25-34,Female,Ulaanbaatar,Employee,Unknown,Doctorate,Other,FewYears,2,OnlineSearch,Transparency,SameDay,5,Yes,InPerson,3,50k-100k,Yes,50k-100k,TransparentPricing,Maybe,3
25-34,Male,Other City,Student,2M-4M,HighSchool,Criminal,FewYears,4,OnlineSearch,SlowResponse,SeveralDays,2,No,Phone,5,30k-50k,Yes,50k-100k,SecurePayments,No,0
25-34,Female,Ulaanbaatar,Student,1M-2M,Bachelor,Labor,Once,5,PersonalContact,Transparency,SameDay,2,Maybe,Chat,5,10k-30k,Maybe,100k+,GovPartnership,Yes,0
25-34,Female,Ulaanbaatar,Employee,<1M,HighSchool,Business,Yearly,3,PersonalContact,HighCost,<1hr,2,Yes,Chat,2,30k-50k,Yes,100k+,Reviews,Maybe,10
45-54,Male,Other City,Business Owner,Unknown,Bachelor,Divorce,FewYears,3,OnlineSearch,SlowResponse,Week+,2,Yes,Chat,1,100k+,Yes,20k-50k,Reviews,Maybe,1
18-24,Male,Other City,Employee,2M-4M,Master,Labor,FewYears,1,PersonalContact,Transparency,SeveralDays,2,Yes,Phone,5,30k-50k,Maybe,<20k,TransparentPricing,No,8
18-24,Female,Ulaanbaatar,Employee,4M-6M,Bachelor,Business,Once,4,GovAid,Transparency,Week+,5,Yes,Video,5,50k-100k,Yes,<20k,VerifiedLawyers,Maybe,10
45-54,Male,Other City,Student,4M-6M,Bachelor,Labor,SeveralPerYear,4,PersonalContact,ComplexProcess,SeveralDays,4,Maybe,Chat,2,30k-50k,Maybe,20k-50k,TransparentPricing,Yes,8
45-54,Female,Ulaanbaatar,Employee,1M-2M,Bachelor,Divorce,Once,2,PersonalContact,TrustIssue,<1hr,1,Maybe,Chat,5,10k-30k,Yes,20k-50k,SecurePayments,Maybe,0
18-24,Female,Ulaanbaatar,Student,2M-4M,Bachelor,Immigration,Once,2,SocialMedia,SlowResponse,SeveralDays,2,Maybe,Chat,1,30k-50k,Yes,100k+,VerifiedLawyers,No,5
25-34,Male,Ulaanbaatar,Employee,1M-2M,Bachelor,Business,Once,3,PersonalContact,ComplexProcess,Week+,1,Yes,InPerson,2,10k-30k,Yes,<20k,GovPartnership,Maybe,3
18-24,Female,Ulaanbaatar,Student,2M-4M,Master,Property,Once,4,PersonalContact,HighCost,Week+,3,No,Chat,2,10k-30k,No,20k-50k,TransparentPricing,Maybe,0
18-24,Female,Ulaanbaatar,Student,1M-2M,Master,Labor,FewYears,3,OnlineSearch,SlowResponse,<1hr,3,No,Chat,1,50k-100k,No,20k-50k,TransparentPricing,Maybe,10
35-44,Male,Ulaanbaatar,Student,2M-4M,Master,Divorce,Yearly,2,PersonalContact,Transparency,Week+,5,Yes,Chat,4,10k-30k,Yes,20k-50k,TransparentPricing,Maybe,9
25-34,Female,Ulaanbaatar,Unemployed,<1M,Master,Labor,FewYears,4,PersonalContact,TrustIssue,<1hr,4,Maybe,Phone,5,30k-50k,Yes,<20k,GovPartnership,Maybe,4
35-44,Male,Rural,Employee,<1M,Bachelor,Other,FewYears,4,LawFirm,SlowResponse,SameDay,4,Maybe,Chat,3,10k-30k,Yes,20k-50k,VerifiedLawyers,Yes,1
55+,Female,Rural,Business Owner,1M-2M,HighSchool,Property,FewYears,4,LawFirm,Transparency,Week+,2,Yes,InPerson,5,50k-100k,Maybe,20k-50k,TransparentPricing,No,4
18-24,Male,Ulaanbaatar,Unemployed,2M-4M,Bachelor,Property,FewYears,4,LawFirm,Transparency,SeveralDays,1,Maybe,Chat,3,10k-30k,Maybe,20k-50k,SecurePayments,Maybe,9
18-24,Female,Ulaanbaatar,Student,1M-2M,Bachelor,Labor,Yearly,4,OnlineSearch,TrustIssue,Week+,3,No,InPerson,2,100k+,Maybe,100k+,SecurePayments,Yes,1
18-24,Female,Other City,Employee,1M-2M,HighSchool,Immigration,FewYears,2,PersonalContact,SlowResponse,SeveralDays,3,Yes,Chat,2,30k-50k,Yes,20k-50k,TransparentPricing,Yes,5
35-44,Female,Ulaanbaatar,Unemployed,4M-6M,Bachelor,Property,Yearly,1,PersonalContact,HighCost,SameDay,2,Maybe,Chat,4,10k-30k,Maybe,<20k,VerifiedLawyers,Maybe,5
45-54,Male,Ulaanbaatar,Unemployed,6M+,Bachelor,Divorce,Once,5,GovAid,HighCost,SameDay,2,Maybe,Chat,3,30k-50k,No,100k+,SecurePayments,Yes,2
25-34,Female,Ulaanbaatar,Employee,6M+,HighSchool,Property,Yearly,2,LawFirm,TrustIssue,<1hr,4,Maybe,Phone,4,Free,Maybe,50k-100k,Reviews,No,7
25-34,Female,Other City,Employee,1M-2M,Master,Immigration,Once,4,PersonalContact,ComplexProcess,Week+,3,Yes,InPerson,2,Free,No,50k-100k,VerifiedLawyers,Maybe,5
25-34,Male,Ulaanbaatar,Unemployed,2M-4M,Bachelor,Business,FewYears,1,GovAid,ComplexProcess,SeveralDays,4,Maybe,Video,5,30k-50k,Yes,20k-50k,SecurePayments,No,2
45-54,Female,Ulaanbaatar,Business Owner,4M-6M,Bachelor,Divorce,Once,4,PersonalContact,ComplexProcess,SeveralDays,3,Yes,Video,1,30k-50k,Maybe,20k-50k,TransparentPricing,No,0
25-34,Male,Rural,Freelancer,2M-4M,HighSchool,Immigration,Once,5,SocialMedia,TrustIssue,Week+,4,Yes,InPerson,2,30k-50k,Maybe,50k-100k,VerifiedLawyers,Maybe,3
18-24,Female,Other City,Business Owner,2M-4M,Bachelor,Labor,Yearly,2,GovAid,SlowResponse,SameDay,4,Yes,Chat,3,30k-50k,Yes,20k-50k,SecurePayments,No,1
35-44,Male,Other City,Business Owner,<1M,Bachelor,Divorce,Once,4,SocialMedia,HighCost,SameDay,3,Yes,InPerson,1,50k-100k,No,50k-100k,SecurePayments,Yes,0
18-24,Female,Ulaanbaatar,Employee,<1M,Bachelor,Divorce,Once,4,LawFirm,ComplexProcess,SeveralDays,1,Yes,Chat,5,10k-30k,No,20k-50k,Reviews,Maybe,7
18-24,Female,Rural,Employee,<1M,Bachelor,Labor,SeveralPerYear,2,LawFirm,HighCost,SeveralDays,1,No,Phone,1,100k+,Yes,20k-50k,GovPartnership,No,0
25-34,Female,Ulaanbaatar,Business Owner,1M-2M,HighSchool,Divorce,Once,5,OnlineSearch,ComplexProcess,Week+,4,Yes,Phone,3,10k-30k,Yes,20k-50k,Reviews,Yes,10
18-24,Female,Ulaanbaatar,Freelancer,2M-4M,Bachelor,Business,SeveralPerYear,3,PersonalContact,ComplexProcess,SeveralDays,2,Maybe,Chat,2,10k-30k,Maybe,20k-50k,SecurePayments,Maybe,5
35-44,Other,Other City,Student,4M-6M,Bachelor,Labor,Once,4,OnlineSearch,ComplexProcess,SameDay,4,Maybe,Phone,4,30k-50k,No,20k-50k,Reviews,No,10
25-34,Male,Ulaanbaatar,Freelancer,1M-2M,HighSchool,Immigration,Yearly,4,OnlineSearch,TrustIssue,Week+,3,No,Chat,3,30k-50k,No,<20k,VerifiedLawyers,Yes,4
18-24,Male,Ulaanbaatar,Employee,<1M,Bachelor,Criminal,Once,2,OnlineSearch,HighCost,Week+,4,Maybe,Chat,3,30k-50k,Yes,50k-100k,VerifiedLawyers,No,3
55+,Female,Ulaanbaatar,Employee,1M-2M,Bachelor,Business,FewYears,2,PersonalContact,ComplexProcess,SameDay,1,Yes,InPerson,4,10k-30k,Maybe,<20k,GovPartnership,Yes,6
18-24,Male,Rural,Business Owner,2M-4M,Bachelor,Business,Once,3,PersonalContact,SlowResponse,SameDay,3,Yes,Chat,5,30k-50k,Maybe,20k-50k,VerifiedLawyers,Yes,1
25-34,Female,Ulaanbaatar,Freelancer,1M-2M,HighSchool,Divorce,Once,1,LawFirm,TrustIssue,SameDay,3,No,Video,1,30k-50k,Maybe,100k+,Reviews,Maybe,6
18-24,Female,Ulaanbaatar,Student,4M-6M,Bachelor,Business,Once,1,PersonalContact,HighCost,SeveralDays,4,Maybe,Video,4,30k-50k,Maybe,<20k,SecurePayments,Maybe,2
35-44,Male,Ulaanbaatar,Business Owner,2M-4M,Bachelor,Divorce,FewYears,4,GovAid,SlowResponse,<1hr,5,Maybe,Chat,5,Free,Yes,50k-100k,VerifiedLawyers,No,9
18-24,Male,Ulaanbaatar,Student,2M-4M,Bachelor,Other,SeveralPerYear,4,LawFirm,ComplexProcess,SameDay,3,No,Phone,5,10k-30k,Yes,50k-100k,Reviews,No,0
18-24,Male,Ulaanbaatar,Business Owner,Unknown,Bachelor,Labor,Once,1,LawFirm,SlowResponse,SeveralDays,3,No,Chat,3,30k-50k,Maybe,50k-100k,GovPartnership,Maybe,9
25-34,Female,Ulaanbaatar,Employee,1M-2M,HighSchool,Labor,Once,3,SocialMedia,ComplexProcess,Week+,1,No,Phone,4,30k-50k,Maybe,20k-50k,Reviews,Maybe,1
35-44,Male,Other City,Business Owner,1M-2M,Bachelor,Divorce,Once,3,PersonalContact,TrustIssue,SeveralDays,3,Yes,InPerson,3,50k-100k,No,20k-50k,GovPartnership,Yes,8
35-44,Female,Other City,Freelancer,Unknown,Bachelor,Divorce,FewYears,1,LawFirm,TrustIssue,SameDay,3,Yes,Video,1,10k-30k,Yes,20k-50k,TransparentPricing,Maybe,1
18-24,Female,Ulaanbaatar,Unemployed,6M+,Bachelor,Criminal,SeveralPerYear,4,PersonalContact,TrustIssue,<1hr,1,Yes,Phone,4,10k-30k,No,<20k,TransparentPricing,Maybe,0
18-24,Female,Ulaanbaatar,Employee,1M-2M,HighSchool,Criminal,FewYears,5,LawFirm,ComplexProcess,SeveralDays,5,Yes,Video,2,100k+,No,<20k,Reviews,Maybe,5
25-34,Male,Ulaanbaatar,Employee,4M-6M,HighSchool,Labor,Once,5,OnlineSearch,SlowResponse,<1hr,4,Yes,Chat,2,10k-30k,Yes,20k-50k,Reviews,Maybe,7
18-24,Other,Other City,Employee,2M-4M,Bachelor,Other,SeveralPerYear,4,OnlineSearch,SlowResponse,SeveralDays,1,Maybe,Chat,2,30k-50k,No,<20k,SecurePayments,No,6
35-44,Male,Ulaanbaatar,Employee,<1M,Bachelor,Property,Once,1,PersonalContact,SlowResponse,SeveralDays,2,Yes,Video,4,Free,Maybe,<20k,GovPartnership,Yes,7
18-24,Female,Rural,Employee,1M-2M,Bachelor,Criminal,FewYears,1,PersonalContact,SlowResponse,SameDay,2,Maybe,Phone,3,50k-100k,Maybe,100k+,GovPartnership,No,5
25-34,Female,Other City,Employee,2M-4M,Bachelor,Criminal,FewYears,2,LawFirm,SlowResponse,Week+,2,Yes,InPerson,4,10k-30k,Yes,<20k,GovPartnership,Maybe,6
55+,Male,Ulaanbaatar,Employee,1M-2M,Bachelor,Labor,FewYears,2,SocialMedia,HighCost,SameDay,4,No,Phone,1,50k-100k,Maybe,20k-50k,TransparentPricing,Maybe,2
45-54,Female,Ulaanbaatar,Student,1M-2M,Bachelor,Labor,Once,2,PersonalContact,ComplexProcess,SameDay,4,Maybe,InPerson,4,30k-50k,Maybe,50k-100k,SecurePayments,Maybe,2
18-24,Male,Other City,Student,6M+,Bachelor,Labor,FewYears,3,OnlineSearch,ComplexProcess,SeveralDays,4,Maybe,Chat,1,30k-50k,Yes,20k-50k,VerifiedLawyers,Yes,10
18-24,Male,Other City,Unemployed,1M-2M,HighSchool,Criminal,Once,5,LawFirm,ComplexProcess,SeveralDays,3,Yes,Phone,2,Free,No,50k-100k,TransparentPricing,Maybe,2
55+,Female,Ulaanbaatar,Student,1M-2M,Master,Criminal,Once,3,OnlineSearch,Transparency,Week+,5,Maybe,Chat,2,30k-50k,Yes,20k-50k,VerifiedLawyers,Maybe,3
45-54,Female,Rural,Freelancer,6M+,HighSchool,Criminal,Yearly,2,PersonalContact,Transparency,Week+,3,Maybe,Phone,3,50k-100k,Maybe,20k-50k,SecurePayments,Yes,6
45-54,Female,Ulaanbaatar,Business Owner,<1M,Bachelor,Labor,FewYears,1,LawFirm,SlowResponse,SameDay,1,Maybe,Phone,1,10k-30k,No,20k-50k,SecurePayments,Yes,5
25-34,Male,Ulaanbaatar,Employee,2M-4M,Bachelor,Labor,Once,1,SocialMedia,ComplexProcess,SeveralDays,1,Maybe,Chat,1,50k-100k,Maybe,<20k,Reviews,Maybe,1
35-44,Female,Ulaanbaatar,Student,4M-6M,Bachelor,Divorce,Yearly,4,OnlineSearch,SlowResponse,SeveralDays,4,Yes,Chat,5,10k-30k,Maybe,<20k,SecurePayments,Maybe,3
18-24,Male,Other City,Student,1M-2M,Bachelor,Property,Once,2,OnlineSearch,Transparency,SameDay,1,Maybe,Chat,2,100k+,Maybe,20k-50k,TransparentPricing,Yes,6
25-34,Female,Ulaanbaatar,Freelancer,<1M,Bachelor,Business,FewYears,4,LawFirm,SlowResponse,SameDay,2,Yes,Phone,5,50k-100k,No,20k-50k,VerifiedLawyers,Yes,0
45-54,Male,Ulaanbaatar,Business Owner,<1M,Bachelor,Business,Once,3,OnlineSearch,HighCost,SameDay,5,Yes,InPerson,1,10k-30k,Yes,100k+,VerifiedLawyers,Maybe,2
18-24,Female,Rural,Student,6M+,Bachelor,Business,Yearly,2,PersonalContact,HighCost,SeveralDays,4,Yes,Chat,2,30k-50k,Maybe,20k-50k,SecurePayments,Maybe,5
45-54,Female,Ulaanbaatar,Student,<1M,HighSchool,Divorce,FewYears,5,PersonalContact,HighCost,Week+,2,Yes,Chat,2,Free,Yes,<20k,TransparentPricing,Maybe,0
25-34,Male,Ulaanbaatar,Unemployed,<1M,HighSchool,Property,Once,2,PersonalContact,SlowResponse,<1hr,2,Maybe,Phone,4,30k-50k,Maybe,<20k,GovPartnership,No,0
25-34,Female,Ulaanbaatar,Employee,<1M,HighSchool,Labor,Once,3,LawFirm,HighCost,SeveralDays,1,Maybe,InPerson,4,30k-50k,Maybe,<20k,VerifiedLawyers,Yes,10
18-24,Female,Ulaanbaatar,Student,1M-2M,HighSchool,Business,Once,2,PersonalContact,HighCost,SameDay,1,Maybe,Video,3,Free,Yes,<20k,GovPartnership,No,0
45-54,Other,Ulaanbaatar,Employee,2M-4M,Bachelor,Property,FewYears,2,OnlineSearch,Transparency,Week+,3,Maybe,InPerson,4,30k-50k,No,50k-100k,GovPartnership,Maybe,0
25-34,Male,Ulaanbaatar,Employee,<1M,HighSchool,Divorce,FewYears,3,GovAid,HighCost,SeveralDays,3,No,Phone,4,30k-50k,Yes,<20k,TransparentPricing,Yes,2
35-44,Male,Ulaanbaatar,Student,4M-6M,HighSchool,Property,FewYears,5,OnlineSearch,TrustIssue,SeveralDays,4,Maybe,InPerson,1,Free,Maybe,<20k,TransparentPricing,Maybe,2
45-54,Female,Ulaanbaatar,Student,<1M,Bachelor,Criminal,FewYears,4,GovAid,ComplexProcess,SeveralDays,4,Yes,Chat,2,50k-100k,No,50k-100k,TransparentPricing,Yes,6
45-54,Female,Other City,Freelancer,6M+,Bachelor,Criminal,FewYears,1,OnlineSearch,SlowResponse,SeveralDays,2,Yes,InPerson,4,Free,Yes,50k-100k,TransparentPricing,Maybe,5
18-24,Male,Ulaanbaatar,Employee,1M-2M,Master,Business,SeveralPerYear,2,GovAid,HighCost,<1hr,4,Yes,Video,5,10k-30k,Maybe,20k-50k,VerifiedLawyers,Yes,6
25-34,Male,Ulaanbaatar,Student,1M-2M,HighSchool,Criminal,SeveralPerYear,5,OnlineSearch,SlowResponse,SameDay,4,Maybe,Phone,2,50k-100k,Maybe,<20k,TransparentPricing,No,4
25-34,Male,Rural,Employee,<1M,HighSchool,Divorce,Yearly,5,PersonalContact,ComplexProcess,<1hr,3,Maybe,Chat,5,Free,Maybe,100k+,VerifiedLawyers,Yes,8
25-34,Male,Ulaanbaatar,Freelancer,<1M,Bachelor,Criminal,Once,2,PersonalContact,SlowResponse,SeveralDays,1,No,Chat,3,10k-30k,Maybe,100k+,VerifiedLawyers,No,7
45-54,Female,Ulaanbaatar,Student,1M-2M,Bachelor,Divorce,SeveralPerYear,4,PersonalContact,TrustIssue,SeveralDays,5,Yes,Phone,1,10k-30k,Yes,<20k,GovPartnership,No,5
25-34,Female,Ulaanbaatar,Student,4M-6M,Bachelor,Criminal,Yearly,3,OnlineSearch,ComplexProcess,<1hr,4,Yes,Video,2,100k+,No,50k-100k,VerifiedLawyers,Yes,2
25-34,Female,Ulaanbaatar,Student,<1M,Bachelor,Business,FewYears,1,LawFirm,SlowResponse,Week+,5,Yes,Phone,4,30k-50k,No,50k-100k,SecurePayments,Maybe,5
25-34,Female,Ulaanbaatar,Business Owner,<1M,Master,Criminal,Yearly,1,PersonalContact,SlowResponse,SeveralDays,4,Yes,Video,1,50k-100k,Maybe,50k-100k,VerifiedLawyers,No,9
25-34,Male,Ulaanbaatar,Employee,1M-2M,HighSchool,Business,SeveralPerYear,3,OnlineSearch,ComplexProcess,SeveralDays,3,Yes,InPerson,3,50k-100k,Yes,20k-50k,VerifiedLawyers,No,0
55+,Male,Ulaanbaatar,Freelancer,1M-2M,Doctorate,Criminal,FewYears,4,LawFirm,TrustIssue,Week+,5,Yes,InPerson,5,30k-50k,Yes,20k-50k,SecurePayments,Maybe,1
18-24,Male,Other City,Student,4M-6M,HighSchool,Business,FewYears,1,SocialMedia,Transparency,SameDay,2,Yes,Chat,3,10k-30k,No,<20k,SecurePayments,Yes,6
18-24,Female,Ulaanbaatar,Employee,<1M,Master,Divorce,SeveralPerYear,4,LawFirm,Transparency,SeveralDays,3,Yes,Video,1,Free,Yes,20k-50k,Reviews,No,8
25-34,Female,Ulaanbaatar,Student,2M-4M,Bachelor,Business,FewYears,5,PersonalContact,HighCost,SeveralDays,2,Yes,Phone,4,50k-100k,Maybe,20k-50k,TransparentPricing,Maybe,1
18-24,Male,Ulaanbaatar,Business Owner,1M-2M,HighSchool,Other,Once,5,PersonalContact,TrustIssue,SeveralDays,5,Yes,Phone,3,10k-30k,No,50k-100k,SecurePayments,No,10
18-24,Female,Rural,Unemployed,<1M,Bachelor,Labor,FewYears,5,LawFirm,HighCost,Week+,3,Yes,InPerson,2,30k-50k,No,20k-50k,VerifiedLawyers,No,10
35-44,Male,Other City,Business Owner,1M-2M,Doctorate,Divorce,SeveralPerYear,4,PersonalContact,Transparency,SeveralDays,4,Yes,Chat,2,Free,Maybe,100k+,SecurePayments,Yes,9
25-34,Female,Rural,Employee,1M-2M,Bachelor,Labor,Yearly,5,LawFirm,SlowResponse,SeveralDays,4,Maybe,Phone,2,10k-30k,No,20k-50k,TransparentPricing,No,10
18-24,Female,Rural,Employee,2M-4M,Bachelor,Divorce,Once,5,OnlineSearch,SlowResponse,SeveralDays,5,Yes,Chat,2,10k-30k,No,100k+,TransparentPricing,Yes,3
55+,Female,Ulaanbaatar,Business Owner,1M-2M,Bachelor,Divorce,Once,3,OnlineSearch,HighCost,SeveralDays,2,Yes,Video,4,30k-50k,Maybe,<20k,GovPartnership,Yes,4
25-34,Female,Other City,Employee,<1M,Doctorate,Divorce,Yearly,4,PersonalContact,Transparency,SameDay,3,Maybe,Chat,3,10k-30k,Yes,20k-50k,VerifiedLawyers,Yes,5
18-24,Male,Ulaanbaatar,Student,<1M,Bachelor,Other,Yearly,1,SocialMedia,HighCost,SeveralDays,1,Yes,Chat,3,50k-100k,No,20k-50k,SecurePayments,Maybe,5
35-44,Female,Other City,Business Owner,1M-2M,Bachelor,Other,SeveralPerYear,1,SocialMedia,HighCost,SameDay,2,Yes,InPerson,4,10k-30k,Maybe,<20k,VerifiedLawyers,No,8
25-34,Male,Rural,Employee,6M+,Bachelor,Property,Once,1,GovAid,SlowResponse,SameDay,3,Yes,InPerson,5,50k-100k,Maybe,50k-100k,Reviews,No,2
18-24,Male,Other City,Unemployed,Unknown,HighSchool,Property,SeveralPerYear,3,LawFirm,ComplexProcess,SameDay,3,Yes,Video,1,30k-50k,Maybe,<20k,SecurePayments,No,2
25-34,Male,Other City,Employee,4M-6M,Doctorate,Business,Yearly,2,LawFirm,ComplexProcess,<1hr,2,Yes,Phone,1,100k+,Maybe,<20k,GovPartnership,Maybe,5
35-44,Female,Ulaanbaatar,Unemployed,2M-4M,Bachelor,Other,FewYears,4,PersonalContact,HighCost,SeveralDays,1,Yes,Video,2,10k-30k,Maybe,<20k,TransparentPricing,Yes,4
35-44,Male,Ulaanbaatar,Business Owner,1M-2M,Bachelor,Divorce,Once,2,PersonalContact,HighCost,SameDay,5,No,Video,2,30k-50k,Maybe,<20k,TransparentPricing,Yes,3
18-24,Female,Rural,Student,2M-4M,Master,Business,SeveralPerYear,5,LawFirm,Transparency,SeveralDays,3,Yes,Video,5,30k-50k,Yes,<20k,TransparentPricing,No,9
25-34,Female,Ulaanbaatar,Employee,<1M,Master,Criminal,SeveralPerYear,3,PersonalContact,Transparency,SameDay,4,Maybe,Chat,5,10k-30k,No,20k-50k,SecurePayments,Maybe,7
25-34,Male,Ulaanbaatar,Business Owner,4M-6M,Bachelor,Other,Once,5,OnlineSearch,HighCost,SameDay,3,Yes,Phone,3,30k-50k,Yes,20k-50k,GovPartnership,Yes,2
35-44,Female,Ulaanbaatar,Student,2M-4M,HighSchool,Labor,Yearly,4,PersonalContact,Transparency,SeveralDays,3,Yes,Phone,4,30k-50k,Maybe,50k-100k,VerifiedLawyers,No,6
25-34,Male,Ulaanbaatar,Student,1M-2M,HighSchool,Business,SeveralPerYear,4,OnlineSearch,TrustIssue,<1hr,1,Yes,InPerson,1,10k-30k,Yes,50k-100k,TransparentPricing,Yes,2
35-44,Female,Ulaanbaatar,Unemployed,1M-2M,Bachelor,Labor,Yearly,5,PersonalContact,ComplexProcess,SameDay,5,Yes,Phone,2,50k-100k,Yes,20k-50k,GovPartnership,Yes,3
25-34,Male,Other City,Employee,4M-6M,HighSchool,Property,FewYears,3,LawFirm,ComplexProcess,Week+,2,Maybe,InPerson,1,50k-100k,Yes,20k-50k,TransparentPricing,Maybe,8
18-24,Male,Ulaanbaatar,Unemployed,<1M,HighSchool,Property,Once,1,GovAid,HighCost,<1hr,1,Yes,Chat,1,30k-50k,Maybe,20k-50k,VerifiedLawyers,No,5
25-34,Male,Ulaanbaatar,Employee,<1M,Doctorate,Divorce,Once,5,PersonalContact,TrustIssue,SeveralDays,5,No,InPerson,4,10k-30k,Maybe,100k+,TransparentPricing,Yes,9
45-54,Female,Ulaanbaatar,Employee,2M-4M,HighSchool,Divorce,Once,4,GovAid,SlowResponse,SeveralDays,4,No,Phone,2,10k-30k,Yes,<20k,VerifiedLawyers,No,7
25-34,Male,Rural,Employee,Unknown,HighSchool,Divorce,FewYears,5,PersonalContact,HighCost,<1hr,4,Maybe,Chat,2,10k-30k,Yes,20k-50k,GovPartnership,Maybe,3
18-24,Other,Ulaanbaatar,Unemployed,1M-2M,HighSchool,Business,FewYears,2,LawFirm,Transparency,SeveralDays,4,Yes,Phone,5,Free,No,100k+,GovPartnership,Yes,6
25-34,Male,Rural,Business Owner,1M-2M,Bachelor,Property,Once,1,OnlineSearch,TrustIssue,SameDay,4,Yes,Chat,2,30k-50k,No,<20k,Reviews,Yes,4
35-44,Male,Rural,Employee,1M-2M,Master,Business,Yearly,2,PersonalContact,ComplexProcess,Week+,1,Yes,Phone,2,30k-50k,Yes,20k-50k,SecurePayments,No,3
18-24,Female,Ulaanbaatar,Business Owner,2M-4M,Bachelor,Other,Once,1,OnlineSearch,ComplexProcess,SameDay,4,Yes,Video,2,Free,Maybe,20k-50k,SecurePayments,No,4
35-44,Female,Ulaanbaatar,Business Owner,1M-2M,Master,Divorce,FewYears,5,LawFirm,ComplexProcess,SameDay,2,Yes,Chat,3,10k-30k,Yes,50k-100k,Reviews,Maybe,5
18-24,Female,Ulaanbaatar,Student,<1M,Bachelor,Criminal,Once,4,OnlineSearch,Transparency,SeveralDays,4,No,Chat,3,10k-30k,Yes,100k+,Reviews,Maybe,7
25-34,Male,Ulaanbaatar,Employee,<1M,HighSchool,Criminal,Once,5,GovAid,HighCost,SeveralDays,3,Maybe,Phone,4,30k-50k,Yes,<20k,VerifiedLawyers,Maybe,7
25-34,Female,Ulaanbaatar,Student,1M-2M,Bachelor,Property,Once,4,LawFirm,Transparency,SeveralDays,5,No,InPerson,2,10k-30k,Yes,20k-50k,GovPartnership,Yes,5
18-24,Male,Ulaanbaatar,Business Owner,1M-2M,Bachelor,Immigration,SeveralPerYear,1,OnlineSearch,ComplexProcess,Week+,4,Yes,Phone,1,10k-30k,No,50k-100k,SecurePayments,Maybe,0
25-34,Female,Ulaanbaatar,Student,2M-4M,Bachelor,Labor,Once,1,OnlineSearch,ComplexProcess,Week+,5,Yes,Chat,3,10k-30k,Maybe,20k-50k,Reviews,Maybe,5
18-24,Female,Other City,Freelancer,6M+,Bachelor,Business,FewYears,5,PersonalContact,TrustIssue,SameDay,3,Maybe,Chat,3,10k-30k,Maybe,20k-50k,TransparentPricing,Maybe,10
35-44,Female,Ulaanbaatar,Business Owner,1M-2M,Master,Business,FewYears,2,PersonalContact,ComplexProcess,SeveralDays,2,Maybe,Chat,1,10k-30k,Maybe,<20k,SecurePayments,Yes,6
25-34,Male,Ulaanbaatar,Unemployed,4M-6M,HighSchool,Labor,Once,5,PersonalContact,ComplexProcess,SeveralDays,2,Maybe,Chat,3,10k-30k,Maybe,<20k,SecurePayments,Yes,10
45-54,Male,Ulaanbaatar,Student,<1M,Master,Divorce,Yearly,2,PersonalContact,Transparency,SameDay,4,Yes,Chat,4,50k-100k,Yes,20k-50k,VerifiedLawyers,Maybe,5
25-34,Female,Ulaanbaatar,Employee,4M-6M,Doctorate,Labor,Once,4,OnlineSearch,ComplexProcess,SeveralDays,4,Yes,Chat,1,10k-30k,Maybe,20k-50k,TransparentPricing,Yes,9
18-24,Female,Ulaanbaatar,Employee,<1M,HighSchool,Divorce,Yearly,4,LawFirm,HighCost,<1hr,5,Yes,Chat,4,50k-100k,Yes,20k-50k,GovPartnership,Yes,9
18-24,Female,Ulaanbaatar,Student,2M-4M,HighSchool,Business,Once,2,GovAid,SlowResponse,SeveralDays,2,Yes,Chat,5,30k-50k,Maybe,20k-50k,SecurePayments,Yes,0
35-44,Female,Ulaanbaatar,Employee,1M-2M,HighSchool,Immigration,Once,4,PersonalContact,ComplexProcess,SeveralDays,3,Yes,Chat,1,30k-50k,Yes,<20k,VerifiedLawyers,Maybe,3
25-34,Female,Other City,Student,6M+,Bachelor,Labor,FewYears,1,PersonalContact,TrustIssue,SeveralDays,2,No,Video,2,10k-30k,No,20k-50k,TransparentPricing,No,9
25-34,Male,Ulaanbaatar,Student,4M-6M,Bachelor,Property,FewYears,5,PersonalContact,Transparency,SameDay,2,No,Chat,1,30k-50k,Maybe,50k-100k,SecurePayments,Maybe,5
18-24,Male,Rural,Employee,2M-4M,Doctorate,Divorce,Once,5,PersonalContact,SlowResponse,<1hr,2,Yes,Video,4,50k-100k,Yes,20k-50k,TransparentPricing,No,2
18-24,Female,Ulaanbaatar,Employee,1M-2M,Bachelor,Divorce,Yearly,4,OnlineSearch,ComplexProcess,SameDay,5,No,Phone,3,10k-30k,Maybe,<20k,Reviews,Maybe,2
55+,Male,Ulaanbaatar,Employee,1M-2M,Bachelor,Business,Once,3,PersonalContact,Transparency,SameDay,2,Yes,Chat,2,50k-100k,No,20k-50k,VerifiedLawyers,Maybe,3
25-34,Male,Ulaanbaatar,Employee,1M-2M,Bachelor,Business,Once,5,PersonalContact,Transparency,SameDay,2,Yes,Chat,1,10k-30k,Yes,20k-50k,VerifiedLawyers,No,7
45-54,Male,Ulaanbaatar,Unemployed,<1M,HighSchool,Property,Once,1,LawFirm,SlowResponse,SameDay,4,Maybe,Chat,2,30k-50k,Yes,<20k,TransparentPricing,Yes,3
25-34,Male,Other City,Student,4M-6M,HighSchool,Divorce,SeveralPerYear,3,PersonalContact,ComplexProcess,SeveralDays,2,Maybe,Phone,1,10k-30k,No,50k-100k,Reviews,Yes,3
45-54,Male,Ulaanbaatar,Freelancer,<1M,Master,Divorce,Once,3,PersonalContact,SlowResponse,SeveralDays,3,Yes,Chat,5,10k-30k,Yes,20k-50k,TransparentPricing,No,3
45-54,Female,Other City,Student,1M-2M,Bachelor,Divorce,FewYears,5,LawFirm,TrustIssue,SeveralDays,4,Maybe,InPerson,2,10k-30k,No,20k-50k,SecurePayments,Maybe,1
55+,Female,Rural,Employee,4M-6M,HighSchool,Divorce,FewYears,4,LawFirm,Transparency,SameDay,1,Maybe,Chat,5,30k-50k,No,100k+,SecurePayments,Maybe,1
35-44,Female,Other City,Student,<1M,Master,Other,Once,4,SocialMedia,HighCost,SeveralDays,4,Yes,Video,2,10k-30k,No,50k-100k,VerifiedLawyers,Maybe,10
35-44,Male,Ulaanbaatar,Employee,1M-2M,Master,Divorce,Once,1,PersonalContact,HighCost,<1hr,1,Maybe,Video,2,100k+,No,20k-50k,TransparentPricing,Maybe,7
35-44,Female,Ulaanbaatar,Freelancer,<1M,Bachelor,Divorce,Once,3,PersonalContact,ComplexProcess,SeveralDays,2,Maybe,Video,3,50k-100k,Yes,50k-100k,Reviews,No,9
25-34,Male,Ulaanbaatar,Employee,4M-6M,HighSchool,Divorce,Once,1,GovAid,Transparency,SeveralDays,1,Yes,Chat,2,30k-50k,Yes,20k-50k,TransparentPricing,Yes,3
35-44,Female,Ulaanbaatar,Business Owner,1M-2M,Bachelor,Labor,SeveralPerYear,1,PersonalContact,SlowResponse,SameDay,3,Maybe,Chat,4,50k-100k,Maybe,20k-50k,Reviews,Yes,3
35-44,Male,Ulaanbaatar,Employee,1M-2M,Bachelor,Business,Once,5,LawFirm,ComplexProcess,SeveralDays,1,Yes,Chat,2,10k-30k,Maybe,100k+,TransparentPricing,No,8
18-24,Female,Ulaanbaatar,Employee,<1M,Master,Labor,Once,3,OnlineSearch,TrustIssue,Week+,4,Maybe,Video,1,30k-50k,No,20k-50k,GovPartnership,No,9
25-34,Male,Ulaanbaatar,Unemployed,Unknown,Master,Property,FewYears,3,LawFirm,ComplexProcess,SeveralDays,2,Maybe,Video,1,10k-30k,No,20k-50k,VerifiedLawyers,Maybe,10
35-44,Female,Ulaanbaatar,Unemployed,1M-2M,Bachelor,Divorce,FewYears,4,PersonalContact,SlowResponse,SameDay,5,Yes,InPerson,4,50k-100k,Maybe,<20k,Reviews,No,10
18-24,Male,Ulaanbaatar,Business Owner,2M-4M,HighSchool,Criminal,Yearly,4,GovAid,ComplexProcess,SameDay,3,Maybe,Chat,3,100k+,Maybe,20k-50k,SecurePayments,Maybe,10
25-34,Female,Rural,Freelancer,1M-2M,Doctorate,Divorce,Once,2,OnlineSearch,TrustIssue,SeveralDays,3,Yes,Chat,4,100k+,No,100k+,VerifiedLawyers,Yes,6
25-34,Male,Ulaanbaatar,Freelancer,2M-4M,Master,Property,FewYears,1,PersonalContact,ComplexProcess,SameDay,4,Yes,Video,3,10k-30k,No,<20k,SecurePayments,Maybe,10
25-34,Female,Ulaanbaatar,Student,<1M,Bachelor,Business,FewYears,1,LawFirm,HighCost,SeveralDays,3,Maybe,Phone,3,100k+,Yes,50k-100k,Reviews,Maybe,3
18-24,Male,Ulaanbaatar,Freelancer,<1M,Bachelor,Property,Once,3,LawFirm,HighCost,SeveralDays,3,Yes,InPerson,5,100k+,Yes,20k-50k,TransparentPricing,No,6
25-34,Male,Rural,Student,2M-4M,HighSchool,Property,Yearly,1,PersonalContact,Transparency,SeveralDays,3,No,Video,5,10k-30k,No,20k-50k,TransparentPricing,Yes,2
25-34,Male,Ulaanbaatar,Employee,2M-4M,Bachelor,Labor,FewYears,2,PersonalContact,ComplexProcess,SameDay,4,Maybe,Video,1,10k-30k,No,<20k,GovPartnership,Yes,6
35-44,Female,Other City,Unemployed,1M-2M,HighSchool,Property,SeveralPerYear,5,OnlineSearch,ComplexProcess,<1hr,2,Yes,Chat,4,10k-30k,Maybe,20k-50k,SecurePayments,Yes,6
25-34,Female,Ulaanbaatar,Employee,<1M,HighSchool,Divorce,Yearly,2,PersonalContact,HighCost,<1hr,4,Maybe,Chat,3,30k-50k,Maybe,50k-100k,SecurePayments,No,1
18-24,Female,Ulaanbaatar,Employee,4M-6M,Bachelor,Other,FewYears,1,LawFirm,HighCost,Week+,5,Maybe,Chat,5,30k-50k,Yes,100k+,Reviews,No,1
18-24,Male,Ulaanbaatar,Freelancer,4M-6M,Bachelor,Business,Once,1,OnlineSearch,Transparency,SameDay,5,Maybe,Video,3,10k-30k,Yes,<20k,VerifiedLawyers,Maybe,9
35-44,Male,Ulaanbaatar,Employee,1M-2M,Bachelor,Immigration,Once,2,PersonalContact,TrustIssue,SameDay,1,Yes,InPerson,3,30k-50k,Maybe,20k-50k,GovPartnership,Maybe,10
35-44,Male,Other City,Freelancer,1M-2M,Doctorate,Divorce,SeveralPerYear,3,LawFirm,SlowResponse,SameDay,2,Yes,Chat,3,50k-100k,Maybe,20k-50k,VerifiedLawyers,Maybe,7
55+,Female,Ulaanbaatar,Employee,4M-6M,Bachelor,Divorce,Once,5,OnlineSearch,HighCost,SeveralDays,1,Maybe,InPerson,5,50k-100k,No,<20k,SecurePayments,Maybe,2
45-54,Male,Ulaanbaatar,Student,2M-4M,HighSchool,Other,Once,3,OnlineSearch,HighCost,SeveralDays,4,Maybe,Video,4,10k-30k,Yes,20k-50k,VerifiedLawyers,Maybe,1
25-34,Male,Ulaanbaatar,Student,2M-4M,HighSchool,Immigration,Once,3,PersonalContact,Transparency,Week+,1,Maybe,Chat,5,50k-100k,Yes,20k-50k,Reviews,Maybe,0
25-34,Male,Ulaanbaatar,Business Owner,1M-2M,Bachelor,Other,Once,1,PersonalContact,SlowResponse,<1hr,5,Maybe,Chat,1,10k-30k,No,20k-50k,GovPartnership,No,4
25-34,Female,Rural,Unemployed,4M-6M,Bachelor,Divorce,Yearly,1,PersonalContact,HighCost,SameDay,3,Maybe,Chat,5,30k-50k,Maybe,20k-50k,GovPartnership,Maybe,5
18-24,Female,Ulaanbaatar,Unemployed,1M-2M,HighSchool,Labor,Once,1,OnlineSearch,SlowResponse,SeveralDays,2,Yes,Video,5,Free,No,<20k,Reviews,Yes,2
25-34,Male,Ulaanbaatar,Employee,1M-2M,HighSchool,Business,FewYears,3,LawFirm,TrustIssue,SameDay,1,Yes,Chat,2,100k+,No,20k-50k,GovPartnership,Maybe,8
18-24,Male,Rural,Student,Unknown,Bachelor,Labor,FewYears,2,OnlineSearch,TrustIssue,SeveralDays,5,No,Chat,2,10k-30k,Maybe,<20k,VerifiedLawyers,Maybe,4
35-44,Female,Rural,Student,<1M,Master,Divorce,Once,3,PersonalContact,SlowResponse,<1hr,5,Maybe,Video,4,30k-50k,Maybe,20k-50k,TransparentPricing,Yes,10
18-24,Female,Ulaanbaatar,Employee,<1M,Bachelor,Immigration,FewYears,1,PersonalContact,TrustIssue,Week+,5,Yes,Phone,5,Free,Maybe,20k-50k,Reviews,No,6
25-34,Female,Ulaanbaatar,Student,1M-2M,HighSchool,Property,Yearly,5,OnlineSearch,ComplexProcess,SeveralDays,5,Yes,Chat,2,Free,Maybe,20k-50k,TransparentPricing,Yes,6
55+,Male,Ulaanbaatar,Freelancer,1M-2M,Bachelor,Property,FewYears,2,PersonalContact,HighCost,<1hr,1,No,InPerson,1,50k-100k,No,50k-100k,TransparentPricing,Yes,9
18-24,Female,Ulaanbaatar,Employee,<1M,HighSchool,Divorce,Once,4,LawFirm,Transparency,SameDay,3,Yes,Phone,1,Free,No,20k-50k,GovPartnership,Maybe,6
18-24,Male,Rural,Business Owner,4M-6M,Bachelor,Other,Once,1,LawFirm,ComplexProcess,Week+,1,Maybe,Chat,2,30k-50k,No,100k+,Reviews,Yes,8
18-24,Female,Ulaanbaatar,Employee,<1M,HighSchool,Divorce,FewYears,2,PersonalContact,ComplexProcess,SameDay,2,Maybe,Chat,2,50k-100k,Maybe,20k-50k,Reviews,No,7
55+,Male,Ulaanbaatar,Employee,2M-4M,HighSchool,Business,FewYears,3,PersonalContact,SlowResponse,SeveralDays,2,Yes,InPerson,3,10k-30k,Maybe,<20k,Reviews,Yes,8
45-54,Female,Ulaanbaatar,Student,4M-6M,Bachelor,Business,FewYears,2,GovAid,HighCost,SeveralDays,5,Yes,Phone,2,30k-50k,No,20k-50k,VerifiedLawyers,Yes,3
18-24,Male,Rural,Student,1M-2M,Bachelor,Labor,Once,4,PersonalContact,SlowResponse,Week+,4,Yes,Video,3,30k-50k,No,<20k,GovPartnership,No,5
55+,Female,Ulaanbaatar,Freelancer,4M-6M,Master,Business,SeveralPerYear,1,LawFirm,Transparency,Week+,3,Yes,Chat,4,10k-30k,Yes,20k-50k,TransparentPricing,Yes,7
35-44,Male,Ulaanbaatar,Employee,2M-4M,Bachelor,Divorce,Once,2,OnlineSearch,SlowResponse,SameDay,1,Yes,Chat,3,Free,No,20k-50k,VerifiedLawyers,Maybe,4
25-34,Female,Ulaanbaatar,Student,1M-2M,Bachelor,Other,SeveralPerYear,1,PersonalContact,HighCost,SeveralDays,3,Yes,Chat,4,30k-50k,Yes,<20k,GovPartnership,Yes,10
45-54,Female,Other City,Student,4M-6M,Bachelor,Property,Once,1,PersonalContact,HighCost,Week+,5,Maybe,Video,4,10k-30k,Yes,20k-50k,GovPartnership,Yes,6
45-54,Male,Rural,Employee,2M-4M,Bachelor,Divorce,Yearly,2,OnlineSearch,HighCost,SeveralDays,2,Maybe,Phone,5,Free,Maybe,20k-50k,VerifiedLawyers,Maybe,8
25-34,Female,Ulaanbaatar,Employee,6M+,Bachelor,Business,Once,3,GovAid,HighCost,SeveralDays,3,No,Chat,5,30k-50k,Yes,20k-50k,Reviews,No,0
25-34,Female,Ulaanbaatar,Student,1M-2M,HighSchool,Business,FewYears,4,OnlineSearch,SlowResponse,SeveralDays,4,No,Chat,1,10k-30k,Maybe,50k-100k,VerifiedLawyers,Yes,2
25-34,Female,Other City,Freelancer,<1M,Bachelor,Business,FewYears,1,LawFirm,ComplexProcess,Week+,2,No,Video,2,10k-30k,Maybe,<20k,SecurePayments,Yes,10
25-34,Female,Ulaanbaatar,Unemployed,2M-4M,HighSchool,Divorce,Once,0,PersonalContact,SlowResponse,Week+,2,Yes,Video,0,Free,Maybe,<20k,GovPartnership,Yes,6
18-24,Female,Ulaanbaatar,Student,<1M,Bachelor,Property,Once,5,LawFirm,TrustIssue,Week+,5,Maybe,Chat,3,30k-50k,Yes,<20k,VerifiedLawyers,Yes,0
25-34,Male,Ulaanbaatar,Employee,2M-4M,Bachelor,Business,Once,5,SocialMedia,TrustIssue,<1hr,3,Yes,InPerson,2,Free,No,<20k,GovPartnership,No,3
18-24,Female,Ulaanbaatar,Business Owner,<1M,HighSchool,Property,Yearly,5,OnlineSearch,HighCost,<1hr,5,Yes,Video,4,50k-100k,Yes,20k-50k,SecurePayments,No,0
25-34,Male,Rural,Employee,2M-4M,Bachelor,Business,Yearly,4,OnlineSearch,Transparency,SameDay,1,Yes,Chat,2,10k-30k,Maybe,<20k,Reviews,Yes,3
55+,Male,Rural,Employee,1M-2M,Master,Property,SeveralPerYear,1,OnlineSearch,TrustIssue,Week+,3,Yes,Chat,2,50k-100k,Maybe,20k-50k,GovPartnership,No,8
25-34,Female,Rural,Unemployed,4M-6M,HighSchool,Divorce,Once,3,PersonalContact,SlowResponse,SeveralDays,1,No,InPerson,4,Free,Maybe,20k-50k,GovPartnership,Maybe,3
35-44,Female,Other City,Employee,<1M,HighSchool,Business,SeveralPerYear,2,OnlineSearch,Transparency,SeveralDays,2,Yes,InPerson,5,30k-50k,Maybe,50k-100k,GovPartnership,Yes,8
25-34,Male,Ulaanbaatar,Freelancer,<1M,Bachelor,Other,SeveralPerYear,2,PersonalContact,SlowResponse,Week+,3,Yes,Chat,3,10k-30k,Maybe,20k-50k,VerifiedLawyers,Maybe,1
55+,Female,Ulaanbaatar,Employee,1M-2M,HighSchool,Immigration,FewYears,1,OnlineSearch,HighCost,Week+,3,Maybe,Video,5,30k-50k,Yes,20k-50k,VerifiedLawyers,Yes,0
25-34,Male,Ulaanbaatar,Employee,2M-4M,Bachelor,Labor,SeveralPerYear,2,OnlineSearch,HighCost,SameDay,2,Yes,Chat,5,30k-50k,Yes,100k+,SecurePayments,Maybe,6
18-24,Male,Ulaanbaatar,Unemployed,1M-2M,Bachelor,Business,FewYears,4,SocialMedia,TrustIssue,SameDay,2,Maybe,Chat,5,Free,Maybe,<20k,GovPartnership,Yes,1
18-24,Female,Ulaanbaatar,Employee,<1M,Bachelor,Property,FewYears,4,SocialMedia,SlowResponse,SameDay,5,Maybe,Chat,3,30k-50k,Yes,20k-50k,SecurePayments,No,8
55+,Male,Ulaanbaatar,Employee,<1M,Bachelor,Divorce,FewYears,2,GovAid,TrustIssue,Week+,2,Yes,Chat,4,30k-50k,No,50k-100k,VerifiedLawyers,Yes,0
55+,Female,Ulaanbaatar,Employee,<1M,Bachelor,Labor,FewYears,5,PersonalContact,SlowResponse,SeveralDays,2,Maybe,InPerson,3,10k-30k,Yes,20k-50k,SecurePayments,No,2
25-34,Female,Ulaanbaatar,Employee,1M-2M,Master,Business,Yearly,4,OnlineSearch,TrustIssue,Week+,3,Yes,Chat,5,30k-50k,Yes,<20k,SecurePayments,No,5
18-24,Female,Other City,Employee,1M-2M,Bachelor,Immigration,Yearly,5,PersonalContact,Transparency,SeveralDays,5,Yes,InPerson,2,30k-50k,Yes,<20k,GovPartnership,Maybe,8
18-24,Male,Other City,Employee,1M-2M,Master,Other,Once,5,SocialMedia,SlowResponse,<1hr,3,Maybe,InPerson,2,10k-30k,No,20k-50k,Reviews,Yes,2
35-44,Female,Ulaanbaatar,Student,<1M,Bachelor,Labor,Yearly,1,OnlineSearch,SlowResponse,SameDay,3,Yes,Phone,3,50k-100k,Maybe,<20k,SecurePayments,Yes,10
45-54,Male,Ulaanbaatar,Employee,2M-4M,Bachelor,Divorce,SeveralPerYear,2,LawFirm,HighCost,Week+,1,Yes,Video,2,10k-30k,No,<20k,SecurePayments,Maybe,10
25-34,Female,Ulaanbaatar,Business Owner,<1M,HighSchool,Labor,Once,3,LawFirm,TrustIssue,<1hr,1,Yes,Video,2,10k-30k,Yes,<20k,SecurePayments,No,2
25-34,Male,Rural,Employee,1M-2M,HighSchool,Criminal,FewYears,2,OnlineSearch,ComplexProcess,Week+,1,Yes,Video,4,30k-50k,Yes,100k+,SecurePayments,Yes,0
18-24,Female,Ulaanbaatar,Employee,2M-4M,Bachelor,Property,Once,2,PersonalContact,Transparency,Week+,3,Maybe,Chat,4,50k-100k,Maybe,50k-100k,GovPartnership,Maybe,9
18-24,Female,Ulaanbaatar,Employee,6M+,Bachelor,Divorce,Yearly,2,SocialMedia,SlowResponse,SameDay,2,Maybe,Chat,5,10k-30k,Maybe,100k+,VerifiedLawyers,Maybe,2
18-24,Male,Ulaanbaatar,Student,6M+,Master,Divorce,Once,1,PersonalContact,ComplexProcess,SameDay,5,Yes,Video,2,30k-50k,No,20k-50k,Reviews,Maybe,1
55+,Male,Ulaanbaatar,Student,2M-4M,Bachelor,Criminal,SeveralPerYear,4,LawFirm,HighCost,<1hr,4,Yes,Video,3,Free,Yes,20k-50k,Reviews,Maybe,5
35-44,Male,Ulaanbaatar,Student,1M-2M,Bachelor,Other,Once,2,LawFirm,ComplexProcess,<1hr,3,No,Phone,3,50k-100k,Yes,<20k,SecurePayments,Maybe,2
18-24,Male,Rural,Employee,6M+,Bachelor,Labor,FewYears,3,PersonalContact,ComplexProcess,<1hr,1,Yes,Chat,2,10k-30k,No,50k-100k,TransparentPricing,Yes,5
18-24,Female,Ulaanbaatar,Business Owner,2M-4M,Master,Divorce,FewYears,3,PersonalContact,HighCost,SameDay,4,Yes,Phone,3,30k-50k,Yes,100k+,GovPartnership,Yes,3
25-34,Male,Ulaanbaatar,Employee,<1M,Bachelor,Immigration,FewYears,3,GovAid,TrustIssue,<1hr,4,Yes,Chat,5,100k+,No,50k-100k,SecurePayments,Maybe,10
35-44,Female,Other City,Student,4M-6M,Bachelor,Business,Yearly,1,PersonalContact,ComplexProcess,Week+,3,Maybe,Chat,1,50k-100k,No,<20k,TransparentPricing,Maybe,7
35-44,Other,Ulaanbaatar,Employee,1M-2M,HighSchool,Labor,Once,2,LawFirm,SlowResponse,SeveralDays,5,Maybe,Phone,5,10k-30k,Maybe,50k-100k,Reviews,Maybe,8
18-24,Male,Ulaanbaatar,Employee,4M-6M,Doctorate,Business,Once,3,PersonalContact,ComplexProcess,<1hr,5,Yes,Phone,4,30k-50k,No,20k-50k,TransparentPricing,Maybe,0
55+,Male,Ulaanbaatar,Employee,1M-2M,Bachelor,Immigration,FewYears,2,GovAid,Transparency,SameDay,4,Yes,Chat,2,Free,Maybe,100k+,SecurePayments,Yes,4
18-24,Female,Ulaanbaatar,Business Owner,4M-6M,Bachelor,Property,SeveralPerYear,4,LawFirm,TrustIssue,Week+,5,No,InPerson,4,30k-50k,No,<20k,TransparentPricing,Maybe,1
25-34,Female,Ulaanbaatar,Employee,1M-2M,Bachelor,Divorce,SeveralPerYear,8,OnlineSearch,SlowResponse,SeveralDays,4,Yes,Phone,6,30k-50k,Maybe,20k-50k,GovPartnership,No,10
25-34,Male,Ulaanbaatar,Student,1M-2M,Bachelor,Criminal,Yearly,1,PersonalContact,ComplexProcess,SameDay,3,No,Video,3,30k-50k,Maybe,20k-50k,Reviews,Yes,10
55+,Male,Ulaanbaatar,Student,2M-4M,HighSchool,Divorce,Once,1,PersonalContact,TrustIssue,Week+,3,Maybe,Phone,5,Free,Yes,20k-50k,Reviews,Yes,0
25-34,Female,Rural,Employee,2M-4M,HighSchool,Other,FewYears,4,SocialMedia,HighCost,<1hr,1,Yes,Video,5,50k-100k,Maybe,<20k,Reviews,Maybe,1
25-34,Female,Ulaanbaatar,Employee,<1M,Master,Divorce,Yearly,1,SocialMedia,ComplexProcess,SameDay,4,No,InPerson,2,100k+,Maybe,<20k,SecurePayments,Yes,1
25-34,Male,Ulaanbaatar,Employee,<1M,Master,Other,SeveralPerYear,3,LawFirm,Transparency,Week+,1,Maybe,Phone,3,10k-30k,Yes,20k-50k,TransparentPricing,Maybe,1
35-44,Female,Ulaanbaatar,Freelancer,4M-6M,Master,Business,Once,2,SocialMedia,Transparency,SameDay,1,Maybe,InPerson,4,30k-50k,Maybe,<20k,TransparentPricing,Maybe,7
18-24,Female,Other City,Employee,<1M,Bachelor,Labor,Yearly,5,GovAid,ComplexProcess,SeveralDays,5,Yes,Chat,3,10k-30k,Yes,50k-100k,Reviews,Yes,10
18-24,Female,Ulaanbaatar,Employee,1M-2M,Master,Business,Once,2,GovAid,HighCost,SeveralDays,1,Yes,Video,1,30k-50k,No,<20k,TransparentPricing,Maybe,4
55+,Other,Other City,Student,1M-2M,HighSchool,Property,Once,1,PersonalContact,TrustIssue,SameDay,1,Yes,Chat,2,50k-100k,No,20k-50k,SecurePayments,Yes,3
25-34,Female,Ulaanbaatar,Student,2M-4M,HighSchool,Divorce,Once,4,LawFirm,ComplexProcess,SameDay,1,Yes,Video,3,Free,Maybe,<20k,TransparentPricing,Maybe,4
25-34,Male,Ulaanbaatar,Business Owner,<1M,Doctorate,Divorce,SeveralPerYear,4,PersonalContact,Transparency,Week+,3,Maybe,Phone,4,30k-50k,Maybe,20k-50k,GovPartnership,No,9
25-34,Male,Ulaanbaatar,Employee,2M-4M,Master,Business,Once,3,PersonalContact,ComplexProcess,<1hr,4,Yes,Phone,2,30k-50k,Yes,20k-50k,GovPartnership,Yes,4
35-44,Female,Other City,Employee,1M-2M,Master,Immigration,Once,4,OnlineSearch,Transparency,SeveralDays,4,Yes,Phone,1,50k-100k,No,50k-100k,SecurePayments,Yes,6
25-34,Female,Ulaanbaatar,Employee,1M-2M,Bachelor,Labor,Once,5,OnlineSearch,Transparency,SeveralDays,5,Yes,Chat,3,50k-100k,Maybe,20k-50k,VerifiedLawyers,No,0
35-44,Female,Other City,Employee,<1M,HighSchool,Business,Once,4,LawFirm,ComplexProcess,SameDay,5,Maybe,Chat,2,100k+,No,50k-100k,TransparentPricing,No,7
25-34,Female,Ulaanbaatar,Student,2M-4M,Bachelor,Criminal,Yearly,4,OnlineSearch,ComplexProcess,<1hr,4,Yes,Chat,1,10k-30k,Maybe,20k-50k,SecurePayments,Maybe,1
45-54,Male,Ulaanbaatar,Employee,2M-4M,Bachelor,Property,SeveralPerYear,3,PersonalContact,ComplexProcess,SameDay,1,Maybe,Phone,3,10k-30k,Maybe,<20k,Reviews,Maybe,7
18-24,Male,Ulaanbaatar,Unemployed,<1M,Bachelor,Property,Once,5,PersonalContact,TrustIssue,SameDay,2,Yes,Phone,1,30k-50k,Maybe,50k-100k,VerifiedLawyers,Maybe,3
25-34,Male,Other City,Student,1M-2M,HighSchool,Other,Once,2,PersonalContact,SlowResponse,SeveralDays,4,Maybe,Chat,3,50k-100k,Maybe,<20k,Reviews,No,2
25-34,Female,Ulaanbaatar,Student,2M-4M,Bachelor,Labor,FewYears,1,GovAid,TrustIssue,SeveralDays,3,Yes,Video,4,100k+,Yes,50k-100k,TransparentPricing,Maybe,8
18-24,Male,Ulaanbaatar,Student,6M+,Bachelor,Labor,Once,3,LawFirm,Transparency,SameDay,3,Yes,Chat,2,10k-30k,Maybe,100k+,SecurePayments,Yes,10
55+,Male,Ulaanbaatar,Business Owner,<1M,Bachelor,Criminal,FewYears,1,LawFirm,SlowResponse,SameDay,3,Yes,Chat,4,100k+,Yes,<20k,VerifiedLawyers,No,7
45-54,Female,Ulaanbaatar,Employee,1M-2M,Bachelor,Business,Once,4,SocialMedia,HighCost,SeveralDays,2,No,InPerson,3,50k-100k,Maybe,20k-50k,SecurePayments,Maybe,4
25-34,Female,Other City,Unemployed,1M-2M,Bachelor,Property,SeveralPerYear,4,OnlineSearch,Transparency,SameDay,1,Yes,Chat,4,30k-50k,Yes,<20k,GovPartnership,Yes,9
18-24,Female,Rural,Employee,2M-4M,Bachelor,Property,Once,1,PersonalContact,ComplexProcess,SeveralDays,4,Yes,Chat,4,30k-50k,Maybe,<20k,TransparentPricing,Maybe,10
18-24,Female,Ulaanbaatar,Student,1M-2M,Bachelor,Divorce,Once,1,LawFirm,TrustIssue,<1hr,3,Yes,Video,1,Free,Maybe,100k+,SecurePayments,Maybe,3
18-24,Female,Ulaanbaatar,Employee,<1M,Bachelor,Business,Once,4,OnlineSearch,SlowResponse,SameDay,5,Maybe,Video,4,30k-50k,Yes,50k-100k,VerifiedLawyers,No,6
25-34,Female,Ulaanbaatar,Student,1M-2M,Master,Divorce,Once,4,LawFirm,ComplexProcess,SameDay,5,Yes,InPerson,3,30k-50k,Maybe,50k-100k,Reviews,No,4
25-34,Female,Other City,Business Owner,1M-2M,Master,Divorce,SeveralPerYear,5,PersonalContact,SlowResponse,SameDay,5,Yes,Chat,3,10k-30k,Maybe,50k-100k,VerifiedLawyers,Maybe,4
35-44,Female,Other City,Student,2M-4M,Master,Labor,FewYears,2,PersonalContact,Transparency,<1hr,2,Yes,Phone,2,10k-30k,Maybe,20k-50k,SecurePayments,No,3
25-34,Male,Ulaanbaatar,Employee,2M-4M,Master,Business,Once,3,PersonalContact,Transparency,SeveralDays,2,Maybe,Chat,5,30k-50k,Maybe,50k-100k,SecurePayments,Maybe,10
45-54,Male,Other City,Employee,6M+,Master,Business,FewYears,1,LawFirm,Transparency,SeveralDays,3,No,Chat,1,10k-30k,No,20k-50k,GovPartnership,Yes,0
55+,Female,Ulaanbaatar,Business Owner,6M+,Bachelor,Criminal,Once,4,PersonalContact,ComplexProcess,SeveralDays,5,Yes,InPerson,2,30k-50k,Maybe,<20k,SecurePayments,Yes,6
18-24,Female,Ulaanbaatar,Business Owner,<1M,HighSchool,Property,FewYears,5,LawFirm,TrustIssue,Week+,5,Maybe,Phone,1,10k-30k,No,20k-50k,SecurePayments,Maybe,9
25-34,Male,Ulaanbaatar,Employee,<1M,HighSchool,Divorce,Once,3,OnlineSearch,TrustIssue,Week+,1,Yes,InPerson,1,50k-100k,Yes,100k+,Reviews,No,9
45-54,Male,Ulaanbaatar,Employee,2M-4M,Bachelor,Labor,Once,2,PersonalContact,ComplexProcess,Week+,2,No,Chat,2,Free,Yes,20k-50k,GovPartnership,Yes,8
55+,Male,Rural,Employee,1M-2M,HighSchool,Business,Once,5,LawFirm,Transparency,SameDay,5,No,Phone,2,Free,No,20k-50k,GovPartnership,Maybe,3
18-24,Female,Rural,Employee,1M-2M,Bachelor,Divorce,Yearly,5,GovAid,Transparency,SeveralDays,2,Yes,InPerson,2,30k-50k,No,<20k,GovPartnership,Maybe,8
35-44,Male,Ulaanbaatar,Business Owner,1M-2M,HighSchool,Labor,Once,4,LawFirm,ComplexProcess,Week+,3,Yes,Chat,3,30k-50k,No,100k+,Reviews,No,2
18-24,Male,Rural,Student,4M-6M,Bachelor,Labor,Once,5,PersonalContact,TrustIssue,SameDay,3,Yes,Phone,3,10k-30k,Yes,<20k,Reviews,Maybe,6
45-54,Male,Rural,Employee,1M-2M,Master,Other,FewYears,1,LawFirm,HighCost,SameDay,3,Yes,InPerson,4,30k-50k,No,20k-50k,TransparentPricing,Maybe,10
18-24,Female,Rural,Employee,4M-6M,HighSchool,Other,Once,2,LawFirm,SlowResponse,<1hr,2,Yes,Chat,3,10k-30k,Yes,<20k,Reviews,Maybe,7
35-44,Female,Ulaanbaatar,Student,1M-2M,Bachelor,Business,Once,5,PersonalContact,HighCost,SeveralDays,1,Yes,Phone,2,10k-30k,No,<20k,SecurePayments,Maybe,5
55+,Male,Ulaanbaatar,Student,<1M,Master,Divorce,FewYears,5,PersonalContact,Transparency,SameDay,1,Yes,Video,3,50k-100k,No,50k-100k,VerifiedLawyers,Maybe,2
25-34,Female,Ulaanbaatar,Employee,1M-2M,Bachelor,Criminal,Once,1,PersonalContact,HighCost,Week+,3,Yes,Chat,4,30k-50k,Maybe,<20k,Reviews,Yes,4
18-24,Female,Ulaanbaatar,Freelancer,4M-6M,Master,Property,SeveralPerYear,2,PersonalContact,HighCost,SeveralDays,3,Maybe,InPerson,2,30k-50k,Maybe,<20k,GovPartnership,Yes,10
25-34,Other,Ulaanbaatar,Student,Unknown,Master,Criminal,Yearly,4,PersonalContact,ComplexProcess,SeveralDays,3,Maybe,Chat,1,10k-30k,Yes,100k+,Reviews,Maybe,9
25-34,Male,Rural,Employee,1M-2M,HighSchool,Other,FewYears,5,PersonalContact,Transparency,SeveralDays,2,Yes,Phone,3,30k-50k,Yes,50k-100k,Reviews,Maybe,8
35-44,Male,Other City,Employee,Unknown,Bachelor,Divorce,Once,3,PersonalContact,TrustIssue,SameDay,1,Maybe,Phone,1,50k-100k,Maybe,<20k,Reviews,Yes,4
18-24,Male,Ulaanbaatar,Employee,1M-2M,Doctorate,Business,Once,1,PersonalContact,HighCost,SeveralDays,5,Yes,Video,5,30k-50k,No,100k+,TransparentPricing,Yes,6
45-54,Female,Other City,Employee,1M-2M,HighSchool,Divorce,Once,1,SocialMedia,ComplexProcess,SameDay,3,Yes,Chat,3,Free,Maybe,20k-50k,TransparentPricing,Yes,8
25-34,Other,Ulaanbaatar,Freelancer,2M-4M,HighSchool,Property,SeveralPerYear,1,GovAid,Transparency,SameDay,3,Yes,Chat,4,30k-50k,No,<20k,TransparentPricing,Maybe,2
18-24,Female,Rural,Student,2M-4M,Bachelor,Other,Yearly,4,PersonalContact,ComplexProcess,<1hr,2,Yes,Chat,2,30k-50k,No,20k-50k,SecurePayments,Yes,5
35-44,Female,Ulaanbaatar,Business Owner,1M-2M,HighSchool,Property,Yearly,4,PersonalContact,Transparency,SameDay,3,Maybe,Chat,3,30k-50k,Yes,20k-50k,VerifiedLawyers,Maybe,9
18-24,Female,Ulaanbaatar,Student,1M-2M,Bachelor,Other,FewYears,1,GovAid,Transparency,<1hr,1,Maybe,InPerson,5,10k-30k,Maybe,<20k,TransparentPricing,No,6
18-24,Male,Ulaanbaatar,Student,<1M,HighSchool,Divorce,Once,5,OnlineSearch,SlowResponse,SeveralDays,2,Yes,Video,2,Free,Maybe,20k-50k,SecurePayments,No,3
25-34,Male,Ulaanbaatar,Student,Unknown,Bachelor,Business,Once,1,PersonalContact,TrustIssue,SameDay,3,Maybe,Video,2,50k-100k,Maybe,<20k,Reviews,Maybe,3
35-44,Male,Ulaanbaatar,Freelancer,<1M,Bachelor,Property,Once,3,OnlineSearch,TrustIssue,Week+,4,Maybe,InPerson,4,30k-50k,No,100k+,GovPartnership,Yes,4
45-54,Female,Rural,Business Owner,<1M,Doctorate,Other,Once,8,PersonalContact,SlowResponse,SeveralDays,1,No,Chat,7,10k-30k,Yes,20k-50k,VerifiedLawyers,Maybe,10
18-24,Female,Ulaanbaatar,Student,4M-6M,Bachelor,Business,SeveralPerYear,5,OnlineSearch,Transparency,SeveralDays,3,Yes,Chat,4,50k-100k,Yes,<20k,VerifiedLawyers,No,2
35-44,Male,Ulaanbaatar,Unemployed,4M-6M,Bachelor,Divorce,Once,4,OnlineSearch,ComplexProcess,SameDay,4,Maybe,Chat,4,10k-30k,Maybe,20k-50k,GovPartnership,Maybe,7
35-44,Male,Ulaanbaatar,Unemployed,4M-6M,Bachelor,Divorce,Once,1,PersonalContact,HighCost,SeveralDays,5,Yes,Chat,5,30k-50k,Maybe,20k-50k,TransparentPricing,Yes,3
18-24,Female,Other City,Unemployed,2M-4M,Master,Business,FewYears,2,OnlineSearch,Transparency,SameDay,3,Yes,Chat,3,30k-50k,No,20k-50k,VerifiedLawyers,Maybe,7
55+,Male,Ulaanbaatar,Student,2M-4M,Doctorate,Business,Yearly,2,PersonalContact,HighCost,Week+,4,Maybe,Chat,3,30k-50k,Yes,20k-50k,VerifiedLawyers,Maybe,10
18-24,Female,Rural,Employee,1M-2M,Bachelor,Property,Yearly,0,GovAid,SlowResponse,SameDay,1,Maybe,InPerson,6,30k-50k,Maybe,20k-50k,GovPartnership,Yes,3
18-24,Female,Ulaanbaatar,Student,2M-4M,Bachelor,Immigration,SeveralPerYear,3,GovAid,SlowResponse,Week+,2,Yes,InPerson,1,10k-30k,Yes,20k-50k,GovPartnership,Maybe,6
25-34,Male,Other City,Employee,6M+,Bachelor,Business,FewYears,2,LawFirm,ComplexProcess,SeveralDays,3,Maybe,Chat,2,10k-30k,Yes,20k-50k,TransparentPricing,Maybe,9
35-44,Male,Ulaanbaatar,Unemployed,2M-4M,Bachelor,Labor,Once,4,OnlineSearch,SlowResponse,SameDay,1,Maybe,Chat,5,10k-30k,Maybe,<20k,GovPartnership,Yes,2
18-24,Male,Other City,Employee,6M+,Bachelor,Property,SeveralPerYear,1,LawFirm,Transparency,Week+,2,Yes,InPerson,2,10k-30k,Maybe,<20k,TransparentPricing,Yes,9
25-34,Male,Ulaanbaatar,Business Owner,1M-2M,Bachelor,Divorce,Once,2,OnlineSearch,Transparency,SameDay,4,Yes,Chat,4,10k-30k,Yes,50k-100k,TransparentPricing,Yes,2
25-34,Male,Rural,Unemployed,2M-4M,Bachelor,Business,FewYears,4,OnlineSearch,TrustIssue,SeveralDays,2,Yes,Chat,2,30k-50k,No,50k-100k,TransparentPricing,No,3
45-54,Female,Ulaanbaatar,Student,1M-2M,Bachelor,Criminal,FewYears,5,GovAid,ComplexProcess,SameDay,2,Yes,Video,2,10k-30k,No,20k-50k,Reviews,Yes,6
35-44,Female,Ulaanbaatar,Employee,2M-4M,Bachelor,Labor,Once,2,PersonalContact,TrustIssue,<1hr,4,Yes,Video,2,50k-100k,Maybe,100k+,GovPartnership,No,10
18-24,Male,Ulaanbaatar,Student,1M-2M,Bachelor,Property,Once,1,SocialMedia,HighCost,SeveralDays,3,Maybe,Chat,3,Free,Yes,50k-100k,GovPartnership,Yes,9
18-24,Male,Rural,Employee,<1M,Master,Divorce,Yearly,2,SocialMedia,TrustIssue,<1hr,3,Maybe,Video,2,30k-50k,Yes,<20k,Reviews,Yes,8
25-34,Male,Ulaanbaatar,Freelancer,2M-4M,Bachelor,Business,Yearly,1,LawFirm,Transparency,Week+,1,Maybe,Chat,3,10k-30k,No,20k-50k,Reviews,Yes,8
35-44,Female,Other City,Student,2M-4M,Bachelor,Other,Once,1,PersonalContact,HighCost,SeveralDays,2,Maybe,Video,3,50k-100k,Yes,<20k,TransparentPricing,Maybe,1
25-34,Male,Ulaanbaatar,Employee,<1M,Master,Criminal,Yearly,4,OnlineSearch,Transparency,SeveralDays,2,No,Chat,5,10k-30k,Maybe,<20k,GovPartnership,Maybe,3
25-34,Female,Rural,Freelancer,4M-6M,Bachelor,Property,FewYears,4,OnlineSearch,HighCost,SeveralDays,3,Maybe,Chat,4,10k-30k,No,<20k,Reviews,Yes,2
25-34,Female,Ulaanbaatar,Employee,1M-2M,Master,Criminal,Once,3,LawFirm,HighCost,SameDay,2,Yes,Chat,3,10k-30k,No,50k-100k,VerifiedLawyers,Maybe,0
35-44,Female,Ulaanbaatar,Unemployed,1M-2M,Bachelor,Immigration,Yearly,4,OnlineSearch,SlowResponse,SeveralDays,5,Yes,Video,2,10k-30k,Yes,20k-50k,Reviews,Maybe,6
25-34,Female,Ulaanbaatar,Employee,4M-6M,Master,Other,Yearly,3,LawFirm,TrustIssue,<1hr,1,Yes,Chat,5,30k-50k,Maybe,20k-50k,TransparentPricing,Maybe,0
45-54,Female,Other City,Student,<1M,Master,Business,Yearly,1,PersonalContact,HighCost,Week+,4,Maybe,InPerson,5,30k-50k,Yes,20k-50k,Reviews,Maybe,3
55+,Female,Ulaanbaatar,Employee,<1M,Bachelor,Immigration,Yearly,2,OnlineSearch,ComplexProcess,Week+,3,Maybe,Chat,4,10k-30k,Yes,20k-50k,TransparentPricing,No,9
45-54,Female,Ulaanbaatar,Employee,1M-2M,Bachelor,Business,SeveralPerYear,5,OnlineSearch,HighCost,SeveralDays,5,No,Video,3,30k-50k,Yes,20k-50k,GovPartnership,Yes,4
35-44,Female,Ulaanbaatar,Student,<1M,HighSchool,Divorce,Once,1,OnlineSearch,TrustIssue,<1hr,5,Yes,InPerson,3,30k-50k,Yes,20k-50k,GovPartnership,Maybe,5
18-24,Female,Ulaanbaatar,Unemployed,2M-4M,Master,Criminal,SeveralPerYear,5,OnlineSearch,TrustIssue,SeveralDays,2,Yes,InPerson,1,Free,Yes,<20k,TransparentPricing,Yes,5
25-34,Female,Other City,Unemployed,2M-4M,Master,Labor,FewYears,2,LawFirm,HighCost,Week+,5,Maybe,Phone,4,10k-30k,Maybe,<20k,SecurePayments,Maybe,3
18-24,Male,Ulaanbaatar,Business Owner,2M-4M,Bachelor,Labor,SeveralPerYear,2,LawFirm,HighCost,Week+,3,Maybe,Video,3,10k-30k,Maybe,20k-50k,TransparentPricing,Yes,4
25-34,Male,Ulaanbaatar,Freelancer,2M-4M,Bachelor,Business,SeveralPerYear,5,LawFirm,HighCost,<1hr,1,Yes,InPerson,4,50k-100k,No,<20k,TransparentPricing,No,6
25-34,Female,Ulaanbaatar,Unemployed,1M-2M,Bachelor,Divorce,FewYears,5,OnlineSearch,ComplexProcess,SameDay,4,Yes,InPerson,4,10k-30k,No,20k-50k,SecurePayments,Yes,7
35-44,Female,Ulaanbaatar,Student,2M-4M,Master,Divorce,Once,5,OnlineSearch,SlowResponse,SeveralDays,3,Yes,InPerson,3,10k-30k,Yes,50k-100k,VerifiedLawyers,Maybe,4
18-24,Male,Ulaanbaatar,Student,1M-2M,HighSchool,Business,Once,2,PersonalContact,Transparency,Week+,3,Maybe,InPerson,1,50k-100k,No,20k-50k,TransparentPricing,Maybe,1
35-44,Female,Rural,Unemployed,2M-4M,HighSchool,Other,FewYears,3,PersonalContact,SlowResponse,SameDay,1,No,Video,5,10k-30k,Maybe,<20k,Reviews,No,2
25-34,Female,Ulaanbaatar,Employee,1M-2M,Master,Property,Once,4,OnlineSearch,ComplexProcess,SameDay,3,Yes,Chat,4,10k-30k,Yes,50k-100k,Reviews,Maybe,4
35-44,Male,Other City,Employee,<1M,HighSchool,Criminal,Once,2,LawFirm,TrustIssue,<1hr,3,Yes,InPerson,4,30k-50k,No,20k-50k,VerifiedLawyers,Maybe,8
25-34,Female,Ulaanbaatar,Student,<1M,Master,Divorce,Yearly,4,SocialMedia,Transparency,Week+,3,Yes,Chat,3,30k-50k,Yes,<20k,TransparentPricing,Maybe,0
25-34,Male,Other City,Student,4M-6M,Bachelor,Labor,Once,4,PersonalContact,TrustIssue,SeveralDays,5,Maybe,Phone,3,30k-50k,Yes,20k-50k,TransparentPricing,Maybe,3
25-34,Male,Rural,Business Owner,2M-4M,Bachelor,Divorce,SeveralPerYear,2,PersonalContact,HighCost,SeveralDays,3,Maybe,Phone,2,50k-100k,No,<20k,TransparentPricing,Maybe,6
55+,Female,Other City,Student,1M-2M,Master,Criminal,Once,2,OnlineSearch,HighCost,SeveralDays,1,Yes,Chat,1,30k-50k,No,<20k,GovPartnership,Yes,9
35-44,Male,Other City,Employee,6M+,HighSchool,Business,FewYears,5,PersonalContact,SlowResponse,<1hr,3,Yes,Chat,3,10k-30k,No,20k-50k,SecurePayments,No,8
25-34,Male,Ulaanbaatar,Student,2M-4M,HighSchool,Criminal,Once,1,PersonalContact,SlowResponse,SeveralDays,4,Maybe,Chat,3,100k+,Yes,20k-50k,TransparentPricing,No,5
18-24,Female,Ulaanbaatar,Business Owner,4M-6M,HighSchool,Business,FewYears,5,LawFirm,Transparency,SeveralDays,1,Maybe,Chat,1,10k-30k,Maybe,50k-100k,Reviews,No,4
45-54,Female,Ulaanbaatar,Employee,2M-4M,HighSchool,Immigration,Once,3,PersonalContact,TrustIssue,SeveralDays,5,Yes,Chat,1,30k-50k,Yes,20k-50k,Reviews,Maybe,6
18-24,Male,Ulaanbaatar,Student,<1M,HighSchool,Property,FewYears,3,PersonalContact,HighCost,SameDay,2,No,Chat,1,100k+,Maybe,50k-100k,SecurePayments,Maybe,2
25-34,Female,Ulaanbaatar,Student,1M-2M,HighSchool,Business,FewYears,3,LawFirm,ComplexProcess,SameDay,1,Yes,InPerson,2,30k-50k,Maybe,50k-100k,SecurePayments,No,4
45-54,Other,Ulaanbaatar,Employee,<1M,HighSchool,Property,FewYears,3,OnlineSearch,Transparency,SeveralDays,4,Yes,Chat,2,Free,Yes,20k-50k,GovPartnership,Maybe,8
18-24,Female,Rural,Student,4M-6M,Bachelor,Labor,Yearly,2,LawFirm,TrustIssue,SeveralDays,2,Maybe,Video,1,30k-50k,Maybe,<20k,GovPartnership,Maybe,7
18-24,Male,Other City,Employee,2M-4M,HighSchool,Immigration,FewYears,1,SocialMedia,TrustIssue,SeveralDays,2,Yes,InPerson,5,30k-50k,Maybe,50k-100k,SecurePayments,Yes,10
45-54,Female,Ulaanbaatar,Unemployed,4M-6M,Master,Immigration,FewYears,1,OnlineSearch,ComplexProcess,Week+,5,Yes,InPerson,2,10k-30k,Yes,<20k,GovPartnership,No,6
35-44,Female,Ulaanbaatar,Employee,<1M,HighSchool,Immigration,Once,5,PersonalContact,HighCost,<1hr,2,Yes,Chat,5,50k-100k,Yes,100k+,SecurePayments,Yes,6
25-34,Female,Ulaanbaatar,Business Owner,1M-2M,Bachelor,Immigration,FewYears,2,GovAid,SlowResponse,SameDay,1,No,Chat,3,100k+,Yes,20k-50k,SecurePayments,Yes,1
18-24,Male,Ulaanbaatar,Employee,4M-6M,Bachelor,Divorce,FewYears,4,LawFirm,HighCost,SameDay,2,Yes,Chat,4,10k-30k,Maybe,<20k,GovPartnership,Maybe,1
18-24,Male,Ulaanbaatar,Employee,6M+,Bachelor,Criminal,Once,3,GovAid,Transparency,SameDay,3,No,Video,3,10k-30k,Maybe,<20k,TransparentPricing,Yes,7
55+,Male,Ulaanbaatar,Employee,<1M,Bachelor,Business,FewYears,4,OnlineSearch,SlowResponse,Week+,2,Maybe,Video,5,10k-30k,Maybe,20k-50k,TransparentPricing,Yes,3
35-44,Female,Other City,Employee,<1M,Bachelor,Property,Once,3,SocialMedia,ComplexProcess,Week+,1,Yes,Chat,1,10k-30k,No,20k-50k,SecurePayments,Yes,10
45-54,Female,Other City,Student,<1M,Bachelor,Other,FewYears,4,OnlineSearch,TrustIssue,Week+,3,No,InPerson,3,Free,Maybe,20k-50k,GovPartnership,Maybe,4
25-34,Female,Ulaanbaatar,Employee,2M-4M,HighSchool,Labor,Yearly,5,OnlineSearch,Transparency,SeveralDays,2,Maybe,Phone,3,30k-50k,Yes,20k-50k,SecurePayments,Yes,10
18-24,Female,Ulaanbaatar,Unemployed,1M-2M,Bachelor,Business,FewYears,4,PersonalContact,SlowResponse,SeveralDays,5,No,Chat,3,30k-50k,Yes,<20k,Reviews,Yes,3
18-24,Male,Ulaanbaatar,Employee,1M-2M,Bachelor,Divorce,FewYears,5,LawFirm,HighCost,SeveralDays,4,Maybe,Chat,2,30k-50k,Maybe,50k-100k,Reviews,No,6
25-34,Female,Other City,Student,4M-6M,Bachelor,Labor,Once,2,OnlineSearch,TrustIssue,SeveralDays,1,Yes,Chat,4,50k-100k,No,20k-50k,SecurePayments,Maybe,8
45-54,Female,Rural,Employee,1M-2M,Bachelor,Criminal,Once,4,LawFirm,ComplexProcess,<1hr,2,Yes,Chat,2,10k-30k,No,<20k,TransparentPricing,No,9
55+,Male,Ulaanbaatar,Business Owner,<1M,Master,Criminal,Yearly,3,LawFirm,Transparency,SeveralDays,3,Yes,Chat,4,Free,No,20k-50k,TransparentPricing,Maybe,9
45-54,Female,Ulaanbaatar,Employee,Unknown,Bachelor,Business,FewYears,2,LawFirm,HighCost,SameDay,1,Maybe,Chat,4,30k-50k,No,20k-50k,SecurePayments,Maybe,0
18-24,Male,Ulaanbaatar,Employee,1M-2M,Bachelor,Divorce,Once,3,OnlineSearch,ComplexProcess,SeveralDays,2,Maybe,Phone,2,30k-50k,Yes,20k-50k,SecurePayments,Maybe,0
25-34,Female,Other City,Freelancer,6M+,Master,Labor,SeveralPerYear,0,PersonalContact,HighCost,<1hr,4,Maybe,Phone,0,10k-30k,Maybe,50k-100k,TransparentPricing,No,6
18-24,Male,Ulaanbaatar,Employee,<1M,Bachelor,Labor,Once,4,OnlineSearch,TrustIssue,<1hr,3,Maybe,Chat,5,100k+,No,50k-100k,Reviews,No,1
18-24,Male,Rural,Freelancer,1M-2M,HighSchool,Criminal,Once,1,GovAid,Transparency,SameDay,3,No,Video,2,30k-50k,No,20k-50k,Reviews,Yes,5
35-44,Female,Rural,Unemployed,2M-4M,HighSchool,Business,Once,4,OnlineSearch,HighCost,SameDay,5,Yes,Chat,2,100k+,No,<20k,Reviews,Maybe,4
25-34,Male,Ulaanbaatar,Employee,2M-4M,Bachelor,Business,Once,5,OnlineSearch,HighCost,SameDay,3,Maybe,Chat,1,100k+,No,100k+,VerifiedLawyers,Maybe,5
25-34,Female,Ulaanbaatar,Student,2M-4M,Master,Property,Once,3,LawFirm,ComplexProcess,SeveralDays,3,No,Chat,5,30k-50k,Yes,20k-50k,VerifiedLawyers,No,5
18-24,Male,Ulaanbaatar,Employee,<1M,Master,Other,FewYears,2,GovAid,HighCost,SeveralDays,2,Yes,Chat,5,10k-30k,Maybe,<20k,SecurePayments,Yes,5
25-34,Female,Ulaanbaatar,Student,1M-2M,Doctorate,Labor,FewYears,1,GovAid,ComplexProcess,SeveralDays,4,No,Video,4,30k-50k,Maybe,20k-50k,SecurePayments,Yes,5
25-34,Male,Ulaanbaatar,Business Owner,1M-2M,HighSchool,Business,FewYears,2,SocialMedia,ComplexProcess,Week+,1,Yes,Phone,4,Free,Maybe,20k-50k,Reviews,Yes,0
25-34,Female,Other City,Student,<1M,HighSchool,Divorce,FewYears,5,OnlineSearch,Transparency,SeveralDays,4,Yes,Chat,1,Free,Yes,100k+,TransparentPricing,No,1
18-24,Male,Ulaanbaatar,Employee,2M-4M,HighSchool,Labor,FewYears,4,OnlineSearch,ComplexProcess,Week+,5,Yes,Chat,2,30k-50k,Yes,20k-50k,Reviews,Yes,10
25-34,Female,Ulaanbaatar,Business Owner,2M-4M,Bachelor,Property,SeveralPerYear,4,LawFirm,SlowResponse,SeveralDays,4,Yes,Chat,4,50k-100k,Maybe,20k-50k,SecurePayments,No,7
25-34,Female,Ulaanbaatar,Unemployed,2M-4M,Bachelor,Business,FewYears,4,LawFirm,HighCost,SameDay,4,Maybe,Video,2,50k-100k,Maybe,50k-100k,GovPartnership,No,3
18-24,Male,Ulaanbaatar,Freelancer,1M-2M,Master,Business,Once,3,PersonalContact,Transparency,SeveralDays,3,Yes,Video,5,10k-30k,Maybe,20k-50k,SecurePayments,Yes,5
45-54,Female,Other City,Student,1M-2M,Bachelor,Immigration,FewYears,3,OnlineSearch,SlowResponse,SeveralDays,4,No,InPerson,2,10k-30k,Maybe,<20k,GovPartnership,No,10
45-54,Male,Ulaanbaatar,Unemployed,4M-6M,Bachelor,Other,Once,2,SocialMedia,SlowResponse,SameDay,3,Yes,Chat,2,50k-100k,No,50k-100k,GovPartnership,Maybe,3
25-34,Female,Ulaanbaatar,Employee,1M-2M,HighSchool,Business,FewYears,4,GovAid,TrustIssue,<1hr,1,No,Phone,2,10k-30k,Yes,20k-50k,TransparentPricing,Yes,6
18-24,Male,Ulaanbaatar,Student,2M-4M,HighSchool,Property,Once,1,LawFirm,ComplexProcess,SeveralDays,4,Yes,Chat,2,30k-50k,Yes,50k-100k,TransparentPricing,Maybe,0
55+,Female,Rural,Unemployed,2M-4M,Bachelor,Divorce,SeveralPerYear,3,PersonalContact,Transparency,Week+,2,Maybe,InPerson,1,Free,Maybe,<20k,VerifiedLawyers,Yes,0
25-34,Female,Ulaanbaatar,Freelancer,6M+,Bachelor,Property,Once,5,PersonalContact,ComplexProcess,SameDay,5,Maybe,Video,2,100k+,Yes,20k-50k,TransparentPricing,No,5
35-44,Male,Ulaanbaatar,Employee,<1M,Bachelor,Criminal,FewYears,5,GovAid,SlowResponse,Week+,2,Yes,InPerson,4,30k-50k,Maybe,20k-50k,Reviews,Maybe,3
35-44,Male,Ulaanbaatar,Employee,1M-2M,Bachelor,Divorce,FewYears,4,LawFirm,HighCost,SameDay,5,Yes,Video,5,50k-100k,Maybe,20k-50k,Reviews,No,1
25-34,Male,Other City,Employee,6M+,Bachelor,Other,Once,4,PersonalContact,ComplexProcess,SameDay,4,Yes,InPerson,3,30k-50k,Maybe,20k-50k,SecurePayments,Maybe,4
18-24,Female,Other City,Student,<1M,Bachelor,Labor,Once,5,OnlineSearch,SlowResponse,SameDay,1,Maybe,InPerson,1,Free,Yes,<20k,VerifiedLawyers,Maybe,4
55+,Female,Other City,Employee,1M-2M,HighSchool,Divorce,Once,5,GovAid,HighCost,SeveralDays,3,Yes,Chat,3,10k-30k,Maybe,20k-50k,VerifiedLawyers,Maybe,3
18-24,Female,Ulaanbaatar,Employee,<1M,HighSchool,Immigration,Once,3,GovAid,Transparency,SameDay,1,Maybe,InPerson,5,100k+,No,<20k,Reviews,Yes,3
25-34,Male,Ulaanbaatar,Unemployed,1M-2M,HighSchool,Business,Yearly,5,OnlineSearch,Transparency,SameDay,4,Yes,Video,5,50k-100k,Maybe,<20k,TransparentPricing,Maybe,6
18-24,Male,Ulaanbaatar,Employee,6M+,Bachelor,Criminal,Once,4,OnlineSearch,ComplexProcess,<1hr,2,Yes,Video,5,50k-100k,Yes,<20k,Reviews,No,7
18-24,Male,Ulaanbaatar,Business Owner,Unknown,Master,Property,Once,3,SocialMedia,HighCost,SameDay,4,Yes,Phone,1,10k-30k,Maybe,<20k,TransparentPricing,No,7
35-44,Male,Ulaanbaatar,Unemployed,<1M,HighSchool,Business,Once,1,GovAid,HighCost,SeveralDays,5,Yes,Chat,4,30k-50k,No,20k-50k,TransparentPricing,Yes,4
25-34,Female,Ulaanbaatar,Student,6M+,HighSchool,Property,Once,5,GovAid,TrustIssue,SameDay,4,Maybe,Phone,5,10k-30k,Yes,100k+,TransparentPricing,Yes,6
18-24,Female,Ulaanbaatar,Employee,<1M,Bachelor,Labor,Once,1,LawFirm,TrustIssue,SeveralDays,2,Yes,Phone,5,10k-30k,Yes,20k-50k,TransparentPricing,No,4
18-24,Male,Other City,Freelancer,6M+,Bachelor,Other,Once,4,GovAid,SlowResponse,SeveralDays,1,Yes,Chat,3,50k-100k,Yes,20k-50k,GovPartnership,No,6
45-54,Female,Ulaanbaatar,Freelancer,2M-4M,Master,Divorce,FewYears,3,GovAid,ComplexProcess,SameDay,4,Maybe,InPerson,2,10k-30k,Yes,50k-100k,TransparentPricing,Yes,9
55+,Male,Ulaanbaatar,Employee,4M-6M,Bachelor,Property,Once,4,OnlineSearch,ComplexProcess,SameDay,3,Yes,Chat,2,30k-50k,Maybe,<20k,TransparentPricing,Maybe,0
18-24,Female,Ulaanbaatar,Employee,1M-2M,Doctorate,Other,Yearly,4,OnlineSearch,SlowResponse,SeveralDays,4,Yes,InPerson,1,10k-30k,No,20k-50k,Reviews,Yes,6
35-44,Female,Rural,Employee,<1M,Doctorate,Business,Once,1,OnlineSearch,ComplexProcess,Week+,5,Maybe,Chat,2,10k-30k,Maybe,20k-50k,SecurePayments,No,6
18-24,Female,Ulaanbaatar,Business Owner,2M-4M,Bachelor,Criminal,FewYears,2,OnlineSearch,TrustIssue,<1hr,2,Maybe,Chat,2,30k-50k,No,<20k,Reviews,No,10
35-44,Female,Ulaanbaatar,Business Owner,2M-4M,Bachelor,Criminal,Once,1,LawFirm,TrustIssue,SameDay,4,Yes,InPerson,3,10k-30k,No,<20k,Reviews,Maybe,10
25-34,Female,Ulaanbaatar,Business Owner,<1M,HighSchool,Business,Yearly,1,SocialMedia,Transparency,SeveralDays,4,No,InPerson,1,10k-30k,Yes,20k-50k,VerifiedLawyers,No,5
45-54,Male,Ulaanbaatar,Business Owner,1M-2M,Bachelor,Labor,FewYears,4,PersonalContact,HighCost,SeveralDays,4,Maybe,Phone,5,10k-30k,Yes,20k-50k,TransparentPricing,No,6
18-24,Male,Ulaanbaatar,Employee,1M-2M,Master,Divorce,FewYears,5,PersonalContact,ComplexProcess,SeveralDays,5,Yes,Chat,2,50k-100k,No,20k-50k,VerifiedLawyers,Maybe,0
55+,Male,Ulaanbaatar,Employee,2M-4M,Master,Other,Once,4,LawFirm,TrustIssue,SameDay,2,Maybe,Phone,2,Free,Maybe,20k-50k,SecurePayments,Yes,4
25-34,Female,Ulaanbaatar,Business Owner,2M-4M,Bachelor,Property,Yearly,4,OnlineSearch,SlowResponse,Week+,3,Yes,Phone,2,10k-30k,Yes,20k-50k,GovPartnership,Maybe,5
25-34,Male,Ulaanbaatar,Student,<1M,HighSchool,Divorce,Once,4,PersonalContact,HighCost,SeveralDays,1,Maybe,Chat,5,50k-100k,Yes,50k-100k,VerifiedLawyers,Maybe,8
25-34,Female,Ulaanbaatar,Employee,<1M,Bachelor,Labor,FewYears,2,LawFirm,SlowResponse,SameDay,5,Maybe,Chat,4,30k-50k,Maybe,<20k,SecurePayments,Yes,10
18-24,Male,Ulaanbaatar,Employee,1M-2M,Bachelor,Criminal,Once,3,PersonalContact,TrustIssue,<1hr,2,Yes,Phone,3,10k-30k,Maybe,50k-100k,SecurePayments,No,2
18-24,Female,Ulaanbaatar,Student,1M-2M,Bachelor,Divorce,Yearly,1,GovAid,TrustIssue,SeveralDays,2,No,InPerson,4,30k-50k,Maybe,20k-50k,SecurePayments,Maybe,1
18-24,Female,Ulaanbaatar,Employee,2M-4M,HighSchool,Criminal,FewYears,4,PersonalContact,SlowResponse,SeveralDays,2,Maybe,Chat,2,10k-30k,Maybe,50k-100k,VerifiedLawyers,No,9
55+,Female,Ulaanbaatar,Employee,<1M,Bachelor,Business,Once,1,OnlineSearch,ComplexProcess,<1hr,4,Maybe,Video,1,10k-30k,Maybe,20k-50k,SecurePayments,Maybe,1
25-34,Female,Rural,Student,<1M,Master,Divorce,Once,1,GovAid,Transparency,SameDay,1,Yes,Chat,4,10k-30k,No,<20k,GovPartnership,Yes,9
35-44,Male,Ulaanbaatar,Student,4M-6M,Bachelor,Divorce,Once,1,LawFirm,Transparency,SameDay,4,Yes,Chat,5,Free,Maybe,20k-50k,Reviews,Yes,3
25-34,Male,Ulaanbaatar,Student,<1M,Bachelor,Business,Once,5,PersonalContact,SlowResponse,SeveralDays,3,Maybe,Chat,1,30k-50k,Maybe,20k-50k,Reviews,No,6
25-34,Male,Rural,Business Owner,<1M,Bachelor,Other,SeveralPerYear,2,PersonalContact,HighCost,SameDay,4,Maybe,InPerson,5,50k-100k,Yes,<20k,Reviews,Maybe,9
25-34,Female,Other City,Student,2M-4M,HighSchool,Other,Yearly,4,GovAid,HighCost,Week+,2,Yes,Phone,1,30k-50k,No,20k-50k,SecurePayments,Yes,4
55+,Female,Ulaanbaatar,Student,<1M,Master,Labor,Once,2,PersonalContact,HighCost,SeveralDays,4,No,InPerson,5,Free,No,100k+,Reviews,Yes,3
35-44,Female,Ulaanbaatar,Business Owner,2M-4M,Bachelor,Immigration,Once,3,OnlineSearch,SlowResponse,SameDay,4,Maybe,Phone,2,30k-50k,Maybe,50k-100k,TransparentPricing,Maybe,3
18-24,Male,Ulaanbaatar,Unemployed,1M-2M,Master,Other,Once,2,SocialMedia,HighCost,SameDay,4,Yes,Phone,2,50k-100k,Yes,100k+,TransparentPricing,Maybe,7
18-24,Female,Ulaanbaatar,Student,1M-2M,HighSchool,Divorce,Yearly,3,LawFirm,SlowResponse,SeveralDays,1,No,Chat,2,100k+,Maybe,<20k,Reviews,Yes,6
18-24,Female,Ulaanbaatar,Freelancer,6M+,Bachelor,Criminal,Yearly,4,PersonalContact,HighCost,SameDay,3,Yes,Video,5,30k-50k,Yes,20k-50k,VerifiedLawyers,No,1
25-34,Male,Ulaanbaatar,Employee,<1M,Master,Other,Yearly,2,SocialMedia,Transparency,SameDay,2,Yes,InPerson,5,10k-30k,Maybe,<20k,SecurePayments,No,4
25-34,Male,Ulaanbaatar,Freelancer,2M-4M,Bachelor,Immigration,FewYears,1,LawFirm,SlowResponse,SameDay,4,Yes,Video,4,10k-30k,Maybe,<20k,SecurePayments,Yes,0
35-44,Male,Ulaanbaatar,Employee,Unknown,Bachelor,Property,FewYears,0,PersonalContact,SlowResponse,Week+,2,Yes,Phone,7,50k-100k,Maybe,<20k,TransparentPricing,No,10
35-44,Male,Ulaanbaatar,Employee,2M-4M,HighSchool,Business,FewYears,1,OnlineSearch,SlowResponse,SeveralDays,4,Yes,Video,5,10k-30k,No,20k-50k,VerifiedLawyers,No,3
18-24,Male,Ulaanbaatar,Employee,Unknown,Bachelor,Business,Once,2,PersonalContact,ComplexProcess,Week+,5,Yes,Chat,5,Free,Yes,20k-50k,TransparentPricing,Maybe,10
55+,Female,Ulaanbaatar,Business Owner,<1M,Bachelor,Labor,Once,3,OnlineSearch,SlowResponse,<1hr,2,Yes,Chat,5,30k-50k,Yes,100k+,VerifiedLawyers,No,0
25-34,Female,Ulaanbaatar,Employee,1M-2M,Bachelor,Immigration,FewYears,1,GovAid,SlowResponse,SameDay,1,Yes,Video,5,30k-50k,No,20k-50k,Reviews,Maybe,9
25-34,Male,Ulaanbaatar,Employee,2M-4M,Bachelor,Divorce,Once,2,LawFirm,ComplexProcess,SameDay,3,Yes,InPerson,5,Free,Yes,20k-50k,SecurePayments,Yes,2
25-34,Male,Other City,Employee,2M-4M,Bachelor,Business,Once,4,PersonalContact,HighCost,SameDay,1,Maybe,Phone,4,30k-50k,Maybe,50k-100k,Reviews,Maybe,7
25-34,Female,Ulaanbaatar,Student,<1M,Bachelor,Business,Yearly,4,LawFirm,SlowResponse,SeveralDays,5,Yes,Chat,3,50k-100k,Maybe,20k-50k,TransparentPricing,No,1
45-54,Male,Other City,Business Owner,<1M,Bachelor,Labor,Once,1,PersonalContact,Transparency,SameDay,2,Maybe,Chat,4,30k-50k,Maybe,<20k,Reviews,Maybe,9
35-44,Female,Other City,Employee,1M-2M,HighSchool,Business,Once,5,LawFirm,SlowResponse,SameDay,3,Maybe,InPerson,1,30k-50k,Yes,20k-50k,SecurePayments,No,5
55+,Male,Other City,Employee,1M-2M,HighSchool,Property,FewYears,5,PersonalContact,TrustIssue,<1hr,3,Yes,Chat,2,30k-50k,No,20k-50k,GovPartnership,No,8
35-44,Male,Ulaanbaatar,Employee,4M-6M,Master,Immigration,Once,4,LawFirm,TrustIssue,Week+,2,Yes,InPerson,4,30k-50k,Maybe,50k-100k,GovPartnership,Maybe,6
35-44,Male,Ulaanbaatar,Freelancer,2M-4M,Master,Business,SeveralPerYear,4,PersonalContact,Transparency,<1hr,3,Yes,Chat,3,30k-50k,No,50k-100k,GovPartnership,Yes,0
18-24,Male,Rural,Employee,2M-4M,HighSchool,Property,SeveralPerYear,3,PersonalContact,SlowResponse,SameDay,5,Yes,Phone,4,10k-30k,Maybe,20k-50k,SecurePayments,Yes,6
35-44,Male,Ulaanbaatar,Employee,1M-2M,Bachelor,Business,SeveralPerYear,2,GovAid,TrustIssue,SeveralDays,2,Yes,Phone,5,30k-50k,No,20k-50k,TransparentPricing,No,3
25-34,Other,Ulaanbaatar,Employee,6M+,Bachelor,Labor,Once,5,OnlineSearch,SlowResponse,Week+,2,Maybe,Video,5,100k+,Maybe,50k-100k,VerifiedLawyers,Yes,8
18-24,Male,Other City,Student,2M-4M,Master,Labor,Once,3,OnlineSearch,HighCost,SeveralDays,2,Maybe,InPerson,3,10k-30k,No,100k+,Reviews,Maybe,10
45-54,Male,Ulaanbaatar,Business Owner,6M+,HighSchool,Business,Once,2,LawFirm,ComplexProcess,SameDay,5,Maybe,Chat,2,30k-50k,Maybe,20k-50k,VerifiedLawyers,Maybe,9
25-34,Female,Ulaanbaatar,Employee,1M-2M,Master,Divorce,FewYears,2,SocialMedia,TrustIssue,SameDay,3,Maybe,Chat,4,Free,Yes,<20k,TransparentPricing,Maybe,9
18-24,Male,Ulaanbaatar,Student,6M+,HighSchool,Criminal,Once,1,SocialMedia,Transparency,<1hr,2,Yes,Phone,1,10k-30k,Yes,50k-100k,SecurePayments,No,3
25-34,Male,Ulaanbaatar,Business Owner,6M+,HighSchool,Immigration,Yearly,2,OnlineSearch,TrustIssue,SameDay,3,Maybe,Chat,2,10k-30k,No,20k-50k,VerifiedLawyers,Maybe,5
25-34,Male,Other City,Student,2M-4M,Master,Business,SeveralPerYear,3,OnlineSearch,ComplexProcess,SameDay,1,Yes,Video,2,10k-30k,No,50k-100k,TransparentPricing,Maybe,0
18-24,Male,Rural,Business Owner,1M-2M,Bachelor,Criminal,Once,2,OnlineSearch,ComplexProcess,SameDay,4,Maybe,Chat,3,100k+,No,20k-50k,SecurePayments,Yes,10
18-24,Female,Ulaanbaatar,Employee,1M-2M,Bachelor,Business,Yearly,3,LawFirm,SlowResponse,<1hr,1,Maybe,Chat,1,10k-30k,Maybe,20k-50k,TransparentPricing,Yes,3
25-34,Female,Ulaanbaatar,Employee,2M-4M,Bachelor,Business,Once,1,LawFirm,Transparency,<1hr,3,Yes,Phone,5,30k-50k,Yes,20k-50k,GovPartnership,No,8
25-34,Female,Ulaanbaatar,Student,<1M,Master,Business,SeveralPerYear,2,PersonalContact,TrustIssue,Week+,4,Yes,Phone,3,50k-100k,Yes,20k-50k,SecurePayments,Maybe,9
25-34,Male,Ulaanbaatar,Employee,<1M,Bachelor,Divorce,Once,4,LawFirm,TrustIssue,SeveralDays,5,Yes,Chat,1,30k-50k,Yes,20k-50k,VerifiedLawyers,Yes,1
18-24,Male,Other City,Student,1M-2M,Bachelor,Divorce,FewYears,5,OnlineSearch,Transparency,<1hr,1,Yes,Phone,1,10k-30k,Yes,20k-50k,SecurePayments,Maybe,10
35-44,Male,Ulaanbaatar,Unemployed,4M-6M,Master,Property,Yearly,1,OnlineSearch,SlowResponse,SameDay,2,Yes,Video,1,30k-50k,Yes,100k+,GovPartnership,No,9
35-44,Female,Ulaanbaatar,Freelancer,1M-2M,HighSchool,Labor,FewYears,4,PersonalContact,HighCost,<1hr,2,Yes,InPerson,5,10k-30k,Maybe,<20k,TransparentPricing,Maybe,8
35-44,Male,Ulaanbaatar,Student,2M-4M,Doctorate,Divorce,Once,4,OnlineSearch,ComplexProcess,SameDay,3,Maybe,Phone,4,100k+,No,20k-50k,TransparentPricing,No,1
18-24,Female,Other City,Employee,4M-6M,Bachelor,Business,Yearly,4,LawFirm,Transparency,SameDay,2,Maybe,Chat,1,10k-30k,Yes,<20k,VerifiedLawyers,Yes,5
25-34,Female,Ulaanbaatar,Unemployed,4M-6M,Bachelor,Divorce,Yearly,5,LawFirm,Transparency,Week+,5,Yes,Chat,4,50k-100k,No,20k-50k,GovPartnership,No,8
25-34,Other,Other City,Student,1M-2M,HighSchool,Labor,Yearly,4,OnlineSearch,HighCost,SeveralDays,4,Yes,InPerson,1,50k-100k,Maybe,100k+,SecurePayments,Maybe,10
35-44,Female,Ulaanbaatar,Employee,1M-2M,Bachelor,Immigration,SeveralPerYear,1,PersonalContact,HighCost,<1hr,1,No,Phone,3,50k-100k,No,<20k,GovPartnership,Yes,8
45-54,Male,Ulaanbaatar,Employee,2M-4M,Bachelor,Labor,Once,2,LawFirm,Transparency,SameDay,3,No,Chat,2,30k-50k,Yes,50k-100k,TransparentPricing,Maybe,9
25-34,Male,Rural,Student,1M-2M,HighSchool,Labor,Once,5,PersonalContact,Transparency,Week+,4,Maybe,Phone,2,10k-30k,Maybe,20k-50k,Reviews,No,8
25-34,Female,Other City,Employee,<1M,Master,Divorce,Once,4,LawFirm,Transparency,SeveralDays,3,Yes,Chat,4,10k-30k,No,50k-100k,SecurePayments,No,10
35-44,Female,Ulaanbaatar,Business Owner,4M-6M,Bachelor,Labor,FewYears,2,OnlineSearch,SlowResponse,SameDay,4,Maybe,Video,1,30k-50k,Maybe,20k-50k,VerifiedLawyers,Yes,1
35-44,Female,Ulaanbaatar,Freelancer,2M-4M,Bachelor,Other,Once,5,LawFirm,ComplexProcess,SeveralDays,1,Maybe,Video,3,10k-30k,No,20k-50k,GovPartnership,No,0
25-34,Female,Ulaanbaatar,Employee,<1M,Bachelor,Criminal,Once,5,PersonalContact,TrustIssue,SameDay,4,Yes,Phone,4,10k-30k,Yes,<20k,VerifiedLawyers,Maybe,0
25-34,Male,Other City,Unemployed,2M-4M,Bachelor,Divorce,Once,1,LawFirm,HighCost,<1hr,4,Maybe,Chat,3,30k-50k,Yes,<20k,TransparentPricing,Maybe,2
18-24,Female,Ulaanbaatar,Employee,4M-6M,Bachelor,Divorce,Once,4,OnlineSearch,TrustIssue,SeveralDays,4,Maybe,Phone,1,10k-30k,Maybe,<20k,GovPartnership,Maybe,4
18-24,Male,Ulaanbaatar,Employee,<1M,Master,Divorce,Yearly,3,PersonalContact,SlowResponse,SameDay,3,Yes,Video,5,10k-30k,Yes,20k-50k,VerifiedLawyers,Yes,4
18-24,Female,Ulaanbaatar,Unemployed,1M-2M,Bachelor,Divorce,Once,5,LawFirm,Transparency,Week+,3,Yes,Phone,5,10k-30k,No,<20k,VerifiedLawyers,Yes,4
18-24,Female,Rural,Freelancer,1M-2M,HighSchool,Divorce,Yearly,3,LawFirm,SlowResponse,<1hr,3,Yes,Video,2,30k-50k,Yes,20k-50k,VerifiedLawyers,Maybe,7
45-54,Female,Ulaanbaatar,Unemployed,Unknown,Bachelor,Divorce,FewYears,3,LawFirm,ComplexProcess,Week+,3,Maybe,Chat,4,100k+,No,50k-100k,TransparentPricing,Maybe,8
25-34,Male,Ulaanbaatar,Employee,1M-2M,HighSchool,Criminal,FewYears,5,PersonalContact,HighCost,SeveralDays,4,Yes,Phone,4,10k-30k,Yes,20k-50k,GovPartnership,Yes,10
18-24,Male,Other City,Student,2M-4M,HighSchool,Property,Once,1,OnlineSearch,TrustIssue,SeveralDays,5,Yes,InPerson,3,50k-100k,Maybe,<20k,TransparentPricing,No,8
45-54,Male,Ulaanbaatar,Freelancer,<1M,Bachelor,Property,Yearly,1,PersonalContact,ComplexProcess,<1hr,3,Yes,Phone,5,50k-100k,Yes,<20k,TransparentPricing,No,6
18-24,Male,Ulaanbaatar,Business Owner,1M-2M,Doctorate,Other,FewYears,1,PersonalContact,SlowResponse,<1hr,2,No,InPerson,1,10k-30k,Maybe,50k-100k,SecurePayments,Maybe,10
18-24,Male,Ulaanbaatar,Unemployed,1M-2M,HighSchool,Business,Once,3,PersonalContact,HighCost,<1hr,4,Maybe,Chat,3,10k-30k,Maybe,100k+,GovPartnership,No,2
18-24,Male,Ulaanbaatar,Employee,<1M,Master,Business,FewYears,1,PersonalContact,ComplexProcess,<1hr,3,Yes,Chat,2,30k-50k,Maybe,100k+,SecurePayments,Yes,5
55+,Female,Ulaanbaatar,Business Owner,2M-4M,Bachelor,Property,SeveralPerYear,4,OnlineSearch,SlowResponse,Week+,2,Maybe,Chat,2,50k-100k,No,<20k,Reviews,Maybe,3
18-24,Male,Other City,Employee,4M-6M,Bachelor,Property,Once,1,PersonalContact,ComplexProcess,SeveralDays,3,Yes,Phone,3,Free,Yes,20k-50k,TransparentPricing,Yes,3
35-44,Female,Other City,Student,1M-2M,Bachelor,Property,Yearly,1,GovAid,ComplexProcess,SeveralDays,4,Yes,Phone,1,10k-30k,No,<20k,TransparentPricing,No,0
45-54,Female,Other City,Student,2M-4M,Bachelor,Labor,Yearly,2,PersonalContact,TrustIssue,SeveralDays,3,Maybe,Video,5,10k-30k,No,100k+,GovPartnership,No,8
35-44,Female,Ulaanbaatar,Student,6M+,Master,Other,FewYears,0,PersonalContact,Transparency,SeveralDays,1,Maybe,Phone,6,Free,Yes,100k+,SecurePayments,Yes,2
45-54,Male,Ulaanbaatar,Employee,2M-4M,Bachelor,Divorce,SeveralPerYear,3,PersonalContact,Transparency,Week+,3,No,Chat,1,10k-30k,Maybe,20k-50k,GovPartnership,Maybe,8
18-24,Female,Other City,Business Owner,1M-2M,Bachelor,Labor,Yearly,3,OnlineSearch,HighCost,SameDay,5,Yes,Chat,3,50k-100k,Maybe,20k-50k,GovPartnership,Maybe,8
35-44,Female,Ulaanbaatar,Unemployed,4M-6M,Bachelor,Labor,Once,2,SocialMedia,HighCost,SameDay,4,Maybe,InPerson,1,50k-100k,Maybe,50k-100k,TransparentPricing,Maybe,8
35-44,Male,Ulaanbaatar,Student,1M-2M,HighSchool,Other,FewYears,2,OnlineSearch,ComplexProcess,Week+,4,Yes,Phone,2,10k-30k,Yes,20k-50k,SecurePayments,Maybe,10
25-34,Male,Ulaanbaatar,Freelancer,2M-4M,Master,Criminal,Once,4,SocialMedia,HighCost,SeveralDays,3,Maybe,InPerson,5,Free,Maybe,20k-50k,SecurePayments,No,9
45-54,Male,Rural,Employee,<1M,HighSchool,Divorce,Yearly,2,LawFirm,ComplexProcess,SeveralDays,1,Yes,Chat,4,30k-50k,Maybe,20k-50k,GovPartnership,Yes,4
35-44,Female,Other City,Employee,1M-2M,Bachelor,Business,Yearly,1,GovAid,HighCost,SeveralDays,5,No,Phone,5,100k+,Maybe,20k-50k,Reviews,Maybe,6
45-54,Female,Ulaanbaatar,Employee,1M-2M,Bachelor,Labor,Once,1,LawFirm,TrustIssue,Week+,1,Yes,Phone,2,Free,Maybe,20k-50k,GovPartnership,Maybe,4
35-44,Female,Other City,Business Owner,1M-2M,Bachelor,Divorce,Yearly,1,PersonalContact,SlowResponse,<1hr,1,Yes,Chat,1,10k-30k,Maybe,<20k,Reviews,Maybe,10
25-34,Female,Ulaanbaatar,Student,1M-2M,Bachelor,Divorce,Once,4,OnlineSearch,Transparency,SeveralDays,2,No,Chat,1,50k-100k,Yes,50k-100k,SecurePayments,No,4
25-34,Female,Other City,Employee,Unknown,Bachelor,Other,Yearly,1,GovAid,SlowResponse,<1hr,4,Yes,Phone,2,10k-30k,Yes,100k+,TransparentPricing,No,0
25-34,Male,Other City,Employee,4M-6M,Bachelor,Divorce,Once,2,PersonalContact,TrustIssue,Week+,4,Yes,Chat,1,10k-30k,Maybe,<20k,TransparentPricing,Yes,9
18-24,Female,Other City,Employee,1M-2M,Master,Divorce,Once,3,PersonalContact,ComplexProcess,SeveralDays,4,Maybe,Video,3,Free,No,20k-50k,Reviews,Yes,0
25-34,Female,Ulaanbaatar,Freelancer,1M-2M,Master,Property,Once,4,SocialMedia,HighCost,<1hr,2,Yes,Chat,1,10k-30k,Yes,100k+,Reviews,Maybe,3
25-34,Female,Other City,Employee,6M+,Bachelor,Business,Once,1,SocialMedia,TrustIssue,SameDay,1,Maybe,Phone,5,30k-50k,Maybe,100k+,Reviews,Yes,4
18-24,Female,Other City,Student,2M-4M,HighSchool,Other,Once,5,SocialMedia,SlowResponse,SeveralDays,1,Maybe,Chat,4,30k-50k,No,<20k,GovPartnership,Yes,0
18-24,Male,Ulaanbaatar,Employee,2M-4M,HighSchool,Business,FewYears,1,PersonalContact,HighCost,SeveralDays,3,Maybe,Chat,5,10k-30k,Yes,<20k,GovPartnership,Yes,2
25-34,Male,Ulaanbaatar,Employee,<1M,HighSchool,Business,FewYears,3,OnlineSearch,SlowResponse,SeveralDays,3,Yes,Video,5,30k-50k,No,<20k,VerifiedLawyers,Maybe,1
18-24,Male,Ulaanbaatar,Student,<1M,Master,Property,FewYears,3,SocialMedia,ComplexProcess,<1hr,5,Maybe,Chat,1,10k-30k,Maybe,20k-50k,SecurePayments,Maybe,7
55+,Male,Rural,Student,<1M,Master,Criminal,Once,1,LawFirm,ComplexProcess,Week+,4,Yes,Chat,5,100k+,No,100k+,Reviews,Maybe,4
25-34,Female,Ulaanbaatar,Employee,4M-6M,Doctorate,Other,Once,5,OnlineSearch,HighCost,SeveralDays,3,Maybe,Video,2,10k-30k,Yes,50k-100k,SecurePayments,Yes,7
25-34,Male,Rural,Employee,2M-4M,Bachelor,Divorce,FewYears,4,OnlineSearch,SlowResponse,SameDay,4,Yes,InPerson,3,30k-50k,Maybe,<20k,TransparentPricing,Yes,0
18-24,Female,Ulaanbaatar,Employee,2M-4M,HighSchool,Divorce,FewYears,4,PersonalContact,HighCost,SeveralDays,4,Maybe,InPerson,2,30k-50k,Maybe,20k-50k,TransparentPricing,Maybe,4
25-34,Female,Ulaanbaatar,Business Owner,4M-6M,Master,Divorce,Once,1,SocialMedia,TrustIssue,Week+,2,Yes,Chat,5,50k-100k,No,<20k,Reviews,Yes,2
18-24,Male,Ulaanbaatar,Freelancer,4M-6M,HighSchool,Business,FewYears,2,OnlineSearch,HighCost,SeveralDays,5,Maybe,Video,5,Free,Maybe,<20k,GovPartnership,No,8
18-24,Female,Ulaanbaatar,Student,2M-4M,Bachelor,Business,SeveralPerYear,3,PersonalContact,ComplexProcess,SameDay,2,Maybe,InPerson,4,10k-30k,No,<20k,GovPartnership,No,5
25-34,Male,Ulaanbaatar,Employee,6M+,Bachelor,Labor,FewYears,5,OnlineSearch,Transparency,SameDay,5,Yes,Chat,2,10k-30k,Maybe,20k-50k,Reviews,Maybe,9
35-44,Male,Ulaanbaatar,Employee,6M+,Master,Property,Once,2,LawFirm,ComplexProcess,Week+,5,Yes,Video,5,100k+,Yes,20k-50k,Reviews,Yes,3
25-34,Male,Ulaanbaatar,Employee,1M-2M,Bachelor,Business,FewYears,2,PersonalContact,HighCost,SameDay,2,Yes,Chat,1,30k-50k,Yes,20k-50k,GovPartnership,Yes,5
18-24,Female,Other City,Student,1M-2M,HighSchool,Criminal,Once,3,LawFirm,TrustIssue,<1hr,5,Yes,Phone,3,10k-30k,No,<20k,GovPartnership,No,3
18-24,Female,Other City,Student,1M-2M,Master,Other,Once,3,PersonalContact,SlowResponse,<1hr,5,Yes,Phone,3,10k-30k,Yes,<20k,VerifiedLawyers,Maybe,9
35-44,Female,Ulaanbaatar,Employee,2M-4M,Bachelor,Labor,Once,5,PersonalContact,ComplexProcess,SameDay,2,Maybe,Chat,4,30k-50k,Yes,100k+,SecurePayments,Maybe,7
35-44,Female,Other City,Unemployed,1M-2M,Doctorate,Divorce,SeveralPerYear,2,PersonalContact,SlowResponse,SeveralDays,1,Maybe,Chat,4,Free,Yes,20k-50k,VerifiedLawyers,Maybe,10
35-44,Male,Ulaanbaatar,Business Owner,<1M,Bachelor,Divorce,Once,1,OnlineSearch,Transparency,SeveralDays,1,Yes,Chat,1,10k-30k,Yes,100k+,GovPartnership,No,8
25-34,Female,Ulaanbaatar,Unemployed,<1M,Bachelor,Divorce,FewYears,1,GovAid,SlowResponse,<1hr,5,No,InPerson,5,10k-30k,Yes,<20k,SecurePayments,Yes,5
25-34,Male,Ulaanbaatar,Unemployed,2M-4M,HighSchool,Business,Yearly,4,PersonalContact,SlowResponse,<1hr,2,Maybe,Video,4,50k-100k,Yes,20k-50k,VerifiedLawyers,Maybe,5
35-44,Female,Ulaanbaatar,Employee,1M-2M,HighSchool,Property,Once,3,SocialMedia,Transparency,SeveralDays,4,Maybe,InPerson,2,10k-30k,Yes,50k-100k,VerifiedLawyers,No,3
25-34,Female,Ulaanbaatar,Business Owner,6M+,Bachelor,Labor,SeveralPerYear,2,PersonalContact,ComplexProcess,SeveralDays,1,Maybe,Video,3,50k-100k,No,50k-100k,TransparentPricing,Yes,3
35-44,Female,Ulaanbaatar,Freelancer,<1M,Bachelor,Divorce,SeveralPerYear,1,OnlineSearch,TrustIssue,SeveralDays,3,No,InPerson,1,10k-30k,No,100k+,SecurePayments,Yes,1
25-34,Female,Rural,Employee,<1M,Bachelor,Criminal,Yearly,2,PersonalContact,SlowResponse,SameDay,2,No,Video,4,10k-30k,No,20k-50k,TransparentPricing,Yes,10
25-34,Male,Ulaanbaatar,Employee,2M-4M,Bachelor,Property,SeveralPerYear,5,OnlineSearch,HighCost,SeveralDays,5,Maybe,Chat,2,50k-100k,Maybe,<20k,TransparentPricing,No,0
18-24,Female,Ulaanbaatar,Unemployed,<1M,HighSchool,Business,Once,5,OnlineSearch,HighCost,Week+,5,Yes,Chat,5,50k-100k,Maybe,20k-50k,SecurePayments,Maybe,2
18-24,Female,Ulaanbaatar,Student,2M-4M,Bachelor,Other,Once,5,PersonalContact,SlowResponse,SameDay,2,Yes,Video,3,Free,Yes,20k-50k,TransparentPricing,Maybe,8
45-54,Male,Ulaanbaatar,Employee,<1M,Bachelor,Property,Once,2,OnlineSearch,HighCost,<1hr,5,Yes,Phone,3,10k-30k,Yes,50k-100k,TransparentPricing,Yes,4
25-34,Female,Ulaanbaatar,Unemployed,1M-2M,Bachelor,Divorce,Yearly,4,OnlineSearch,SlowResponse,SeveralDays,2,No,Video,4,10k-30k,Maybe,<20k,TransparentPricing,No,9
55+,Male,Ulaanbaatar,Student,6M+,HighSchool,Immigration,Once,1,LawFirm,HighCost,<1hr,3,Yes,Chat,4,30k-50k,Yes,20k-50k,VerifiedLawyers,Maybe,4
25-34,Female,Ulaanbaatar,Student,1M-2M,Bachelor,Labor,Yearly,1,OnlineSearch,TrustIssue,SameDay,2,Maybe,Chat,5,50k-100k,Maybe,50k-100k,Reviews,Yes,6
18-24,Male,Other City,Employee,<1M,Bachelor,Immigration,Once,2,LawFirm,ComplexProcess,SameDay,1,Maybe,Chat,5,10k-30k,No,50k-100k,GovPartnership,No,4
25-34,Female,Other City,Student,1M-2M,Bachelor,Property,Once,3,SocialMedia,SlowResponse,Week+,2,Yes,Phone,2,10k-30k,Maybe,20k-50k,TransparentPricing,Yes,9
25-34,Male,Ulaanbaatar,Employee,1M-2M,HighSchool,Business,Yearly,1,PersonalContact,TrustIssue,SeveralDays,2,Maybe,Video,4,Free,Maybe,<20k,SecurePayments,Yes,9
25-34,Female,Rural,Employee,<1M,Bachelor,Business,Once,1,LawFirm,ComplexProcess,SeveralDays,5,Yes,Chat,5,50k-100k,Maybe,20k-50k,GovPartnership,No,7
18-24,Male,Rural,Freelancer,1M-2M,Bachelor,Business,Yearly,5,LawFirm,Transparency,<1hr,4,Yes,Video,3,50k-100k,Yes,50k-100k,TransparentPricing,Maybe,1
35-44,Female,Ulaanbaatar,Unemployed,Unknown,Bachelor,Property,Yearly,5,LawFirm,TrustIssue,SameDay,4,No,Video,3,30k-50k,Yes,<20k,VerifiedLawyers,Maybe,1
25-34,Male,Other City,Student,<1M,Bachelor,Criminal,Once,1,OnlineSearch,SlowResponse,<1hr,1,Yes,Phone,5,10k-30k,Yes,100k+,GovPartnership,Yes,8
25-34,Female,Ulaanbaatar,Employee,<1M,HighSchool,Business,Yearly,3,PersonalContact,SlowResponse,SameDay,4,Yes,InPerson,2,10k-30k,Maybe,20k-50k,SecurePayments,Maybe,3
25-34,Male,Other City,Freelancer,<1M,HighSchool,Other,SeveralPerYear,2,OnlineSearch,TrustIssue,SeveralDays,2,Maybe,Phone,2,Free,No,50k-100k,Reviews,Maybe,3
25-34,Female,Ulaanbaatar,Business Owner,<1M,Doctorate,Divorce,Once,3,PersonalContact,SlowResponse,Week+,2,No,Video,3,10k-30k,Yes,20k-50k,TransparentPricing,Maybe,10
25-34,Male,Ulaanbaatar,Student,Unknown,HighSchool,Divorce,Once,4,PersonalContact,ComplexProcess,SeveralDays,4,No,Video,5,50k-100k,No,50k-100k,VerifiedLawyers,Maybe,5
25-34,Female,Ulaanbaatar,Employee,2M-4M,HighSchool,Labor,Yearly,4,SocialMedia,Transparency,SameDay,2,Maybe,Chat,4,50k-100k,Yes,20k-50k,VerifiedLawyers,No,10
25-34,Female,Other City,Student,1M-2M,Bachelor,Divorce,FewYears,5,PersonalContact,ComplexProcess,SeveralDays,1,Yes,InPerson,3,50k-100k,Yes,100k+,Reviews,Maybe,3
25-34,Male,Ulaanbaatar,Unemployed,1M-2M,Bachelor,Business,SeveralPerYear,2,LawFirm,HighCost,SameDay,4,Yes,Video,5,30k-50k,Maybe,20k-50k,VerifiedLawyers,Yes,7
25-34,Male,Ulaanbaatar,Unemployed,1M-2M,Master,Business,Once,3,LawFirm,SlowResponse,<1hr,3,Yes,Video,1,30k-50k,Yes,20k-50k,GovPartnership,No,3
25-34,Female,Ulaanbaatar,Employee,2M-4M,Bachelor,Business,FewYears,1,PersonalContact,HighCost,SeveralDays,4,No,Chat,3,30k-50k,Maybe,20k-50k,GovPartnership,Yes,8
18-24,Female,Ulaanbaatar,Employee,2M-4M,Bachelor,Labor,Once,3,OnlineSearch,HighCost,<1hr,5,Maybe,Chat,4,30k-50k,Yes,20k-50k,GovPartnership,Yes,8
25-34,Female,Ulaanbaatar,Student,6M+,Bachelor,Business,Once,2,OnlineSearch,TrustIssue,<1hr,2,Yes,Chat,1,10k-30k,Yes,50k-100k,VerifiedLawyers,Maybe,7
25-34,Female,Rural,Business Owner,6M+,Bachelor,Divorce,FewYears,1,PersonalContact,SlowResponse,SameDay,3,Yes,Video,2,30k-50k,Yes,50k-100k,VerifiedLawyers,Maybe,6
18-24,Male,Ulaanbaatar,Freelancer,<1M,HighSchool,Property,Yearly,5,LawFirm,TrustIssue,SeveralDays,3,Yes,InPerson,1,50k-100k,Maybe,<20k,GovPartnership,Maybe,7
25-34,Male,Ulaanbaatar,Employee,2M-4M,Bachelor,Labor,Once,1,PersonalContact,ComplexProcess,<1hr,1,Maybe,Video,1,10k-30k,Maybe,100k+,TransparentPricing,Yes,0
18-24,Female,Rural,Employee,<1M,Master,Divorce,Once,5,LawFirm,SlowResponse,SameDay,2,Yes,Chat,4,50k-100k,Maybe,20k-50k,Reviews,No,7
25-34,Male,Ulaanbaatar,Student,1M-2M,Bachelor,Business,Once,1,PersonalContact,TrustIssue,<1hr,2,No,Phone,2,30k-50k,Maybe,<20k,VerifiedLawyers,Yes,7
35-44,Female,Other City,Unemployed,2M-4M,HighSchool,Other,Once,4,GovAid,HighCost,<1hr,2,Yes,Video,4,10k-30k,No,50k-100k,GovPartnership,Yes,4
25-34,Female,Ulaanbaatar,Student,1M-2M,Bachelor,Other,FewYears,3,LawFirm,TrustIssue,SeveralDays,1,Yes,Chat,1,10k-30k,No,<20k,VerifiedLawyers,Maybe,8
25-34,Female,Other City,Business Owner,2M-4M,HighSchool,Labor,FewYears,5,PersonalContact,HighCost,Week+,1,Yes,Chat,3,100k+,Maybe,20k-50k,Reviews,Maybe,0
18-24,Female,Ulaanbaatar,Business Owner,2M-4M,Bachelor,Immigration,Once,3,LawFirm,HighCost,Week+,1,Yes,Phone,1,100k+,Maybe,20k-50k,VerifiedLawyers,No,0
18-24,Female,Ulaanbaatar,Business Owner,2M-4M,Bachelor,Divorce,Once,3,LawFirm,SlowResponse,SeveralDays,4,Maybe,Video,3,30k-50k,Maybe,50k-100k,Reviews,No,4
25-34,Female,Ulaanbaatar,Business Owner,<1M,HighSchool,Divorce,FewYears,5,PersonalContact,TrustIssue,<1hr,5,Maybe,Video,3,100k+,No,50k-100k,SecurePayments,Maybe,1
18-24,Female,Rural,Unemployed,1M-2M,Master,Divorce,Yearly,4,OnlineSearch,SlowResponse,SeveralDays,5,Yes,Video,3,10k-30k,Maybe,100k+,VerifiedLawyers,No,6
18-24,Male,Rural,Employee,2M-4M,Master,Property,FewYears,3,PersonalContact,ComplexProcess,<1hr,2,Yes,Chat,4,50k-100k,Maybe,100k+,TransparentPricing,Maybe,4
18-24,Male,Ulaanbaatar,Student,6M+,HighSchool,Property,Once,5,GovAid,ComplexProcess,SameDay,1,Yes,Chat,2,10k-30k,Maybe,20k-50k,SecurePayments,No,1
55+,Male,Ulaanbaatar,Student,2M-4M,Bachelor,Criminal,Once,1,SocialMedia,SlowResponse,SameDay,3,Maybe,InPerson,1,10k-30k,No,20k-50k,Reviews,Yes,5
18-24,Male,Other City,Student,<1M,Bachelor,Other,FewYears,0,LawFirm,SlowResponse,<1hr,1,Maybe,Chat,0,50k-100k,No,20k-50k,SecurePayments,Yes,5
25-34,Male,Ulaanbaatar,Employee,<1M,Master,Divorce,Once,5,OnlineSearch,SlowResponse,Week+,4,No,Phone,5,10k-30k,Yes,50k-100k,VerifiedLawyers,Yes,5
18-24,Female,Rural,Student,<1M,Master,Divorce,Once,4,LawFirm,TrustIssue,SeveralDays,5,Yes,Video,5,10k-30k,No,20k-50k,GovPartnership,Yes,0
25-34,Male,Ulaanbaatar,Freelancer,1M-2M,Bachelor,Other,Yearly,4,PersonalContact,SlowResponse,SameDay,2,Yes,InPerson,1,10k-30k,No,20k-50k,Reviews,Maybe,0
18-24,Female,Ulaanbaatar,Employee,6M+,Bachelor,Divorce,SeveralPerYear,4,PersonalContact,HighCost,SeveralDays,1,No,Chat,1,10k-30k,Yes,<20k,SecurePayments,Maybe,3
25-34,Male,Other City,Freelancer,4M-6M,Bachelor,Business,Once,5,PersonalContact,HighCost,Week+,1,Yes,Phone,3,10k-30k,Maybe,<20k,Reviews,No,1
18-24,Female,Ulaanbaatar,Employee,<1M,Bachelor,Criminal,Once,2,PersonalContact,Transparency,<1hr,4,Yes,Video,1,30k-50k,Yes,<20k,SecurePayments,Yes,8
35-44,Female,Ulaanbaatar,Unemployed,2M-4M,HighSchool,Labor,SeveralPerYear,3,PersonalContact,ComplexProcess,SameDay,5,Yes,Chat,5,10k-30k,Maybe,<20k,SecurePayments,Yes,9
25-34,Male,Ulaanbaatar,Freelancer,1M-2M,HighSchool,Business,FewYears,2,PersonalContact,SlowResponse,SameDay,4,Maybe,Video,4,10k-30k,Yes,50k-100k,GovPartnership,No,8
18-24,Female,Rural,Employee,1M-2M,Master,Divorce,Once,1,LawFirm,Transparency,SeveralDays,2,No,Video,3,10k-30k,Yes,20k-50k,VerifiedLawyers,Yes,1
18-24,Male,Ulaanbaatar,Business Owner,1M-2M,Doctorate,Business,Once,1,OnlineSearch,SlowResponse,SeveralDays,3,No,Phone,5,10k-30k,Maybe,20k-50k,Reviews,Yes,6
18-24,Female,Ulaanbaatar,Freelancer,6M+,Master,Other,SeveralPerYear,4,PersonalContact,Transparency,SeveralDays,4,Yes,Phone,3,10k-30k,Yes,<20k,VerifiedLawyers,Yes,2
25-34,Female,Ulaanbaatar,Employee,<1M,HighSchool,Divorce,FewYears,2,SocialMedia,SlowResponse,SeveralDays,3,Yes,Video,5,10k-30k,Yes,20k-50k,TransparentPricing,No,10
18-24,Male,Other City,Business Owner,1M-2M,Master,Other,FewYears,3,LawFirm,SlowResponse,SeveralDays,5,Yes,Video,1,30k-50k,Yes,50k-100k,GovPartnership,Yes,8
25-34,Female,Ulaanbaatar,Student,4M-6M,HighSchool,Immigration,Yearly,4,LawFirm,Transparency,SeveralDays,5,Yes,Chat,4,10k-30k,No,<20k,VerifiedLawyers,Maybe,10
25-34,Male,Ulaanbaatar,Employee,<1M,HighSchool,Divorce,Once,5,SocialMedia,TrustIssue,SeveralDays,2,No,InPerson,4,30k-50k,Maybe,<20k,Reviews,Yes,1
18-24,Female,Ulaanbaatar,Business Owner,2M-4M,Bachelor,Immigration,Once,4,OnlineSearch,TrustIssue,SeveralDays,1,Maybe,Chat,5,10k-30k,Maybe,<20k,TransparentPricing,Maybe,8
18-24,Female,Ulaanbaatar,Employee,<1M,HighSchool,Business,Once,3,SocialMedia,SlowResponse,SameDay,3,Maybe,InPerson,5,10k-30k,Maybe,50k-100k,TransparentPricing,Maybe,2
25-34,Male,Other City,Employee,2M-4M,Doctorate,Business,Once,2,SocialMedia,Transparency,<1hr,4,No,Video,2,10k-30k,Yes,20k-50k,TransparentPricing,Yes,2
25-34,Male,Ulaanbaatar,Unemployed,1M-2M,Bachelor,Immigration,SeveralPerYear,2,PersonalContact,Transparency,SeveralDays,5,Maybe,Chat,5,50k-100k,No,<20k,SecurePayments,Yes,3
18-24,Female,Other City,Employee,<1M,HighSchool,Property,FewYears,3,SocialMedia,ComplexProcess,SameDay,1,Yes,Chat,2,30k-50k,No,<20k,GovPartnership,No,9
25-34,Female,Ulaanbaatar,Employee,1M-2M,Bachelor,Labor,FewYears,3,PersonalContact,TrustIssue,<1hr,3,Yes,Chat,1,30k-50k,No,<20k,SecurePayments,Maybe,0
25-34,Male,Ulaanbaatar,Student,<1M,HighSchool,Divorce,SeveralPerYear,2,PersonalContact,Transparency,SeveralDays,2,Yes,Chat,2,30k-50k,Maybe,20k-50k,VerifiedLawyers,Maybe,9
18-24,Male,Other City,Freelancer,2M-4M,Bachelor,Criminal,Once,3,PersonalContact,HighCost,SeveralDays,3,Yes,Chat,3,100k+,No,100k+,SecurePayments,Yes,0
35-44,Female,Rural,Employee,1M-2M,Master,Other,FewYears,5,PersonalContact,SlowResponse,SameDay,3,Yes,InPerson,3,10k-30k,Yes,20k-50k,VerifiedLawyers,Maybe,3
18-24,Male,Other City,Employee,<1M,HighSchool,Labor,Once,3,OnlineSearch,Transparency,SeveralDays,4,Yes,Chat,5,10k-30k,Maybe,20k-50k,SecurePayments,Yes,2
45-54,Male,Ulaanbaatar,Unemployed,<1M,Bachelor,Labor,Once,1,SocialMedia,ComplexProcess,SeveralDays,1,Maybe,InPerson,4,100k+,Yes,<20k,Reviews,Yes,0
35-44,Other,Ulaanbaatar,Student,4M-6M,Bachelor,Criminal,Once,2,OnlineSearch,SlowResponse,SameDay,5,Yes,InPerson,1,30k-50k,Maybe,<20k,TransparentPricing,No,2
25-34,Male,Other City,Student,1M-2M,Bachelor,Labor,FewYears,4,PersonalContact,HighCost,SameDay,1,Maybe,Video,3,50k-100k,Yes,100k+,Reviews,No,6
18-24,Female,Ulaanbaatar,Employee,1M-2M,Master,Business,Once,4,LawFirm,SlowResponse,<1hr,3,Yes,Chat,1,30k-50k,Maybe,100k+,GovPartnership,Maybe,4
25-34,Female,Ulaanbaatar,Business Owner,1M-2M,Master,Criminal,FewYears,1,OnlineSearch,ComplexProcess,<1hr,1,Maybe,InPerson,2,30k-50k,Maybe,50k-100k,Reviews,No,2
25-34,Male,Rural,Student,<1M,Bachelor,Divorce,Yearly,1,LawFirm,HighCost,<1hr,4,Maybe,Video,2,Free,Yes,50k-100k,Reviews,Maybe,3
45-54,Male,Rural,Business Owner,<1M,Bachelor,Business,Once,4,LawFirm,Transparency,SameDay,4,No,Video,2,50k-100k,Yes,20k-50k,GovPartnership,Maybe,3
25-34,Female,Other City,Employee,4M-6M,Bachelor,Other,SeveralPerYear,2,LawFirm,HighCost,SeveralDays,5,Yes,Chat,4,10k-30k,No,20k-50k,SecurePayments,Maybe,4
25-34,Female,Ulaanbaatar,Business Owner,1M-2M,Bachelor,Divorce,FewYears,4,PersonalContact,Transparency,SameDay,2,Yes,Chat,2,50k-100k,No,<20k,SecurePayments,Maybe,0
25-34,Female,Rural,Business Owner,<1M,Doctorate,Criminal,SeveralPerYear,1,LawFirm,Transparency,SeveralDays,1,Yes,InPerson,1,30k-50k,No,50k-100k,SecurePayments,Maybe,6
45-54,Female,Other City,Employee,1M-2M,Bachelor,Divorce,Once,2,OnlineSearch,Transparency,<1hr,3,Maybe,Chat,5,50k-100k,Maybe,<20k,Reviews,Yes,10
25-34,Female,Ulaanbaatar,Student,<1M,Bachelor,Criminal,Yearly,1,PersonalContact,ComplexProcess,SeveralDays,1,Maybe,Chat,1,50k-100k,No,<20k,TransparentPricing,Maybe,1
18-24,Other,Rural,Student,1M-2M,Bachelor,Property,Once,4,PersonalContact,Transparency,SameDay,5,Yes,InPerson,1,Free,No,50k-100k,VerifiedLawyers,Maybe,10
25-34,Female,Other City,Student,1M-2M,Master,Divorce,FewYears,1,PersonalContact,HighCost,Week+,1,Maybe,InPerson,1,10k-30k,No,20k-50k,SecurePayments,No,6
55+,Female,Ulaanbaatar,Freelancer,2M-4M,HighSchool,Divorce,FewYears,4,PersonalContact,SlowResponse,Week+,2,Yes,Chat,2,30k-50k,No,20k-50k,VerifiedLawyers,Maybe,6
25-34,Male,Ulaanbaatar,Employee,1M-2M,HighSchool,Business,Yearly,1,OnlineSearch,SlowResponse,Week+,4,Yes,Chat,4,50k-100k,Yes,<20k,SecurePayments,Maybe,4
18-24,Male,Ulaanbaatar,Employee,<1M,Bachelor,Property,Once,5,PersonalContact,ComplexProcess,SeveralDays,4,Yes,Chat,5,10k-30k,No,50k-100k,GovPartnership,Maybe,10
18-24,Female,Ulaanbaatar,Unemployed,1M-2M,HighSchool,Criminal,Once,5,OnlineSearch,HighCost,SameDay,2,Maybe,Phone,1,10k-30k,No,<20k,SecurePayments,Maybe,6
18-24,Other,Rural,Unemployed,Unknown,Master,Labor,Yearly,3,LawFirm,TrustIssue,Week+,2,Maybe,Video,1,30k-50k,Yes,20k-50k,TransparentPricing,Yes,4
25-34,Female,Ulaanbaatar,Employee,<1M,Bachelor,Divorce,FewYears,1,PersonalContact,TrustIssue,SameDay,4,Yes,Chat,5,30k-50k,Yes,20k-50k,VerifiedLawyers,Yes,3
25-34,Female,Ulaanbaatar,Employee,1M-2M,Master,Divorce,Once,1,LawFirm,ComplexProcess,SameDay,3,No,Chat,2,Free,Maybe,<20k,GovPartnership,No,7
35-44,Male,Ulaanbaatar,Employee,<1M,Bachelor,Labor,Yearly,4,PersonalContact,SlowResponse,SameDay,3,Maybe,Video,3,10k-30k,No,100k+,VerifiedLawyers,Yes,6
18-24,Male,Ulaanbaatar,Business Owner,4M-6M,Bachelor,Business,FewYears,3,SocialMedia,HighCost,<1hr,1,Yes,Video,5,10k-30k,Yes,<20k,Reviews,Maybe,3
45-54,Female,Rural,Employee,1M-2M,Bachelor,Property,Once,3,LawFirm,Transparency,SeveralDays,4,Yes,Phone,2,50k-100k,Maybe,50k-100k,SecurePayments,Yes,4
18-24,Male,Ulaanbaatar,Business Owner,1M-2M,Master,Criminal,Yearly,2,PersonalContact,TrustIssue,SeveralDays,4,Maybe,Chat,5,Free,Yes,<20k,TransparentPricing,No,10
18-24,Male,Rural,Student,1M-2M,Master,Business,FewYears,1,LawFirm,Transparency,SameDay,1,Maybe,Video,3,30k-50k,Maybe,20k-50k,SecurePayments,No,2
25-34,Female,Ulaanbaatar,Freelancer,1M-2M,HighSchool,Business,Once,4,SocialMedia,ComplexProcess,SeveralDays,1,Yes,Chat,3,10k-30k,Yes,20k-50k,TransparentPricing,No,0
35-44,Male,Ulaanbaatar,Business Owner,6M+,Bachelor,Other,FewYears,1,PersonalContact,ComplexProcess,Week+,4,Yes,Chat,1,50k-100k,Maybe,20k-50k,VerifiedLawyers,Yes,3
18-24,Male,Other City,Freelancer,2M-4M,HighSchool,Labor,Yearly,1,PersonalContact,Transparency,<1hr,4,Maybe,InPerson,1,Free,Yes,<20k,Reviews,Maybe,6
35-44,Male,Ulaanbaatar,Employee,Unknown,Bachelor,Divorce,Once,4,PersonalContact,ComplexProcess,<1hr,4,Yes,InPerson,2,30k-50k,Maybe,<20k,Reviews,No,10
18-24,Male,Ulaanbaatar,Employee,2M-4M,HighSchool,Other,Yearly,4,LawFirm,Transparency,SameDay,2,Yes,Chat,5,10k-30k,Maybe,<20k,TransparentPricing,Maybe,9
45-54,Male,Ulaanbaatar,Student,1M-2M,HighSchool,Business,Once,5,LawFirm,ComplexProcess,SeveralDays,4,Maybe,InPerson,4,30k-50k,No,50k-100k,TransparentPricing,Maybe,3
45-54,Female,Ulaanbaatar,Employee,1M-2M,Bachelor,Divorce,Once,2,PersonalContact,HighCost,SameDay,5,Yes,Chat,5,30k-50k,No,<20k,Reviews,No,0
18-24,Male,Other City,Business Owner,4M-6M,Bachelor,Divorce,Once,1,PersonalContact,ComplexProcess,Week+,4,Yes,Video,2,Free,Maybe,<20k,VerifiedLawyers,Maybe,1
18-24,Other,Other City,Employee,4M-6M,Master,Other,Once,3,PersonalContact,HighCost,Week+,5,No,Video,5,100k+,Yes,<20k,SecurePayments,Yes,7
35-44,Male,Ulaanbaatar,Business Owner,4M-6M,Bachelor,Property,FewYears,3,LawFirm,Transparency,SameDay,1,Yes,InPerson,2,10k-30k,Maybe,20k-50k,SecurePayments,No,5
18-24,Male,Ulaanbaatar,Unemployed,6M+,Master,Divorce,Yearly,2,LawFirm,TrustIssue,SeveralDays,1,Maybe,Chat,3,100k+,Maybe,<20k,SecurePayments,Maybe,6
35-44,Male,Ulaanbaatar,Employee,2M-4M,HighSchool,Business,Yearly,1,PersonalContact,SlowResponse,SameDay,2,No,Chat,2,30k-50k,Maybe,20k-50k,Reviews,No,0
25-34,Male,Ulaanbaatar,Student,1M-2M,Bachelor,Labor,SeveralPerYear,5,GovAid,SlowResponse,SameDay,5,Yes,Video,1,30k-50k,Maybe,20k-50k,GovPartnership,No,4
35-44,Female,Ulaanbaatar,Employee,<1M,HighSchool,Labor,FewYears,3,LawFirm,Transparency,Week+,1,Yes,InPerson,4,10k-30k,Yes,100k+,TransparentPricing,No,6
18-24,Female,Ulaanbaatar,Employee,2M-4M,Master,Divorce,SeveralPerYear,3,OnlineSearch,TrustIssue,Week+,3,Yes,Chat,1,50k-100k,Maybe,50k-100k,GovPartnership,Yes,9
18-24,Female,Ulaanbaatar,Student,<1M,Bachelor,Business,FewYears,1,OnlineSearch,TrustIssue,SeveralDays,4,Maybe,Video,5,30k-50k,Maybe,50k-100k,Reviews,Maybe,6
18-24,Male,Rural,Unemployed,1M-2M,Bachelor,Business,SeveralPerYear,5,SocialMedia,SlowResponse,SeveralDays,2,Maybe,Video,5,30k-50k,Maybe,50k-100k,SecurePayments,Yes,6
18-24,Male,Ulaanbaatar,Employee,6M+,Master,Criminal,Once,3,PersonalContact,ComplexProcess,Week+,2,Yes,Video,1,30k-50k,No,<20k,SecurePayments,No,1
25-34,Female,Ulaanbaatar,Unemployed,2M-4M,Bachelor,Divorce,Once,1,LawFirm,Transparency,SeveralDays,4,Yes,Phone,5,10k-30k,Maybe,20k-50k,GovPartnership,Maybe,5
25-34,Male,Ulaanbaatar,Business Owner,1M-2M,Bachelor,Immigration,Once,8,OnlineSearch,SlowResponse,SeveralDays,3,Yes,Chat,7,50k-100k,Maybe,50k-100k,TransparentPricing,Maybe,1
45-54,Male,Ulaanbaatar,Employee,<1M,HighSchool,Labor,Once,2,LawFirm,SlowResponse,SeveralDays,5,Yes,Chat,5,50k-100k,No,100k+,VerifiedLawyers,Maybe,0
25-34,Female,Rural,Student,2M-4M,Bachelor,Labor,FewYears,5,LawFirm,HighCost,SeveralDays,5,Maybe,Chat,5,Free,Maybe,100k+,Reviews,Maybe,7
35-44,Female,Ulaanbaatar,Employee,2M-4M,Master,Criminal,FewYears,4,SocialMedia,HighCost,<1hr,5,Yes,InPerson,5,50k-100k,Yes,50k-100k,SecurePayments,Maybe,3
18-24,Male,Ulaanbaatar,Employee,1M-2M,Bachelor,Divorce,Yearly,5,SocialMedia,ComplexProcess,SeveralDays,3,Yes,Phone,4,30k-50k,No,<20k,Reviews,Yes,10
18-24,Female,Ulaanbaatar,Employee,1M-2M,Bachelor,Criminal,FewYears,3,GovAid,ComplexProcess,SameDay,4,Maybe,InPerson,1,10k-30k,Yes,20k-50k,SecurePayments,Yes,8
55+,Female,Ulaanbaatar,Employee,<1M,HighSchool,Criminal,Once,1,LawFirm,ComplexProcess,SameDay,2,Yes,Video,2,50k-100k,No,50k-100k,SecurePayments,Maybe,7
25-34,Female,Ulaanbaatar,Employee,6M+,HighSchool,Labor,Once,5,OnlineSearch,Transparency,SeveralDays,2,Yes,InPerson,4,30k-50k,Yes,20k-50k,TransparentPricing,No,2
35-44,Male,Other City,Student,1M-2M,Bachelor,Other,Yearly,3,GovAid,Transparency,SameDay,1,Yes,Chat,3,50k-100k,Yes,50k-100k,VerifiedLawyers,Maybe,4
18-24,Male,Other City,Employee,<1M,Bachelor,Divorce,Once,3,LawFirm,TrustIssue,SameDay,2,Yes,Phone,4,50k-100k,Maybe,<20k,SecurePayments,Maybe,5
18-24,Male,Ulaanbaatar,Employee,<1M,HighSchool,Property,SeveralPerYear,2,OnlineSearch,SlowResponse,<1hr,5,No,Phone,3,30k-50k,Yes,<20k,GovPartnership,No,1
18-24,Other,Ulaanbaatar,Student,1M-2M,HighSchool,Property,Once,4,PersonalContact,HighCost,SeveralDays,4,Maybe,Video,3,50k-100k,Maybe,50k-100k,SecurePayments,Yes,0
18-24,Male,Other City,Student,<1M,HighSchool,Divorce,Once,5,SocialMedia,TrustIssue,SeveralDays,2,Yes,Chat,3,Free,Yes,20k-50k,GovPartnership,Yes,9
45-54,Female,Ulaanbaatar,Employee,<1M,Bachelor,Business,Once,3,OnlineSearch,HighCost,Week+,1,Yes,Chat,5,50k-100k,Yes,20k-50k,VerifiedLawyers,Yes,7
18-24,Female,Ulaanbaatar,Business Owner,1M-2M,Bachelor,Property,Once,1,LawFirm,SlowResponse,SeveralDays,3,Yes,Chat,5,30k-50k,Maybe,20k-50k,TransparentPricing,Yes,8
55+,Male,Ulaanbaatar,Student,2M-4M,Bachelor,Divorce,SeveralPerYear,3,GovAid,HighCost,SameDay,2,Yes,Chat,1,Free,Maybe,<20k,TransparentPricing,Maybe,1
35-44,Female,Ulaanbaatar,Business Owner,1M-2M,Bachelor,Business,Once,1,PersonalContact,ComplexProcess,SeveralDays,5,Maybe,InPerson,5,30k-50k,No,50k-100k,VerifiedLawyers,Maybe,8
18-24,Female,Ulaanbaatar,Employee,1M-2M,HighSchool,Divorce,Once,4,LawFirm,SlowResponse,SeveralDays,4,No,Chat,5,30k-50k,Yes,20k-50k,Reviews,Yes,4
55+,Male,Other City,Freelancer,1M-2M,Master,Other,Once,5,PersonalContact,TrustIssue,<1hr,1,Maybe,Chat,5,50k-100k,Yes,<20k,GovPartnership,Maybe,0
45-54,Male,Ulaanbaatar,Employee,2M-4M,Bachelor,Property,Once,1,GovAid,HighCost,SameDay,5,Maybe,Video,3,30k-50k,Yes,20k-50k,VerifiedLawyers,Maybe,4
18-24,Female,Rural,Freelancer,<1M,Bachelor,Labor,Once,8,PersonalContact,TrustIssue,<1hr,4,Yes,Video,7,100k+,No,20k-50k,Reviews,Yes,3
18-24,Female,Ulaanbaatar,Student,2M-4M,Bachelor,Labor,Once,2,OnlineSearch,Transparency,Week+,2,Yes,Video,2,30k-50k,No,20k-50k,SecurePayments,Maybe,9
35-44,Male,Ulaanbaatar,Business Owner,1M-2M,Master,Criminal,FewYears,8,LawFirm,HighCost,SameDay,2,Maybe,Phone,0,30k-50k,No,100k+,TransparentPricing,Yes,10
18-24,Female,Ulaanbaatar,Employee,<1M,HighSchool,Criminal,Once,4,PersonalContact,TrustIssue,SeveralDays,3,Yes,Chat,5,50k-100k,Yes,50k-100k,GovPartnership,Maybe,6
25-34,Male,Ulaanbaatar,Employee,<1M,Master,Other,FewYears,5,PersonalContact,ComplexProcess,<1hr,2,Yes,Chat,5,100k+,Maybe,50k-100k,GovPartnership,Maybe,2
18-24,Female,Ulaanbaatar,Employee,2M-4M,Bachelor,Divorce,SeveralPerYear,5,OnlineSearch,ComplexProcess,SeveralDays,4,No,Chat,5,10k-30k,Yes,50k-100k,VerifiedLawyers,Maybe,5
18-24,Female,Ulaanbaatar,Unemployed,<1M,HighSchool,Other,Once,4,OnlineSearch,HighCost,SeveralDays,2,Yes,Chat,3,10k-30k,Maybe,<20k,GovPartnership,Maybe,5
55+,Male,Ulaanbaatar,Business Owner,4M-6M,Bachelor,Divorce,Once,5,PersonalContact,HighCost,SeveralDays,4,Yes,Chat,3,30k-50k,Maybe,20k-50k,TransparentPricing,Yes,8
25-34,Female,Ulaanbaatar,Employee,2M-4M,Master,Business,Yearly,1,OnlineSearch,HighCost,Week+,1,Yes,Chat,4,50k-100k,No,20k-50k,SecurePayments,Maybe,5
25-34,Female,Ulaanbaatar,Business Owner,2M-4M,Bachelor,Divorce,FewYears,2,PersonalContact,HighCost,Week+,5,Yes,InPerson,4,10k-30k,Maybe,50k-100k,TransparentPricing,No,5
18-24,Male,Ulaanbaatar,Business Owner,2M-4M,Master,Business,Yearly,3,OnlineSearch,ComplexProcess,Week+,3,Maybe,Chat,2,100k+,Maybe,20k-50k,Reviews,No,3
25-34,Male,Other City,Student,4M-6M,Master,Divorce,Yearly,2,OnlineSearch,Transparency,SeveralDays,5,Maybe,Phone,3,30k-50k,Maybe,20k-50k,TransparentPricing,No,9
18-24,Female,Ulaanbaatar,Student,<1M,Bachelor,Divorce,Once,4,OnlineSearch,TrustIssue,SeveralDays,5,Yes,Chat,5,30k-50k,Maybe,<20k,GovPartnership,Yes,5
25-34,Female,Ulaanbaatar,Business Owner,2M-4M,Bachelor,Other,FewYears,4,PersonalContact,SlowResponse,<1hr,5,Yes,Phone,3,50k-100k,Maybe,<20k,SecurePayments,No,7
18-24,Female,Ulaanbaatar,Employee,2M-4M,Bachelor,Business,FewYears,1,PersonalContact,TrustIssue,SeveralDays,4,No,Chat,4,30k-50k,Maybe,50k-100k,TransparentPricing,Maybe,6
18-24,Female,Ulaanbaatar,Employee,1M-2M,HighSchool,Labor,Once,2,SocialMedia,TrustIssue,SameDay,3,Maybe,Phone,5,30k-50k,No,50k-100k,SecurePayments,Maybe,1
35-44,Female,Ulaanbaatar,Employee,1M-2M,Bachelor,Divorce,FewYears,3,OnlineSearch,TrustIssue,Week+,5,Maybe,Chat,1,10k-30k,No,20k-50k,Reviews,No,5
18-24,Female,Ulaanbaatar,Business Owner,<1M,Bachelor,Criminal,Yearly,4,SocialMedia,ComplexProcess,SameDay,3,Yes,Phone,2,30k-50k,No,50k-100k,GovPartnership,Yes,10
25-34,Other,Rural,Employee,1M-2M,Bachelor,Business,FewYears,3,OnlineSearch,Transparency,SameDay,4,Yes,Chat,3,30k-50k,No,<20k,TransparentPricing,Maybe,3
18-24,Female,Ulaanbaatar,Employee,<1M,HighSchool,Divorce,Yearly,1,PersonalContact,ComplexProcess,SameDay,5,Maybe,InPerson,4,30k-50k,Yes,50k-100k,GovPartnership,No,4
18-24,Female,Ulaanbaatar,Business Owner,Unknown,Bachelor,Property,Once,1,OnlineSearch,TrustIssue,SameDay,1,Maybe,Phone,3,Free,Yes,<20k,SecurePayments,Maybe,0
25-34,Male,Other City,Freelancer,1M-2M,Bachelor,Property,FewYears,4,PersonalContact,TrustIssue,SeveralDays,3,Yes,Chat,4,50k-100k,No,<20k,VerifiedLawyers,Yes,7
18-24,Male,Ulaanbaatar,Employee,1M-2M,Bachelor,Labor,Once,5,LawFirm,Transparency,SameDay,1,Yes,Video,1,100k+,Yes,<20k,SecurePayments,Maybe,10
25-34,Female,Ulaanbaatar,Business Owner,1M-2M,Master,Criminal,Once,5,PersonalContact,Transparency,SeveralDays,5,Yes,Chat,3,Free,Yes,20k-50k,GovPartnership,No,7
18-24,Male,Ulaanbaatar,Freelancer,4M-6M,Master,Business,SeveralPerYear,2,PersonalContact,Transparency,SeveralDays,4,Yes,InPerson,1,30k-50k,Yes,<20k,GovPartnership,No,7
18-24,Male,Ulaanbaatar,Student,2M-4M,Bachelor,Business,FewYears,1,LawFirm,TrustIssue,<1hr,3,Maybe,Chat,4,50k-100k,Yes,50k-100k,TransparentPricing,Yes,6
18-24,Male,Ulaanbaatar,Employee,1M-2M,Bachelor,Criminal,Once,1,LawFirm,SlowResponse,SameDay,2,Maybe,InPerson,3,10k-30k,No,<20k,Reviews,No,0
18-24,Female,Rural,Business Owner,<1M,Bachelor,Business,FewYears,5,OnlineSearch,HighCost,SameDay,1,Maybe,Chat,5,10k-30k,Maybe,<20k,SecurePayments,Yes,7
25-34,Male,Rural,Student,<1M,HighSchool,Labor,Yearly,3,PersonalContact,SlowResponse,SeveralDays,4,Maybe,Chat,3,10k-30k,No,<20k,Reviews,Yes,7
35-44,Male,Other City,Employee,1M-2M,Master,Business,Once,4,OnlineSearch,SlowResponse,Week+,5,Yes,Phone,2,10k-30k,Yes,50k-100k,VerifiedLawyers,No,10
35-44,Female,Ulaanbaatar,Student,2M-4M,HighSchool,Criminal,FewYears,5,PersonalContact,ComplexProcess,SeveralDays,1,No,Chat,3,10k-30k,Maybe,<20k,GovPartnership,Maybe,10
55+,Female,Other City,Employee,<1M,HighSchool,Labor,SeveralPerYear,5,SocialMedia,Transparency,SameDay,2,Maybe,Chat,5,100k+,Maybe,50k-100k,VerifiedLawyers,No,7
18-24,Female,Other City,Student,2M-4M,Doctorate,Divorce,SeveralPerYear,5,LawFirm,SlowResponse,<1hr,4,Yes,Chat,2,50k-100k,No,<20k,TransparentPricing,No,4
18-24,Female,Ulaanbaatar,Business Owner,4M-6M,Master,Property,FewYears,4,OnlineSearch,HighCost,SeveralDays,2,Yes,InPerson,2,10k-30k,Yes,20k-50k,SecurePayments,Maybe,3
25-34,Female,Ulaanbaatar,Freelancer,1M-2M,Bachelor,Business,FewYears,1,PersonalContact,HighCost,SeveralDays,5,Yes,Chat,3,50k-100k,Maybe,<20k,SecurePayments,Maybe,4
45-54,Male,Ulaanbaatar,Freelancer,6M+,Bachelor,Immigration,Once,3,PersonalContact,TrustIssue,SeveralDays,5,Yes,Phone,4,30k-50k,Maybe,20k-50k,VerifiedLawyers,Maybe,2
35-44,Male,Ulaanbaatar,Freelancer,2M-4M,Bachelor,Business,FewYears,5,OnlineSearch,ComplexProcess,<1hr,3,Yes,InPerson,4,Free,No,50k-100k,TransparentPricing,Maybe,5
25-34,Male,Ulaanbaatar,Student,6M+,Bachelor,Labor,Once,1,PersonalContact,Transparency,SameDay,3,Maybe,Phone,1,30k-50k,Maybe,100k+,TransparentPricing,Maybe,8
18-24,Female,Rural,Employee,2M-4M,Bachelor,Other,Once,3,OnlineSearch,TrustIssue,SeveralDays,2,Maybe,InPerson,1,Free,Maybe,<20k,TransparentPricing,Maybe,7
25-34,Male,Ulaanbaatar,Student,<1M,Bachelor,Business,FewYears,3,LawFirm,ComplexProcess,SeveralDays,1,Yes,InPerson,2,30k-50k,Yes,<20k,VerifiedLawyers,No,3
35-44,Male,Ulaanbaatar,Employee,1M-2M,Bachelor,Divorce,Yearly,3,LawFirm,SlowResponse,<1hr,4,No,InPerson,4,10k-30k,Maybe,20k-50k,VerifiedLawyers,Maybe,6
25-34,Male,Ulaanbaatar,Unemployed,6M+,Bachelor,Other,SeveralPerYear,5,SocialMedia,ComplexProcess,SameDay,4,Yes,Chat,4,50k-100k,No,20k-50k,Reviews,Maybe,1
18-24,Female,Ulaanbaatar,Student,1M-2M,HighSchool,Criminal,Once,5,PersonalContact,SlowResponse,SameDay,3,Maybe,Chat,3,30k-50k,No,20k-50k,TransparentPricing,No,10
25-34,Male,Ulaanbaatar,Business Owner,<1M,HighSchool,Divorce,Yearly,4,GovAid,SlowResponse,<1hr,1,Maybe,Chat,4,Free,Maybe,50k-100k,Reviews,Yes,6
35-44,Male,Other City,Employee,2M-4M,HighSchool,Business,Yearly,1,PersonalContact,SlowResponse,SameDay,5,Maybe,Chat,3,30k-50k,Maybe,50k-100k,TransparentPricing,Yes,4
35-44,Male,Ulaanbaatar,Student,4M-6M,Bachelor,Business,Once,4,OnlineSearch,SlowResponse,SeveralDays,5,Yes,Chat,1,30k-50k,No,<20k,VerifiedLawyers,Yes,2
18-24,Male,Other City,Employee,<1M,Master,Labor,Yearly,5,PersonalContact,HighCost,Week+,1,Maybe,Video,4,30k-50k,Yes,20k-50k,Reviews,Maybe,5
25-34,Male,Ulaanbaatar,Student,<1M,HighSchool,Property,Once,4,OnlineSearch,TrustIssue,<1hr,1,Yes,Video,3,30k-50k,No,20k-50k,GovPartnership,No,7
25-34,Male,Ulaanbaatar,Student,2M-4M,Master,Immigration,FewYears,5,OnlineSearch,HighCost,Week+,4,Maybe,Chat,4,10k-30k,Yes,20k-50k,TransparentPricing,Yes,8
25-34,Male,Ulaanbaatar,Unemployed,2M-4M,Bachelor,Labor,Once,4,PersonalContact,HighCost,<1hr,4,Maybe,InPerson,2,30k-50k,No,20k-50k,VerifiedLawyers,Maybe,0
18-24,Male,Ulaanbaatar,Employee,1M-2M,Bachelor,Divorce,Once,3,OnlineSearch,SlowResponse,SameDay,5,Yes,InPerson,3,30k-50k,Maybe,20k-50k,VerifiedLawyers,Maybe,1
25-34,Female,Other City,Business Owner,2M-4M,HighSchool,Property,Once,5,PersonalContact,TrustIssue,Week+,5,Maybe,Phone,4,100k+,Maybe,50k-100k,SecurePayments,No,10
25-34,Female,Ulaanbaatar,Student,1M-2M,HighSchool,Property,Once,1,GovAid,Transparency,SeveralDays,4,Yes,Chat,1,100k+,Maybe,20k-50k,VerifiedLawyers,Yes,4
35-44,Female,Ulaanbaatar,Student,6M+,Bachelor,Criminal,Once,2,LawFirm,Transparency,SeveralDays,1,Yes,Chat,3,10k-30k,Maybe,20k-50k,SecurePayments,No,3
25-34,Female,Other City,Employee,2M-4M,Bachelor,Labor,Yearly,4,PersonalContact,SlowResponse,Week+,3,No,Chat,1,Free,No,20k-50k,GovPartnership,No,7
25-34,Male,Other City,Business Owner,1M-2M,Bachelor,Divorce,SeveralPerYear,1,PersonalContact,Transparency,SeveralDays,1,Maybe,Chat,4,Free,No,20k-50k,GovPartnership,Maybe,2
45-54,Male,Ulaanbaatar,Employee,Unknown,Bachelor,Labor,FewYears,2,PersonalContact,ComplexProcess,SeveralDays,5,Yes,Video,4,100k+,Maybe,50k-100k,TransparentPricing,Maybe,0
25-34,Male,Other City,Freelancer,1M-2M,Doctorate,Business,Once,4,OnlineSearch,TrustIssue,SameDay,1,Maybe,Phone,1,10k-30k,No,20k-50k,SecurePayments,Maybe,7
55+,Male,Ulaanbaatar,Student,4M-6M,Master,Immigration,SeveralPerYear,4,LawFirm,Transparency,SameDay,1,No,Chat,5,Free,Yes,20k-50k,VerifiedLawyers,Maybe,0
45-54,Female,Rural,Employee,6M+,HighSchool,Labor,Once,5,PersonalContact,ComplexProcess,Week+,4,Yes,InPerson,5,50k-100k,Yes,100k+,Reviews,Yes,4
35-44,Male,Ulaanbaatar,Employee,2M-4M,Bachelor,Divorce,FewYears,2,GovAid,Transparency,SameDay,2,Maybe,Video,4,30k-50k,Yes,20k-50k,VerifiedLawyers,No,4
45-54,Male,Other City,Student,1M-2M,Bachelor,Property,Once,4,OnlineSearch,Transparency,Week+,1,Yes,Video,1,50k-100k,No,20k-50k,GovPartnership,Maybe,5
55+,Female,Ulaanbaatar,Employee,4M-6M,Bachelor,Labor,Once,4,OnlineSearch,ComplexProcess,SeveralDays,5,Yes,Chat,2,Free,No,20k-50k,TransparentPricing,No,6
18-24,Female,Ulaanbaatar,Employee,2M-4M,HighSchool,Divorce,FewYears,4,PersonalContact,HighCost,<1hr,5,Maybe,Video,2,50k-100k,Yes,100k+,TransparentPricing,No,1
35-44,Male,Other City,Employee,<1M,HighSchool,Labor,Yearly,5,GovAid,Transparency,SeveralDays,1,Maybe,Chat,4,10k-30k,Maybe,50k-100k,GovPartnership,Maybe,4
45-54,Female,Ulaanbaatar,Business Owner,2M-4M,HighSchool,Other,Once,5,PersonalContact,TrustIssue,<1hr,3,No,Video,2,30k-50k,Yes,<20k,Reviews,Yes,1
18-24,Female,Other City,Freelancer,1M-2M,Bachelor,Divorce,Once,1,LawFirm,HighCost,Week+,2,Maybe,InPerson,5,Free,Yes,50k-100k,Reviews,No,2
35-44,Male,Ulaanbaatar,Student,Unknown,HighSchool,Criminal,FewYears,4,SocialMedia,ComplexProcess,SameDay,4,Yes,Chat,4,100k+,Yes,50k-100k,VerifiedLawyers,Maybe,9
18-24,Male,Ulaanbaatar,Student,4M-6M,Doctorate,Divorce,Once,1,PersonalContact,ComplexProcess,Week+,5,Yes,Video,1,Free,Yes,50k-100k,TransparentPricing,Maybe,4
45-54,Female,Ulaanbaatar,Student,<1M,Master,Labor,FewYears,1,OnlineSearch,SlowResponse,SameDay,1,Maybe,Video,4,30k-50k,Yes,20k-50k,Reviews,Yes,1
25-34,Male,Rural,Unemployed,1M-2M,Bachelor,Property,Once,1,LawFirm,SlowResponse,SameDay,5,Yes,Chat,3,10k-30k,No,<20k,VerifiedLawyers,Maybe,9
18-24,Female,Ulaanbaatar,Student,1M-2M,HighSchool,Business,SeveralPerYear,5,LawFirm,SlowResponse,SameDay,1,Yes,Chat,5,50k-100k,Maybe,20k-50k,SecurePayments,Yes,9
18-24,Male,Ulaanbaatar,Student,2M-4M,HighSchool,Business,Once,3,SocialMedia,ComplexProcess,Week+,2,Maybe,Video,3,100k+,Yes,<20k,VerifiedLawyers,No,1
35-44,Female,Other City,Employee,1M-2M,Bachelor,Other,FewYears,2,SocialMedia,Transparency,Week+,3,No,Chat,4,50k-100k,Maybe,20k-50k,TransparentPricing,Yes,6
18-24,Male,Rural,Freelancer,6M+,Master,Labor,Yearly,1,PersonalContact,TrustIssue,SameDay,1,Yes,Chat,5,10k-30k,Maybe,20k-50k,Reviews,Maybe,3
45-54,Female,Other City,Student,<1M,Bachelor,Divorce,FewYears,1,PersonalContact,TrustIssue,SameDay,1,No,Chat,3,30k-50k,Maybe,<20k,SecurePayments,Maybe,4
18-24,Female,Other City,Student,1M-2M,Bachelor,Divorce,FewYears,5,PersonalContact,TrustIssue,SeveralDays,5,Yes,Chat,4,50k-100k,Yes,<20k,SecurePayments,No,9
35-44,Female,Rural,Unemployed,2M-4M,Bachelor,Immigration,Once,2,PersonalContact,HighCost,SeveralDays,4,Yes,Chat,4,10k-30k,Yes,<20k,SecurePayments,Maybe,2
25-34,Female,Ulaanbaatar,Employee,2M-4M,Master,Business,FewYears,1,GovAid,HighCost,Week+,3,Yes,Chat,2,10k-30k,Maybe,100k+,SecurePayments,Maybe,10
45-54,Male,Rural,Student,Unknown,HighSchool,Divorce,Once,2,PersonalContact,Transparency,SeveralDays,1,Yes,Chat,1,10k-30k,Maybe,100k+,GovPartnership,No,4
35-44,Male,Other City,Student,1M-2M,HighSchool,Property,Once,4,SocialMedia,TrustIssue,<1hr,2,Yes,Chat,5,10k-30k,No,<20k,TransparentPricing,Yes,4
45-54,Male,Ulaanbaatar,Business Owner,6M+,Doctorate,Property,Once,4,PersonalContact,HighCost,SameDay,4,Maybe,Chat,2,10k-30k,Yes,<20k,VerifiedLawyers,Yes,9
25-34,Female,Ulaanbaatar,Employee,2M-4M,Bachelor,Business,Once,5,SocialMedia,Transparency,SameDay,1,Yes,InPerson,2,100k+,Maybe,100k+,TransparentPricing,Yes,7
35-44,Male,Ulaanbaatar,Employee,1M-2M,Doctorate,Labor,Once,3,OnlineSearch,Transparency,SeveralDays,2,Yes,Chat,4,Free,Maybe,20k-50k,TransparentPricing,Maybe,3
18-24,Male,Ulaanbaatar,Business Owner,2M-4M,Bachelor,Divorce,Yearly,5,GovAid,SlowResponse,<1hr,1,Maybe,Video,5,30k-50k,No,20k-50k,VerifiedLawyers,No,5
18-24,Female,Rural,Student,1M-2M,Doctorate,Property,Yearly,5,OnlineSearch,ComplexProcess,SeveralDays,4,Yes,Video,5,30k-50k,Yes,20k-50k,TransparentPricing,No,10
18-24,Female,Ulaanbaatar,Freelancer,1M-2M,HighSchool,Other,Yearly,5,SocialMedia,Transparency,SeveralDays,4,No,Phone,4,30k-50k,No,50k-100k,GovPartnership,Yes,3
18-24,Female,Ulaanbaatar,Student,4M-6M,HighSchool,Business,Yearly,1,GovAid,Transparency,SameDay,5,No,Video,2,Free,Maybe,20k-50k,TransparentPricing,Yes,6
25-34,Male,Other City,Student,2M-4M,Bachelor,Divorce,SeveralPerYear,2,OnlineSearch,TrustIssue,SameDay,5,Yes,Chat,2,30k-50k,No,50k-100k,GovPartnership,Maybe,4
25-34,Male,Other City,Unemployed,6M+,Bachelor,Labor,Yearly,3,GovAid,ComplexProcess,Week+,2,Yes,Chat,2,Free,No,50k-100k,GovPartnership,Maybe,10
18-24,Female,Ulaanbaatar,Student,1M-2M,Bachelor,Property,Once,4,PersonalContact,HighCost,SeveralDays,2,Yes,Chat,4,50k-100k,Yes,50k-100k,SecurePayments,Yes,5
18-24,Male,Ulaanbaatar,Employee,<1M,Doctorate,Property,SeveralPerYear,1,PersonalContact,Transparency,SameDay,5,Maybe,Chat,3,100k+,Maybe,20k-50k,GovPartnership,Yes,2
35-44,Female,Ulaanbaatar,Student,6M+,Bachelor,Other,FewYears,5,GovAid,ComplexProcess,Week+,4,No,Chat,2,50k-100k,Yes,20k-50k,TransparentPricing,Maybe,1
18-24,Male,Ulaanbaatar,Business Owner,2M-4M,Master,Labor,Once,1,LawFirm,HighCost,SeveralDays,3,Yes,Video,5,50k-100k,Maybe,50k-100k,Reviews,Maybe,8
18-24,Male,Ulaanbaatar,Freelancer,<1M,Doctorate,Criminal,FewYears,4,PersonalContact,TrustIssue,Week+,3,Maybe,Chat,4,10k-30k,Maybe,<20k,TransparentPricing,Maybe,6
25-34,Male,Ulaanbaatar,Freelancer,<1M,Doctorate,Divorce,Once,3,OnlineSearch,ComplexProcess,Week+,4,Yes,Chat,4,30k-50k,Yes,20k-50k,SecurePayments,Yes,0
35-44,Male,Other City,Business Owner,4M-6M,HighSchool,Labor,Once,3,PersonalContact,Transparency,SameDay,2,No,Chat,1,10k-30k,No,20k-50k,SecurePayments,Yes,4
55+,Female,Ulaanbaatar,Employee,4M-6M,HighSchool,Divorce,FewYears,1,PersonalContact,TrustIssue,Week+,5,No,Chat,4,10k-30k,Maybe,100k+,TransparentPricing,Maybe,2
18-24,Female,Ulaanbaatar,Unemployed,2M-4M,HighSchool,Immigration,Once,2,PersonalContact,HighCost,SameDay,3,No,Phone,5,50k-100k,Maybe,20k-50k,VerifiedLawyers,Yes,0
18-24,Male,Ulaanbaatar,Student,2M-4M,Bachelor,Property,Once,3,PersonalContact,TrustIssue,SeveralDays,4,Maybe,Chat,2,Free,Maybe,100k+,VerifiedLawyers,Yes,8
18-24,Female,Ulaanbaatar,Employee,1M-2M,Bachelor,Labor,Once,3,SocialMedia,Transparency,Week+,2,Maybe,Video,1,Free,Yes,20k-50k,GovPartnership,No,5
18-24,Male,Ulaanbaatar,Unemployed,2M-4M,HighSchool,Property,Once,2,LawFirm,Transparency,SeveralDays,4,No,Chat,4,30k-50k,Yes,<20k,GovPartnership,No,1
18-24,Male,Other City,Student,1M-2M,HighSchool,Other,FewYears,1,OnlineSearch,Transparency,Week+,3,Yes,Video,2,Free,Maybe,100k+,VerifiedLawyers,No,6
18-24,Male,Ulaanbaatar,Employee,1M-2M,Bachelor,Divorce,Once,2,LawFirm,HighCost,<1hr,1,Maybe,Video,5,10k-30k,No,20k-50k,VerifiedLawyers,Maybe,3
18-24,Male,Other City,Business Owner,<1M,Bachelor,Divorce,FewYears,3,PersonalContact,HighCost,<1hr,5,Yes,Chat,1,10k-30k,No,20k-50k,Reviews,Maybe,8
18-24,Male,Rural,Business Owner,1M-2M,Master,Property,FewYears,3,PersonalContact,Transparency,SameDay,5,Yes,InPerson,3,Free,No,50k-100k,GovPartnership,No,0
18-24,Female,Other City,Employee,2M-4M,Master,Divorce,Yearly,2,PersonalContact,TrustIssue,Week+,4,No,Chat,5,Free,No,<20k,Reviews,No,2
25-34,Female,Ulaanbaatar,Student,4M-6M,Bachelor,Criminal,Once,3,LawFirm,ComplexProcess,SameDay,1,No,Chat,5,30k-50k,Maybe,<20k,TransparentPricing,Maybe,10
35-44,Male,Ulaanbaatar,Employee,1M-2M,Bachelor,Divorce,Once,4,PersonalContact,SlowResponse,SeveralDays,3,Yes,Chat,5,Free,Maybe,50k-100k,Reviews,No,6
18-24,Female,Ulaanbaatar,Business Owner,1M-2M,HighSchool,Other,Yearly,1,OnlineSearch,SlowResponse,Week+,2,Yes,Phone,4,30k-50k,No,20k-50k,TransparentPricing,Maybe,10
35-44,Female,Other City,Freelancer,1M-2M,Bachelor,Property,Yearly,2,LawFirm,TrustIssue,SameDay,1,No,Phone,3,30k-50k,No,50k-100k,VerifiedLawyers,Yes,3
35-44,Female,Ulaanbaatar,Freelancer,6M+,Bachelor,Divorce,Once,8,GovAid,ComplexProcess,Week+,4,Maybe,Chat,6,50k-100k,Yes,100k+,TransparentPricing,No,2
18-24,Male,Ulaanbaatar,Business Owner,<1M,HighSchool,Labor,Once,3,LawFirm,ComplexProcess,<1hr,4,Maybe,InPerson,2,10k-30k,Maybe,20k-50k,VerifiedLawyers,No,2
55+,Female,Ulaanbaatar,Employee,<1M,Bachelor,Other,Once,4,PersonalContact,SlowResponse,SeveralDays,4,Yes,Video,5,100k+,Yes,<20k,TransparentPricing,No,7
18-24,Male,Ulaanbaatar,Employee,2M-4M,Master,Business,FewYears,1,LawFirm,SlowResponse,SameDay,1,Maybe,Chat,5,30k-50k,Maybe,100k+,GovPartnership,Maybe,0
35-44,Female,Ulaanbaatar,Business Owner,1M-2M,Bachelor,Business,Once,2,PersonalContact,SlowResponse,SameDay,1,Maybe,InPerson,3,30k-50k,Maybe,<20k,GovPartnership,Yes,10
25-34,Female,Ulaanbaatar,Employee,2M-4M,Bachelor,Divorce,Once,4,PersonalContact,SlowResponse,SameDay,2,Yes,Phone,3,30k-50k,Maybe,20k-50k,TransparentPricing,Yes,2
45-54,Female,Ulaanbaatar,Employee,2M-4M,Bachelor,Divorce,Yearly,5,PersonalContact,SlowResponse,SameDay,4,Yes,Phone,2,30k-50k,Yes,<20k,TransparentPricing,No,5
55+,Female,Ulaanbaatar,Student,6M+,HighSchool,Divorce,Once,3,PersonalContact,Transparency,<1hr,4,Yes,InPerson,4,50k-100k,Yes,<20k,TransparentPricing,Yes,7
18-24,Female,Ulaanbaatar,Student,1M-2M,Bachelor,Labor,Once,1,PersonalContact,ComplexProcess,SameDay,4,Yes,Chat,2,50k-100k,No,20k-50k,SecurePayments,No,4
35-44,Male,Rural,Employee,1M-2M,Bachelor,Divorce,SeveralPerYear,5,SocialMedia,Transparency,SameDay,2,Yes,Chat,4,10k-30k,No,20k-50k,Reviews,Maybe,1
25-34,Female,Ulaanbaatar,Employee,2M-4M,Bachelor,Divorce,Once,5,OnlineSearch,HighCost,SeveralDays,5,No,InPerson,1,30k-50k,No,<20k,GovPartnership,Maybe,1
55+,Male,Ulaanbaatar,Employee,2M-4M,Bachelor,Property,Once,1,GovAid,Transparency,<1hr,4,Yes,Chat,1,10k-30k,Yes,20k-50k,Reviews,Yes,9
25-34,Female,Ulaanbaatar,Student,6M+,Bachelor,Labor,FewYears,3,OnlineSearch,Transparency,SeveralDays,1,Yes,Phone,5,30k-50k,Maybe,<20k,SecurePayments,Maybe,4
25-34,Male,Ulaanbaatar,Employee,1M-2M,Master,Property,Yearly,1,PersonalContact,Transparency,SameDay,1,Yes,Video,5,10k-30k,Yes,20k-50k,GovPartnership,Maybe,3
18-24,Male,Ulaanbaatar,Employee,1M-2M,Master,Business,Once,3,PersonalContact,TrustIssue,SameDay,3,No,Video,4,30k-50k,Yes,<20k,Reviews,No,7
35-44,Female,Other City,Employee,2M-4M,Bachelor,Property,Yearly,3,PersonalContact,HighCost,<1hr,1,Maybe,Video,3,10k-30k,Maybe,20k-50k,SecurePayments,Maybe,6
18-24,Female,Ulaanbaatar,Employee,6M+,HighSchool,Divorce,SeveralPerYear,2,PersonalContact,SlowResponse,SameDay,2,Maybe,Chat,4,Free,Yes,<20k,TransparentPricing,Maybe,8
45-54,Female,Other City,Employee,2M-4M,Bachelor,Business,Once,5,OnlineSearch,TrustIssue,SameDay,5,Maybe,Video,4,50k-100k,Maybe,20k-50k,VerifiedLawyers,Maybe,7
55+,Male,Other City,Student,6M+,Bachelor,Property,SeveralPerYear,1,PersonalContact,Transparency,SeveralDays,5,Yes,Phone,4,30k-50k,Maybe,50k-100k,VerifiedLawyers,No,2
18-24,Male,Other City,Business Owner,4M-6M,Bachelor,Immigration,FewYears,3,PersonalContact,HighCost,SeveralDays,3,Yes,Chat,5,Free,No,<20k,Reviews,Maybe,10
55+,Male,Ulaanbaatar,Employee,<1M,Bachelor,Divorce,SeveralPerYear,4,LawFirm,ComplexProcess,SameDay,2,Maybe,InPerson,4,10k-30k,No,50k-100k,TransparentPricing,Maybe,3
25-34,Female,Ulaanbaatar,Student,4M-6M,Master,Business,SeveralPerYear,4,OnlineSearch,TrustIssue,SameDay,4,Yes,Chat,4,10k-30k,Yes,20k-50k,TransparentPricing,Maybe,9
25-34,Female,Other City,Business Owner,2M-4M,HighSchool,Divorce,Once,3,OnlineSearch,TrustIssue,<1hr,5,Maybe,Chat,1,30k-50k,Yes,50k-100k,SecurePayments,No,6
45-54,Male,Ulaanbaatar,Employee,1M-2M,Bachelor,Labor,Once,2,OnlineSearch,SlowResponse,SeveralDays,3,Maybe,Chat,4,30k-50k,Maybe,20k-50k,SecurePayments,No,4
35-44,Male,Ulaanbaatar,Employee,<1M,Master,Criminal,FewYears,1,PersonalContact,TrustIssue,SeveralDays,4,Yes,Chat,5,Free,Maybe,<20k,VerifiedLawyers,Maybe,1
18-24,Female,Ulaanbaatar,Employee,<1M,Bachelor,Divorce,Yearly,1,PersonalContact,HighCost,SeveralDays,1,No,Chat,2,30k-50k,No,50k-100k,Reviews,No,10
18-24,Male,Ulaanbaatar,Employee,<1M,HighSchool,Other,SeveralPerYear,2,SocialMedia,ComplexProcess,SameDay,4,No,Video,3,30k-50k,Yes,<20k,GovPartnership,Maybe,3
45-54,Female,Other City,Freelancer,1M-2M,Master,Business,FewYears,5,LawFirm,Transparency,SameDay,4,Maybe,InPerson,2,10k-30k,Yes,<20k,VerifiedLawyers,Maybe,6
35-44,Male,Ulaanbaatar,Student,4M-6M,Bachelor,Criminal,Once,5,GovAid,SlowResponse,SeveralDays,2,Maybe,Chat,4,10k-30k,Yes,20k-50k,SecurePayments,No,3
45-54,Male,Other City,Employee,Unknown,Bachelor,Labor,Yearly,2,SocialMedia,Transparency,SameDay,3,No,InPerson,3,100k+,Maybe,20k-50k,TransparentPricing,Maybe,10
25-34,Female,Ulaanbaatar,Student,1M-2M,HighSchool,Divorce,SeveralPerYear,1,PersonalContact,TrustIssue,<1hr,4,No,Chat,5,30k-50k,Yes,20k-50k,VerifiedLawyers,Yes,3
25-34,Female,Ulaanbaatar,Student,1M-2M,Master,Labor,Once,4,OnlineSearch,SlowResponse,SeveralDays,4,Maybe,InPerson,4,50k-100k,Yes,<20k,Reviews,Maybe,4
25-34,Male,Ulaanbaatar,Employee,<1M,HighSchool,Immigration,Once,5,SocialMedia,ComplexProcess,SeveralDays,5,Maybe,Chat,5,10k-30k,Maybe,20k-50k,VerifiedLawyers,No,6
18-24,Male,Ulaanbaatar,Unemployed,2M-4M,Bachelor,Other,Yearly,1,OnlineSearch,Transparency,SeveralDays,4,Maybe,InPerson,2,30k-50k,No,20k-50k,Reviews,Maybe,3
25-34,Male,Ulaanbaatar,Student,1M-2M,Bachelor,Business,FewYears,5,OnlineSearch,TrustIssue,Week+,1,Maybe,Chat,5,100k+,No,20k-50k,TransparentPricing,Yes,10
35-44,Male,Ulaanbaatar,Employee,2M-4M,Bachelor,Business,FewYears,2,OnlineSearch,SlowResponse,SeveralDays,2,No,Chat,4,30k-50k,Maybe,50k-100k,Reviews,Yes,8
35-44,Male,Ulaanbaatar,Student,<1M,Master,Divorce,Once,5,OnlineSearch,TrustIssue,SameDay,1,Yes,Video,3,10k-30k,No,50k-100k,GovPartnership,Maybe,4
45-54,Female,Rural,Student,2M-4M,Bachelor,Criminal,Once,4,LawFirm,HighCost,SeveralDays,1,Maybe,Chat,2,30k-50k,Yes,<20k,SecurePayments,Maybe,10
45-54,Male,Rural,Employee,2M-4M,Bachelor,Labor,FewYears,1,LawFirm,Transparency,SameDay,3,No,Chat,4,30k-50k,Maybe,20k-50k,GovPartnership,Maybe,1
35-44,Female,Ulaanbaatar,Freelancer,<1M,Master,Property,Yearly,2,LawFirm,TrustIssue,SameDay,2,Yes,Chat,4,50k-100k,No,20k-50k,GovPartnership,Yes,2
25-34,Female,Ulaanbaatar,Student,4M-6M,HighSchool,Business,FewYears,3,PersonalContact,TrustIssue,SeveralDays,4,Yes,Chat,5,30k-50k,Maybe,100k+,Reviews,No,10
35-44,Male,Other City,Employee,<1M,Doctorate,Criminal,FewYears,3,OnlineSearch,SlowResponse,SeveralDays,1,Maybe,Video,4,10k-30k,Maybe,<20k,SecurePayments,Maybe,6
55+,Female,Ulaanbaatar,Student,4M-6M,Bachelor,Business,Once,2,SocialMedia,HighCost,<1hr,1,Maybe,Phone,5,10k-30k,Maybe,100k+,Reviews,No,2
45-54,Male,Ulaanbaatar,Employee,Unknown,Bachelor,Business,Once,3,SocialMedia,SlowResponse,<1hr,2,Yes,Chat,2,10k-30k,Yes,20k-50k,SecurePayments,No,1
55+,Female,Ulaanbaatar,Employee,6M+,Bachelor,Other,Once,1,PersonalContact,TrustIssue,SameDay,2,Yes,Video,2,30k-50k,Maybe,<20k,Reviews,Yes,6
18-24,Male,Other City,Student,1M-2M,Doctorate,Business,Once,4,PersonalContact,Transparency,SameDay,5,Yes,Phone,5,10k-30k,No,<20k,Reviews,Yes,6
25-34,Female,Ulaanbaatar,Employee,6M+,HighSchool,Immigration,FewYears,5,OnlineSearch,ComplexProcess,SameDay,4,Maybe,Phone,2,10k-30k,Maybe,100k+,Reviews,Maybe,1
18-24,Male,Rural,Business Owner,<1M,Bachelor,Business,FewYears,5,PersonalContact,TrustIssue,SeveralDays,3,Yes,Phone,4,30k-50k,Maybe,20k-50k,GovPartnership,Maybe,1
18-24,Male,Other City,Student,<1M,Bachelor,Labor,SeveralPerYear,3,PersonalContact,ComplexProcess,SameDay,1,No,Chat,2,50k-100k,Yes,20k-50k,TransparentPricing,No,3
45-54,Other,Rural,Employee,1M-2M,Bachelor,Criminal,Once,3,GovAid,HighCost,SeveralDays,1,Maybe,Video,1,10k-30k,Maybe,20k-50k,TransparentPricing,Yes,2
35-44,Male,Other City,Employee,<1M,Bachelor,Immigration,FewYears,5,SocialMedia,HighCost,<1hr,2,Yes,Chat,2,10k-30k,Maybe,20k-50k,SecurePayments,No,6
25-34,Male,Ulaanbaatar,Unemployed,6M+,HighSchool,Business,Once,5,OnlineSearch,HighCost,<1hr,5,Yes,Video,2,50k-100k,Maybe,<20k,GovPartnership,Maybe,3
25-34,Male,Rural,Student,2M-4M,Bachelor,Criminal,Once,1,OnlineSearch,TrustIssue,<1hr,1,Yes,Phone,4,30k-50k,Maybe,<20k,SecurePayments,Maybe,1
18-24,Male,Ulaanbaatar,Employee,2M-4M,HighSchool,Divorce,SeveralPerYear,4,PersonalContact,ComplexProcess,SeveralDays,2,Yes,InPerson,2,10k-30k,Yes,<20k,Reviews,Maybe,3
18-24,Female,Ulaanbaatar,Student,1M-2M,Bachelor,Criminal,Yearly,4,PersonalContact,TrustIssue,SeveralDays,4,Yes,Video,1,10k-30k,Maybe,<20k,Reviews,No,5
45-54,Female,Ulaanbaatar,Student,4M-6M,Bachelor,Labor,FewYears,3,OnlineSearch,ComplexProcess,Week+,1,Yes,Chat,5,50k-100k,Yes,50k-100k,Reviews,Maybe,1
35-44,Female,Rural,Employee,1M-2M,Bachelor,Other,Once,3,LawFirm,TrustIssue,<1hr,5,Yes,Chat,2,30k-50k,Yes,20k-50k,GovPartnership,Yes,5
25-34,Other,Ulaanbaatar,Employee,1M-2M,Bachelor,Business,SeveralPerYear,5,SocialMedia,Transparency,SeveralDays,5,Maybe,InPerson,4,10k-30k,Yes,20k-50k,SecurePayments,Yes,6
18-24,Male,Ulaanbaatar,Unemployed,1M-2M,Master,Divorce,Once,4,LawFirm,HighCost,<1hr,5,Yes,Chat,5,50k-100k,Maybe,20k-50k,Reviews,Maybe,6
25-34,Male,Other City,Student,1M-2M,HighSchool,Divorce,SeveralPerYear,3,LawFirm,SlowResponse,Week+,4,Yes,Phone,2,10k-30k,No,20k-50k,SecurePayments,No,2
25-34,Male,Ulaanbaatar,Employee,4M-6M,Bachelor,Business,Once,2,OnlineSearch,HighCost,SameDay,4,Maybe,Video,3,30k-50k,No,<20k,GovPartnership,Yes,7
18-24,Female,Ulaanbaatar,Student,1M-2M,HighSchool,Other,Once,4,PersonalContact,ComplexProcess,SeveralDays,1,No,Video,5,10k-30k,Yes,20k-50k,Reviews,Yes,6
18-24,Male,Rural,Freelancer,2M-4M,Bachelor,Criminal,Once,2,LawFirm,ComplexProcess,<1hr,3,No,InPerson,3,10k-30k,Maybe,50k-100k,Reviews,Maybe,3
18-24,Female,Ulaanbaatar,Student,2M-4M,HighSchool,Business,Once,5,PersonalContact,TrustIssue,SeveralDays,1,Yes,Video,3,30k-50k,Maybe,100k+,Reviews,No,7
25-34,Male,Ulaanbaatar,Employee,<1M,Master,Divorce,Once,1,GovAid,ComplexProcess,SeveralDays,3,Yes,Chat,2,30k-50k,Yes,100k+,VerifiedLawyers,Yes,4
18-24,Other,Ulaanbaatar,Business Owner,2M-4M,Doctorate,Labor,SeveralPerYear,1,LawFirm,TrustIssue,Week+,4,Yes,Video,4,30k-50k,Maybe,<20k,TransparentPricing,Maybe,7
18-24,Female,Ulaanbaatar,Employee,4M-6M,Doctorate,Property,Once,2,GovAid,HighCost,<1hr,4,Yes,InPerson,2,100k+,Maybe,50k-100k,Reviews,Yes,1
55+,Male,Ulaanbaatar,Employee,1M-2M,HighSchool,Labor,FewYears,3,PersonalContact,ComplexProcess,<1hr,1,Yes,Phone,1,10k-30k,Yes,<20k,TransparentPricing,Yes,1
18-24,Female,Ulaanbaatar,Freelancer,4M-6M,Bachelor,Business,FewYears,2,PersonalContact,ComplexProcess,SeveralDays,3,Maybe,Video,2,Free,Yes,20k-50k,Reviews,Maybe,9
35-44,Male,Ulaanbaatar,Business Owner,2M-4M,Bachelor,Business,Once,5,OnlineSearch,HighCost,<1hr,3,Yes,Chat,5,10k-30k,No,20k-50k,Reviews,Yes,3
25-34,Female,Ulaanbaatar,Freelancer,2M-4M,Bachelor,Business,SeveralPerYear,3,LawFirm,HighCost,SeveralDays,2,Yes,Chat,1,Free,Maybe,<20k,VerifiedLawyers,Yes,9
25-34,Female,Other City,Employee,<1M,Bachelor,Other,Once,5,LawFirm,ComplexProcess,<1hr,5,Yes,Phone,5,Free,Maybe,<20k,Reviews,Maybe,0
25-34,Female,Other City,Employee,<1M,Master,Business,Yearly,2,OnlineSearch,TrustIssue,SeveralDays,2,Maybe,Phone,3,Free,No,50k-100k,Reviews,Yes,7
18-24,Female,Other City,Freelancer,2M-4M,Bachelor,Immigration,Once,4,OnlineSearch,ComplexProcess,Week+,4,Yes,Video,2,10k-30k,Maybe,<20k,TransparentPricing,Yes,9
25-34,Male,Ulaanbaatar,Business Owner,1M-2M,HighSchool,Labor,Yearly,5,OnlineSearch,ComplexProcess,SeveralDays,2,Maybe,Phone,5,100k+,Maybe,<20k,VerifiedLawyers,No,8
55+,Female,Ulaanbaatar,Student,<1M,Bachelor,Business,SeveralPerYear,2,LawFirm,TrustIssue,SameDay,1,Yes,Phone,5,50k-100k,Yes,50k-100k,Reviews,Yes,3
25-34,Female,Ulaanbaatar,Employee,1M-2M,Master,Business,Once,5,OnlineSearch,SlowResponse,SeveralDays,1,Yes,Chat,1,100k+,Yes,50k-100k,SecurePayments,Maybe,8
18-24,Female,Ulaanbaatar,Employee,2M-4M,HighSchool,Property,Once,3,PersonalContact,HighCost,SameDay,5,Maybe,Video,2,30k-50k,Yes,100k+,Reviews,No,7
45-54,Female,Ulaanbaatar,Student,4M-6M,Master,Labor,Once,2,PersonalContact,HighCost,SameDay,2,Yes,Video,2,10k-30k,Yes,<20k,GovPartnership,No,3
25-34,Male,Ulaanbaatar,Student,1M-2M,Bachelor,Labor,Once,5,SocialMedia,HighCost,SeveralDays,5,Yes,Chat,1,50k-100k,Yes,20k-50k,GovPartnership,No,8
35-44,Male,Ulaanbaatar,Employee,1M-2M,Bachelor,Divorce,Once,4,OnlineSearch,TrustIssue,SameDay,1,No,Video,2,10k-30k,Maybe,<20k,VerifiedLawyers,Maybe,4
25-34,Female,Ulaanbaatar,Student,<1M,Bachelor,Divorce,FewYears,3,OnlineSearch,ComplexProcess,SameDay,4,Yes,Chat,1,10k-30k,No,20k-50k,VerifiedLawyers,Maybe,0
18-24,Male,Other City,Freelancer,1M-2M,HighSchool,Other,Yearly,2,LawFirm,SlowResponse,SameDay,3,Maybe,Phone,4,10k-30k,No,20k-50k,VerifiedLawyers,No,7
35-44,Female,Ulaanbaatar,Employee,2M-4M,Master,Other,Once,4,PersonalContact,SlowResponse,SeveralDays,2,Yes,InPerson,4,100k+,Maybe,100k+,VerifiedLawyers,No,4
55+,Female,Ulaanbaatar,Business Owner,1M-2M,Bachelor,Immigration,SeveralPerYear,1,PersonalContact,SlowResponse,SameDay,1,Yes,Video,5,30k-50k,Maybe,<20k,SecurePayments,Maybe,9
35-44,Male,Ulaanbaatar,Employee,6M+,HighSchool,Criminal,FewYears,2,OnlineSearch,TrustIssue,SameDay,4,Yes,Video,1,30k-50k,Yes,20k-50k,SecurePayments,Yes,5
35-44,Male,Ulaanbaatar,Student,<1M,Bachelor,Criminal,FewYears,3,OnlineSearch,HighCost,SeveralDays,2,Maybe,Chat,4,30k-50k,No,<20k,TransparentPricing,No,9
45-54,Female,Ulaanbaatar,Unemployed,<1M,HighSchool,Business,Yearly,1,OnlineSearch,HighCost,Week+,4,Yes,Chat,2,30k-50k,Yes,20k-50k,VerifiedLawyers,Yes,10
55+,Male,Ulaanbaatar,Employee,<1M,Master,Business,Once,5,SocialMedia,SlowResponse,SeveralDays,1,Maybe,Chat,4,30k-50k,Yes,100k+,Reviews,No,2
18-24,Female,Other City,Employee,2M-4M,Bachelor,Criminal,FewYears,5,GovAid,ComplexProcess,SameDay,5,Yes,InPerson,5,10k-30k,No,<20k,Reviews,Yes,10
25-34,Female,Ulaanbaatar,Employee,1M-2M,Bachelor,Divorce,Yearly,3,OnlineSearch,TrustIssue,SeveralDays,4,Yes,Phone,1,10k-30k,Maybe,20k-50k,Reviews,Maybe,10
25-34,Female,Rural,Business Owner,1M-2M,Bachelor,Divorce,Once,8,PersonalContact,Transparency,<1hr,5,Maybe,Video,0,30k-50k,Maybe,100k+,TransparentPricing,Yes,6
18-24,Male,Ulaanbaatar,Employee,6M+,Bachelor,Property,Once,1,PersonalContact,SlowResponse,SeveralDays,4,Maybe,Chat,2,10k-30k,Yes,<20k,SecurePayments,Maybe,6
25-34,Male,Ulaanbaatar,Employee,2M-4M,Doctorate,Divorce,Once,5,LawFirm,TrustIssue,SeveralDays,1,Yes,Chat,4,100k+,No,<20k,VerifiedLawyers,Yes,2
18-24,Female,Ulaanbaatar,Student,2M-4M,Doctorate,Divorce,FewYears,5,OnlineSearch,ComplexProcess,SameDay,3,Maybe,Chat,1,10k-30k,Maybe,100k+,Reviews,Yes,1
35-44,Female,Ulaanbaatar,Business Owner,4M-6M,Bachelor,Criminal,FewYears,5,SocialMedia,HighCost,SameDay,1,No,Video,3,30k-50k,No,20k-50k,GovPartnership,Maybe,8
25-34,Male,Rural,Employee,<1M,Bachelor,Business,Yearly,5,PersonalContact,SlowResponse,Week+,2,Maybe,InPerson,3,30k-50k,Maybe,20k-50k,TransparentPricing,Yes,7
18-24,Male,Other City,Employee,4M-6M,HighSchool,Divorce,SeveralPerYear,3,SocialMedia,Transparency,SameDay,4,Yes,Phone,4,Free,Yes,20k-50k,TransparentPricing,Maybe,9
18-24,Female,Ulaanbaatar,Employee,1M-2M,Master,Business,FewYears,4,OnlineSearch,Transparency,Week+,2,Yes,Chat,3,10k-30k,Maybe,50k-100k,Reviews,Maybe,4
45-54,Female,Ulaanbaatar,Freelancer,2M-4M,HighSchool,Business,FewYears,4,LawFirm,SlowResponse,SameDay,4,Yes,Chat,4,10k-30k,Maybe,100k+,SecurePayments,No,6
45-54,Female,Ulaanbaatar,Student,1M-2M,HighSchool,Criminal,Once,4,PersonalContact,Transparency,SeveralDays,3,Yes,InPerson,3,30k-50k,Yes,20k-50k,GovPartnership,Yes,9
45-54,Male,Other City,Business Owner,2M-4M,Bachelor,Labor,Once,4,PersonalContact,Transparency,Week+,3,Yes,Phone,4,10k-30k,Yes,50k-100k,GovPartnership,Yes,7
18-24,Female,Other City,Employee,4M-6M,Master,Criminal,Yearly,5,SocialMedia,HighCost,SeveralDays,3,Maybe,Chat,3,10k-30k,Yes,100k+,TransparentPricing,Maybe,9
25-34,Female,Ulaanbaatar,Employee,6M+,Bachelor,Criminal,Once,4,PersonalContact,Transparency,SameDay,1,Maybe,Video,1,30k-50k,Maybe,50k-100k,GovPartnership,Yes,4
25-34,Female,Ulaanbaatar,Employee,2M-4M,HighSchool,Property,Once,5,PersonalContact,Transparency,SeveralDays,4,Maybe,Video,5,10k-30k,Yes,20k-50k,TransparentPricing,Yes,2
45-54,Male,Rural,Unemployed,<1M,HighSchool,Business,Once,1,PersonalContact,ComplexProcess,Week+,5,Yes,Chat,1,100k+,Yes,20k-50k,VerifiedLawyers,Yes,1
18-24,Female,Other City,Student,4M-6M,HighSchool,Divorce,Yearly,3,OnlineSearch,SlowResponse,SameDay,5,Maybe,InPerson,4,50k-100k,Yes,20k-50k,SecurePayments,No,0
18-24,Other,Ulaanbaatar,Student,<1M,HighSchool,Other,Once,2,OnlineSearch,SlowResponse,SeveralDays,1,No,Chat,2,50k-100k,Yes,20k-50k,Reviews,No,1
35-44,Male,Other City,Employee,4M-6M,HighSchool,Criminal,Once,3,PersonalContact,HighCost,Week+,3,Yes,Video,4,10k-30k,Yes,<20k,VerifiedLawyers,No,2
18-24,Male,Ulaanbaatar,Student,1M-2M,Bachelor,Labor,FewYears,3,LawFirm,TrustIssue,SeveralDays,2,Yes,Video,4,30k-50k,Maybe,<20k,GovPartnership,No,8
25-34,Female,Other City,Business Owner,4M-6M,Bachelor,Business,Once,5,PersonalContact,HighCost,Week+,2,Maybe,Phone,1,30k-50k,Yes,20k-50k,TransparentPricing,Yes,2
35-44,Male,Ulaanbaatar,Employee,1M-2M,HighSchool,Divorce,Yearly,5,PersonalContact,HighCost,<1hr,4,Maybe,Chat,2,30k-50k,Yes,50k-100k,VerifiedLawyers,Maybe,3
18-24,Male,Other City,Business Owner,2M-4M,Doctorate,Other,Yearly,5,PersonalContact,SlowResponse,Week+,2,Yes,Phone,2,10k-30k,Maybe,<20k,GovPartnership,No,9
18-24,Female,Ulaanbaatar,Student,1M-2M,Bachelor,Divorce,Once,2,PersonalContact,TrustIssue,Week+,4,Yes,Chat,2,10k-30k,Yes,<20k,SecurePayments,Maybe,0
35-44,Male,Ulaanbaatar,Employee,2M-4M,Master,Divorce,Once,1,OnlineSearch,HighCost,Week+,5,Yes,Chat,2,50k-100k,Maybe,100k+,Reviews,No,10
35-44,Female,Rural,Employee,2M-4M,HighSchool,Divorce,Once,3,LawFirm,HighCost,<1hr,3,Yes,Video,1,100k+,Yes,50k-100k,Reviews,Yes,2
55+,Female,Ulaanbaatar,Student,1M-2M,Bachelor,Immigration,FewYears,1,PersonalContact,HighCost,SameDay,4,Maybe,Phone,3,10k-30k,No,50k-100k,GovPartnership,Maybe,5
18-24,Male,Ulaanbaatar,Student,<1M,Bachelor,Criminal,Once,5,OnlineSearch,ComplexProcess,SeveralDays,3,Yes,Video,5,10k-30k,Yes,<20k,GovPartnership,Maybe,6
25-34,Male,Ulaanbaatar,Employee,4M-6M,Bachelor,Business,Once,2,LawFirm,HighCost,SeveralDays,3,No,Video,5,50k-100k,No,50k-100k,VerifiedLawyers,Maybe,5
18-24,Female,Ulaanbaatar,Student,2M-4M,Master,Divorce,Once,4,PersonalContact,TrustIssue,SameDay,4,Maybe,Phone,4,30k-50k,Maybe,20k-50k,VerifiedLawyers,Maybe,1
25-34,Female,Ulaanbaatar,Student,6M+,Master,Immigration,Once,1,PersonalContact,HighCost,SeveralDays,4,Maybe,Chat,2,30k-50k,Yes,<20k,SecurePayments,Yes,7
18-24,Female,Ulaanbaatar,Employee,1M-2M,Bachelor,Criminal,Once,1,GovAid,SlowResponse,SameDay,1,Yes,Video,4,30k-50k,Maybe,20k-50k,Reviews,Yes,1
25-34,Male,Rural,Employee,<1M,HighSchool,Business,Once,1,PersonalContact,ComplexProcess,Week+,4,No,Phone,5,10k-30k,No,<20k,GovPartnership,Maybe,2
35-44,Female,Ulaanbaatar,Employee,<1M,Bachelor,Immigration,Once,4,PersonalContact,ComplexProcess,SeveralDays,1,Yes,Chat,4,Free,Maybe,<20k,SecurePayments,Maybe,6
35-44,Female,Other City,Employee,1M-2M,Bachelor,Divorce,FewYears,2,LawFirm,ComplexProcess,SameDay,4,Yes,Phone,1,10k-30k,No,20k-50k,GovPartnership,Maybe,8
35-44,Other,Other City,Student,1M-2M,Bachelor,Divorce,Once,2,GovAid,TrustIssue,SameDay,5,Yes,Video,2,10k-30k,Maybe,100k+,TransparentPricing,Maybe,0
18-24,Female,Ulaanbaatar,Employee,2M-4M,Doctorate,Criminal,Once,3,PersonalContact,ComplexProcess,SeveralDays,5,No,Chat,5,50k-100k,Yes,20k-50k,GovPartnership,Yes,10
18-24,Male,Ulaanbaatar,Student,Unknown,HighSchool,Divorce,Once,4,LawFirm,ComplexProcess,SameDay,5,Maybe,Chat,1,30k-50k,Yes,20k-50k,GovPartnership,Maybe,2
45-54,Female,Ulaanbaatar,Employee,2M-4M,HighSchool,Divorce,Once,2,OnlineSearch,Transparency,SameDay,5,Yes,Video,4,100k+,Yes,20k-50k,SecurePayments,Maybe,6
25-34,Female,Ulaanbaatar,Student,1M-2M,HighSchool,Divorce,SeveralPerYear,3,OnlineSearch,TrustIssue,Week+,5,Maybe,Phone,4,30k-50k,Maybe,50k-100k,VerifiedLawyers,Maybe,10
25-34,Female,Ulaanbaatar,Student,Unknown,Bachelor,Divorce,Once,1,GovAid,HighCost,Week+,2,Maybe,Phone,3,Free,No,50k-100k,SecurePayments,Maybe,0
18-24,Female,Ulaanbaatar,Business Owner,1M-2M,Bachelor,Immigration,Once,3,OnlineSearch,ComplexProcess,SeveralDays,5,Maybe,Video,2,100k+,No,20k-50k,GovPartnership,Maybe,0
25-34,Female,Ulaanbaatar,Freelancer,2M-4M,Master,Property,SeveralPerYear,2,OnlineSearch,SlowResponse,SameDay,4,No,InPerson,2,30k-50k,Yes,20k-50k,SecurePayments,Maybe,3
35-44,Other,Other City,Unemployed,2M-4M,Bachelor,Business,FewYears,3,GovAid,ComplexProcess,Week+,3,Yes,InPerson,2,Free,Maybe,<20k,GovPartnership,No,7
18-24,Female,Other City,Student,<1M,Bachelor,Immigration,FewYears,2,PersonalContact,Transparency,SeveralDays,3,Yes,Phone,4,10k-30k,Yes,<20k,Reviews,Maybe,3
18-24,Female,Other City,Freelancer,4M-6M,HighSchool,Criminal,Once,5,SocialMedia,ComplexProcess,SameDay,3,Maybe,Chat,2,Free,Maybe,<20k,VerifiedLawyers,No,5
25-34,Male,Other City,Employee,6M+,Bachelor,Immigration,FewYears,4,OnlineSearch,TrustIssue,SameDay,2,Yes,Chat,1,10k-30k,Maybe,20k-50k,TransparentPricing,Maybe,10
55+,Male,Ulaanbaatar,Student,1M-2M,Bachelor,Business,Once,2,PersonalContact,Transparency,Week+,1,Maybe,Phone,2,30k-50k,Maybe,20k-50k,SecurePayments,Yes,4
18-24,Male,Other City,Student,2M-4M,HighSchool,Business,Once,2,PersonalContact,HighCost,<1hr,2,Yes,Chat,5,30k-50k,No,<20k,SecurePayments,No,2
18-24,Female,Ulaanbaatar,Student,6M+,Bachelor,Immigration,Once,3,OnlineSearch,SlowResponse,<1hr,2,Yes,Chat,3,50k-100k,No,<20k,SecurePayments,No,4
35-44,Male,Ulaanbaatar,Employee,<1M,Bachelor,Divorce,Yearly,3,PersonalContact,HighCost,Week+,3,Yes,Chat,2,10k-30k,No,100k+,SecurePayments,Maybe,8
45-54,Female,Ulaanbaatar,Employee,6M+,Bachelor,Divorce,FewYears,3,GovAid,SlowResponse,Week+,4,No,Chat,2,10k-30k,Yes,20k-50k,Reviews,Yes,0
25-34,Male,Ulaanbaatar,Business Owner,6M+,HighSchool,Business,FewYears,4,GovAid,Transparency,SameDay,5,No,Phone,3,30k-50k,Yes,<20k,Reviews,Maybe,4
45-54,Female,Ulaanbaatar,Business Owner,2M-4M,Master,Business,FewYears,5,SocialMedia,SlowResponse,Week+,2,Yes,Video,1,50k-100k,Maybe,50k-100k,Reviews,Yes,7
18-24,Female,Rural,Freelancer,2M-4M,Doctorate,Other,Once,1,OnlineSearch,ComplexProcess,SeveralDays,3,Yes,Video,4,10k-30k,Maybe,50k-100k,Reviews,Maybe,1
18-24,Male,Ulaanbaatar,Student,<1M,Master,Property,Once,3,PersonalContact,SlowResponse,SeveralDays,1,No,InPerson,4,50k-100k,No,50k-100k,Reviews,Yes,5
18-24,Male,Ulaanbaatar,Business Owner,2M-4M,HighSchool,Property,Once,2,OnlineSearch,TrustIssue,Week+,3,No,Chat,1,30k-50k,No,<20k,Reviews,No,2
25-34,Other,Ulaanbaatar,Student,1M-2M,Doctorate,Business,FewYears,4,OnlineSearch,SlowResponse,<1hr,5,Maybe,Chat,3,50k-100k,Maybe,20k-50k,TransparentPricing,Yes,7
45-54,Female,Ulaanbaatar,Employee,<1M,Master,Labor,Once,5,PersonalContact,Transparency,SeveralDays,4,Yes,InPerson,5,Free,Maybe,50k-100k,TransparentPricing,Maybe,5
25-34,Female,Ulaanbaatar,Freelancer,4M-6M,Bachelor,Divorce,FewYears,1,PersonalContact,SlowResponse,Week+,1,Yes,InPerson,4,30k-50k,Yes,20k-50k,GovPartnership,No,1
18-24,Female,Other City,Student,1M-2M,Bachelor,Criminal,FewYears,2,LawFirm,Transparency,<1hr,3,Maybe,Chat,1,30k-50k,Yes,50k-100k,TransparentPricing,Maybe,1
35-44,Female,Rural,Unemployed,<1M,Master,Business,FewYears,3,OnlineSearch,ComplexProcess,SeveralDays,1,Yes,Chat,5,10k-30k,No,20k-50k,GovPartnership,Yes,0
35-44,Male,Ulaanbaatar,Student,2M-4M,HighSchool,Immigration,Once,3,LawFirm,Transparency,<1hr,1,Maybe,InPerson,2,100k+,Maybe,20k-50k,GovPartnership,Maybe,5
18-24,Male,Ulaanbaatar,Employee,1M-2M,Bachelor,Business,Once,4,PersonalContact,Transparency,Week+,1,Maybe,Video,2,10k-30k,Yes,50k-100k,SecurePayments,Yes,2
35-44,Male,Ulaanbaatar,Student,1M-2M,Master,Divorce,FewYears,1,GovAid,Transparency,Week+,4,Maybe,Video,3,10k-30k,Yes,20k-50k,TransparentPricing,Yes,4
45-54,Female,Ulaanbaatar,Unemployed,1M-2M,HighSchool,Criminal,SeveralPerYear,2,LawFirm,TrustIssue,<1hr,2,Yes,Video,5,30k-50k,Yes,50k-100k,GovPartnership,No,1
25-34,Female,Other City,Student,6M+,Bachelor,Property,Once,3,LawFirm,ComplexProcess,<1hr,2,Yes,Video,5,10k-30k,Maybe,100k+,Reviews,No,3
18-24,Female,Rural,Unemployed,<1M,Master,Criminal,Yearly,1,OnlineSearch,ComplexProcess,SeveralDays,5,No,Chat,2,10k-30k,Maybe,100k+,Reviews,Maybe,10
25-34,Male,Ulaanbaatar,Employee,1M-2M,Bachelor,Criminal,Yearly,3,PersonalContact,SlowResponse,SeveralDays,5,Yes,Phone,3,10k-30k,Maybe,100k+,SecurePayments,Maybe,10
55+,Female,Rural,Student,2M-4M,Bachelor,Property,Once,1,LawFirm,SlowResponse,Week+,4,Yes,Phone,5,Free,Maybe,20k-50k,SecurePayments,No,3
35-44,Female,Ulaanbaatar,Student,4M-6M,Bachelor,Labor,FewYears,3,OnlineSearch,HighCost,SeveralDays,5,Yes,InPerson,5,10k-30k,Maybe,<20k,Reviews,No,7
35-44,Male,Ulaanbaatar,Employee,1M-2M,HighSchool,Property,Yearly,4,SocialMedia,ComplexProcess,SeveralDays,2,Yes,Chat,4,100k+,Yes,<20k,GovPartnership,Maybe,3
35-44,Female,Ulaanbaatar,Student,2M-4M,Bachelor,Labor,FewYears,1,OnlineSearch,SlowResponse,Week+,4,Yes,Phone,3,10k-30k,Yes,50k-100k,Reviews,No,8
55+,Female,Other City,Freelancer,6M+,Bachelor,Divorce,FewYears,2,PersonalContact,HighCost,SeveralDays,1,Yes,InPerson,1,10k-30k,Yes,<20k,Reviews,No,3
35-44,Male,Ulaanbaatar,Employee,1M-2M,Bachelor,Business,SeveralPerYear,1,SocialMedia,Transparency,SameDay,5,No,InPerson,5,10k-30k,No,20k-50k,SecurePayments,Maybe,10
18-24,Female,Ulaanbaatar,Student,Unknown,Bachelor,Divorce,SeveralPerYear,2,LawFirm,TrustIssue,SameDay,5,Yes,InPerson,5,50k-100k,Maybe,20k-50k,VerifiedLawyers,No,9
18-24,Female,Rural,Employee,6M+,HighSchool,Immigration,Yearly,5,OnlineSearch,ComplexProcess,SeveralDays,4,Maybe,Chat,1,Free,No,20k-50k,SecurePayments,No,10
18-24,Female,Ulaanbaatar,Student,4M-6M,HighSchool,Property,SeveralPerYear,4,OnlineSearch,Transparency,SameDay,1,Maybe,Chat,5,10k-30k,No,20k-50k,TransparentPricing,Yes,10
18-24,Female,Ulaanbaatar,Freelancer,1M-2M,Bachelor,Property,FewYears,4,OnlineSearch,HighCost,SameDay,1,Maybe,InPerson,1,Free,Maybe,50k-100k,VerifiedLawyers,Yes,3
18-24,Male,Rural,Unemployed,4M-6M,HighSchool,Property,Once,4,SocialMedia,ComplexProcess,SeveralDays,3,No,Chat,1,30k-50k,Yes,20k-50k,VerifiedLawyers,Maybe,8
45-54,Female,Rural,Employee,2M-4M,Bachelor,Property,Once,4,PersonalContact,HighCost,SeveralDays,2,Yes,Video,5,30k-50k,No,20k-50k,VerifiedLawyers,Maybe,2
55+,Female,Other City,Student,2M-4M,Master,Other,Once,3,LawFirm,ComplexProcess,SameDay,3,Yes,Chat,5,10k-30k,Maybe,100k+,SecurePayments,Maybe,0
18-24,Male,Ulaanbaatar,Unemployed,2M-4M,Master,Business,Once,1,OnlineSearch,ComplexProcess,SameDay,1,Maybe,Chat,3,30k-50k,Yes,20k-50k,TransparentPricing,No,5
18-24,Female,Ulaanbaatar,Freelancer,<1M,HighSchool,Business,Yearly,3,GovAid,TrustIssue,SeveralDays,3,No,Phone,3,30k-50k,Yes,50k-100k,Reviews,Maybe,4
45-54,Female,Rural,Employee,2M-4M,Doctorate,Divorce,FewYears,5,LawFirm,ComplexProcess,Week+,4,Yes,Chat,4,10k-30k,Maybe,100k+,TransparentPricing,No,7
25-34,Male,Ulaanbaatar,Freelancer,<1M,Bachelor,Business,SeveralPerYear,3,OnlineSearch,HighCost,<1hr,5,Maybe,Chat,1,10k-30k,Maybe,20k-50k,SecurePayments,No,9
18-24,Female,Ulaanbaatar,Business Owner,2M-4M,Bachelor,Business,Once,2,OnlineSearch,TrustIssue,SeveralDays,3,Yes,Video,4,10k-30k,Maybe,<20k,TransparentPricing,Maybe,6
25-34,Female,Ulaanbaatar,Employee,2M-4M,Bachelor,Property,Once,4,LawFirm,SlowResponse,SameDay,3,Maybe,Phone,4,Free,Maybe,20k-50k,SecurePayments,Yes,0
18-24,Female,Ulaanbaatar,Student,1M-2M,Master,Labor,Once,3,SocialMedia,Transparency,Week+,3,Yes,Video,5,100k+,Yes,50k-100k,TransparentPricing,No,9
55+,Female,Other City,Freelancer,<1M,HighSchool,Criminal,FewYears,3,SocialMedia,SlowResponse,SeveralDays,3,No,Chat,1,10k-30k,Yes,20k-50k,SecurePayments,Yes,9
18-24,Male,Other City,Freelancer,1M-2M,Master,Other,FewYears,2,OnlineSearch,TrustIssue,SeveralDays,5,No,Phone,2,30k-50k,Yes,20k-50k,VerifiedLawyers,Maybe,7
35-44,Male,Ulaanbaatar,Business Owner,<1M,Master,Immigration,SeveralPerYear,5,LawFirm,ComplexProcess,SeveralDays,1,Maybe,Phone,4,30k-50k,No,20k-50k,VerifiedLawyers,No,7
55+,Female,Ulaanbaatar,Student,1M-2M,HighSchool,Labor,FewYears,4,GovAid,HighCost,Week+,3,Maybe,Chat,4,10k-30k,Maybe,50k-100k,TransparentPricing,Yes,8
35-44,Male,Other City,Employee,1M-2M,Bachelor,Labor,FewYears,3,OnlineSearch,ComplexProcess,SameDay,4,Maybe,Phone,4,30k-50k,Yes,<20k,GovPartnership,No,3
18-24,Male,Ulaanbaatar,Unemployed,1M-2M,Bachelor,Immigration,Once,4,PersonalContact,SlowResponse,Week+,5,Yes,Chat,1,10k-30k,No,50k-100k,VerifiedLawyers,No,8
25-34,Male,Ulaanbaatar,Freelancer,<1M,Bachelor,Divorce,SeveralPerYear,4,OnlineSearch,ComplexProcess,<1hr,3,No,Video,1,50k-100k,No,20k-50k,SecurePayments,No,7
18-24,Female,Other City,Freelancer,1M-2M,Master,Immigration,FewYears,5,OnlineSearch,HighCost,SeveralDays,2,Maybe,Chat,4,50k-100k,No,50k-100k,TransparentPricing,Yes,2
45-54,Female,Ulaanbaatar,Employee,2M-4M,Master,Divorce,Once,4,PersonalContact,ComplexProcess,<1hr,5,Yes,Phone,5,10k-30k,No,<20k,VerifiedLawyers,Maybe,6
35-44,Female,Ulaanbaatar,Student,2M-4M,Master,Business,Once,1,OnlineSearch,HighCost,SameDay,5,Maybe,Chat,2,50k-100k,Maybe,<20k,Reviews,Maybe,6
55+,Female,Ulaanbaatar,Employee,<1M,Master,Divorce,FewYears,2,OnlineSearch,HighCost,Week+,2,Yes,Chat,1,100k+,Yes,<20k,SecurePayments,No,2
18-24,Male,Ulaanbaatar,Business Owner,Unknown,Bachelor,Divorce,FewYears,3,LawFirm,TrustIssue,SeveralDays,2,Yes,Video,3,30k-50k,Maybe,50k-100k,VerifiedLawyers,Maybe,6
25-34,Male,Ulaanbaatar,Freelancer,1M-2M,Bachelor,Divorce,Once,2,OnlineSearch,SlowResponse,SameDay,1,Yes,Phone,4,10k-30k,No,<20k,Reviews,Yes,9
25-34,Female,Rural,Unemployed,1M-2M,HighSchool,Divorce,SeveralPerYear,2,GovAid,TrustIssue,Week+,2,Yes,Video,2,100k+,Maybe,<20k,SecurePayments,Yes,9
18-24,Male,Ulaanbaatar,Employee,<1M,Master,Divorce,FewYears,1,SocialMedia,ComplexProcess,SeveralDays,5,Maybe,Chat,3,10k-30k,Maybe,<20k,VerifiedLawyers,Maybe,5
35-44,Female,Rural,Employee,<1M,Master,Labor,Once,4,PersonalContact,ComplexProcess,SeveralDays,2,Yes,Video,2,30k-50k,Maybe,<20k,VerifiedLawyers,Maybe,0
25-34,Male,Ulaanbaatar,Student,2M-4M,Master,Labor,Once,2,SocialMedia,ComplexProcess,SeveralDays,1,Maybe,Chat,1,Free,Yes,<20k,TransparentPricing,Maybe,9
25-34,Male,Other City,Employee,1M-2M,HighSchool,Divorce,FewYears,3,GovAid,Transparency,SeveralDays,3,Yes,Chat,5,Free,Yes,100k+,VerifiedLawyers,Maybe,8
25-34,Female,Ulaanbaatar,Employee,<1M,Bachelor,Criminal,Once,1,PersonalContact,ComplexProcess,SeveralDays,3,Yes,InPerson,2,10k-30k,No,20k-50k,Reviews,Yes,1
35-44,Female,Ulaanbaatar,Employee,1M-2M,Master,Other,Yearly,2,PersonalContact,ComplexProcess,SameDay,3,Yes,Chat,3,10k-30k,No,<20k,GovPartnership,Maybe,10
25-34,Female,Ulaanbaatar,Student,4M-6M,Bachelor,Property,FewYears,3,PersonalContact,SlowResponse,Week+,1,Yes,Video,5,30k-50k,Maybe,50k-100k,TransparentPricing,Maybe,7
55+,Female,Other City,Student,1M-2M,HighSchool,Divorce,FewYears,1,GovAid,ComplexProcess,<1hr,3,Yes,InPerson,4,Free,Maybe,20k-50k,TransparentPricing,No,5
45-54,Female,Ulaanbaatar,Employee,<1M,Master,Business,FewYears,4,OnlineSearch,SlowResponse,SameDay,4,Yes,InPerson,5,50k-100k,No,100k+,Reviews,No,10
18-24,Male,Rural,Employee,1M-2M,Bachelor,Labor,FewYears,4,SocialMedia,SlowResponse,Week+,4,Maybe,Phone,1,30k-50k,Maybe,20k-50k,TransparentPricing,Yes,10
45-54,Male,Ulaanbaatar,Student,1M-2M,HighSchool,Criminal,Yearly,5,SocialMedia,TrustIssue,SeveralDays,1,No,InPerson,2,50k-100k,Maybe,50k-100k,GovPartnership,Yes,6
35-44,Female,Ulaanbaatar,Employee,<1M,Bachelor,Business,Yearly,2,LawFirm,SlowResponse,<1hr,1,Yes,Chat,5,10k-30k,Maybe,50k-100k,SecurePayments,Yes,5
18-24,Female,Ulaanbaatar,Business Owner,4M-6M,HighSchool,Divorce,FewYears,5,OnlineSearch,Transparency,Week+,2,No,Chat,4,30k-50k,Yes,100k+,VerifiedLawyers,Maybe,9
55+,Female,Ulaanbaatar,Business Owner,1M-2M,Bachelor,Immigration,Once,1,SocialMedia,HighCost,SeveralDays,1,Maybe,Chat,3,Free,Maybe,20k-50k,VerifiedLawyers,Yes,10
35-44,Female,Other City,Business Owner,4M-6M,Bachelor,Divorce,FewYears,2,PersonalContact,TrustIssue,SeveralDays,4,Yes,Chat,1,50k-100k,Maybe,<20k,VerifiedLawyers,No,6
35-44,Male,Ulaanbaatar,Employee,2M-4M,Bachelor,Other,FewYears,1,LawFirm,SlowResponse,SameDay,5,Maybe,Chat,3,50k-100k,Maybe,20k-50k,GovPartnership,Yes,2
45-54,Female,Rural,Unemployed,<1M,HighSchool,Labor,Once,1,OnlineSearch,TrustIssue,Week+,1,Maybe,Video,1,10k-30k,Yes,20k-50k,Reviews,Yes,0
45-54,Other,Rural,Employee,4M-6M,Master,Other,Once,5,GovAid,TrustIssue,SeveralDays,1,Yes,InPerson,1,50k-100k,No,<20k,Reviews,Maybe,8
18-24,Female,Ulaanbaatar,Freelancer,<1M,Bachelor,Divorce,Once,2,LawFirm,SlowResponse,Week+,3,Yes,InPerson,4,50k-100k,Yes,20k-50k,VerifiedLawyers,Yes,0
45-54,Male,Ulaanbaatar,Business Owner,2M-4M,HighSchool,Immigration,Once,3,GovAid,ComplexProcess,SeveralDays,2,No,Video,2,Free,Maybe,50k-100k,VerifiedLawyers,Yes,4
18-24,Male,Ulaanbaatar,Employee,1M-2M,Bachelor,Divorce,Once,4,OnlineSearch,Transparency,SameDay,5,Yes,InPerson,5,50k-100k,Yes,100k+,GovPartnership,Maybe,9
45-54,Male,Ulaanbaatar,Employee,2M-4M,Bachelor,Immigration,Once,3,GovAid,TrustIssue,SeveralDays,3,Yes,InPerson,5,10k-30k,Yes,20k-50k,TransparentPricing,No,2
25-34,Female,Other City,Employee,<1M,Doctorate,Divorce,Once,1,SocialMedia,Transparency,SeveralDays,4,Yes,Chat,1,30k-50k,Yes,<20k,VerifiedLawyers,Maybe,3
35-44,Male,Other City,Student,2M-4M,HighSchool,Business,Once,1,OnlineSearch,HighCost,SeveralDays,2,Yes,InPerson,5,30k-50k,Yes,100k+,VerifiedLawyers,No,3
18-24,Female,Ulaanbaatar,Employee,4M-6M,HighSchool,Business,Once,1,LawFirm,ComplexProcess,<1hr,3,Yes,Phone,4,10k-30k,Yes,20k-50k,Reviews,No,0
35-44,Male,Ulaanbaatar,Employee,1M-2M,Master,Divorce,SeveralPerYear,1,PersonalContact,SlowResponse,SameDay,3,Yes,Video,5,30k-50k,Yes,20k-50k,TransparentPricing,Maybe,2
35-44,Male,Rural,Business Owner,<1M,Bachelor,Divorce,Yearly,1,PersonalContact,HighCost,Week+,3,Yes,InPerson,3,10k-30k,Maybe,50k-100k,TransparentPricing,Yes,9
18-24,Female,Ulaanbaatar,Student,2M-4M,HighSchool,Property,SeveralPerYear,3,LawFirm,ComplexProcess,SeveralDays,5,Yes,Phone,4,10k-30k,Maybe,50k-100k,TransparentPricing,Maybe,4
45-54,Male,Ulaanbaatar,Student,2M-4M,Doctorate,Business,Yearly,1,PersonalContact,SlowResponse,Week+,1,No,Video,4,10k-30k,No,50k-100k,SecurePayments,Maybe,1
35-44,Male,Other City,Student,1M-2M,Master,Immigration,FewYears,0,SocialMedia,HighCost,SeveralDays,5,No,Chat,0,30k-50k,Yes,50k-100k,SecurePayments,No,4
25-34,Male,Rural,Employee,1M-2M,HighSchool,Labor,Once,3,OnlineSearch,ComplexProcess,SameDay,2,Yes,Phone,2,10k-30k,Yes,20k-50k,TransparentPricing,Maybe,4
35-44,Male,Ulaanbaatar,Freelancer,4M-6M,Bachelor,Divorce,Once,1,OnlineSearch,HighCost,SameDay,5,Yes,Video,1,30k-50k,Maybe,20k-50k,TransparentPricing,Maybe,7
25-34,Male,Ulaanbaatar,Student,1M-2M,Master,Criminal,Yearly,1,PersonalContact,TrustIssue,SameDay,2,Maybe,Video,5,10k-30k,Yes,20k-50k,VerifiedLawyers,Maybe,6
25-34,Male,Ulaanbaatar,Employee,<1M,HighSchool,Business,Once,1,PersonalContact,TrustIssue,<1hr,1,Yes,Chat,5,30k-50k,Maybe,20k-50k,TransparentPricing,Maybe,5
18-24,Female,Ulaanbaatar,Employee,4M-6M,Bachelor,Criminal,Yearly,4,PersonalContact,SlowResponse,SameDay,2,Maybe,Chat,1,10k-30k,Maybe,100k+,GovPartnership,Maybe,7
25-34,Male,Ulaanbaatar,Student,<1M,Bachelor,Divorce,Yearly,4,PersonalContact,Transparency,<1hr,1,Yes,InPerson,1,30k-50k,Maybe,20k-50k,Reviews,No,6
35-44,Female,Ulaanbaatar,Student,2M-4M,HighSchool,Labor,FewYears,3,LawFirm,SlowResponse,Week+,1,Yes,Chat,1,50k-100k,Yes,50k-100k,VerifiedLawyers,Maybe,10
25-34,Female,Ulaanbaatar,Student,4M-6M,HighSchool,Labor,Once,3,OnlineSearch,TrustIssue,SameDay,1,Maybe,Chat,5,10k-30k,No,<20k,Reviews,No,10
18-24,Male,Ulaanbaatar,Employee,4M-6M,HighSchool,Immigration,SeveralPerYear,5,SocialMedia,SlowResponse,SeveralDays,1,Yes,Video,5,30k-50k,No,<20k,SecurePayments,No,9
35-44,Male,Ulaanbaatar,Business Owner,1M-2M,Bachelor,Divorce,Once,1,LawFirm,HighCost,Week+,2,Yes,Chat,5,10k-30k,Maybe,20k-50k,Reviews,No,10
35-44,Female,Ulaanbaatar,Student,1M-2M,Master,Business,Once,3,LawFirm,TrustIssue,Week+,1,Yes,Chat,2,Free,Yes,20k-50k,TransparentPricing,Maybe,10
18-24,Male,Other City,Employee,1M-2M,Bachelor,Other,FewYears,3,PersonalContact,ComplexProcess,SeveralDays,2,No,Chat,4,100k+,Maybe,20k-50k,SecurePayments,Maybe,2
35-44,Female,Ulaanbaatar,Student,1M-2M,Bachelor,Labor,Once,2,LawFirm,HighCost,SameDay,5,Maybe,Chat,4,100k+,Maybe,<20k,Reviews,Yes,4
45-54,Other,Other City,Student,6M+,Master,Criminal,Once,5,PersonalContact,Transparency,Week+,5,Yes,Chat,1,50k-100k,Maybe,20k-50k,VerifiedLawyers,Yes,7
25-34,Male,Other City,Employee,1M-2M,Master,Business,Once,1,PersonalContact,TrustIssue,SameDay,3,Yes,Chat,1,100k+,Maybe,20k-50k,VerifiedLawyers,No,1
25-34,Female,Ulaanbaatar,Employee,1M-2M,HighSchool,Business,Once,5,SocialMedia,SlowResponse,SameDay,3,No,InPerson,5,50k-100k,Yes,50k-100k,GovPartnership,Maybe,2
18-24,Male,Ulaanbaatar,Student,2M-4M,HighSchool,Other,SeveralPerYear,1,OnlineSearch,Transparency,SameDay,2,Yes,Chat,2,Free,Yes,<20k,TransparentPricing,Yes,8
35-44,Male,Ulaanbaatar,Employee,Unknown,Bachelor,Criminal,FewYears,2,PersonalContact,Transparency,SameDay,2,Yes,Chat,2,100k+,Yes,20k-50k,TransparentPricing,Yes,6
18-24,Male,Ulaanbaatar,Student,<1M,HighSchool,Criminal,Once,4,OnlineSearch,TrustIssue,SeveralDays,4,Yes,Chat,4,10k-30k,Yes,50k-100k,SecurePayments,No,4
25-34,Male,Ulaanbaatar,Employee,2M-4M,Doctorate,Criminal,Yearly,2,OnlineSearch,SlowResponse,SameDay,3,Yes,Chat,5,Free,Yes,20k-50k,TransparentPricing,Yes,3
25-34,Male,Ulaanbaatar,Business Owner,<1M,Master,Other,Once,3,OnlineSearch,HighCost,SameDay,5,Yes,InPerson,4,50k-100k,Yes,50k-100k,SecurePayments,Maybe,2
45-54,Male,Ulaanbaatar,Employee,<1M,HighSchool,Property,Once,4,OnlineSearch,TrustIssue,SeveralDays,1,Maybe,Chat,2,30k-50k,No,20k-50k,Reviews,Yes,7
25-34,Female,Other City,Employee,2M-4M,Bachelor,Divorce,FewYears,5,PersonalContact,HighCost,<1hr,3,Maybe,Chat,3,Free,Yes,<20k,SecurePayments,Yes,3
45-54,Male,Ulaanbaatar,Student,4M-6M,Master,Criminal,FewYears,3,OnlineSearch,ComplexProcess,Week+,4,Yes,InPerson,5,30k-50k,Yes,20k-50k,GovPartnership,Maybe,1
18-24,Male,Other City,Business Owner,<1M,HighSchool,Property,Once,1,SocialMedia,SlowResponse,<1hr,5,No,Phone,3,10k-30k,Maybe,50k-100k,SecurePayments,Maybe,10
45-54,Male,Other City,Student,2M-4M,Master,Criminal,Yearly,5,OnlineSearch,ComplexProcess,<1hr,4,Yes,Phone,1,Free,Yes,50k-100k,SecurePayments,No,5
25-34,Female,Ulaanbaatar,Student,<1M,Bachelor,Other,Once,3,PersonalContact,Transparency,<1hr,1,Yes,Phone,5,Free,Maybe,<20k,SecurePayments,Maybe,10
25-34,Female,Other City,Business Owner,6M+,HighSchool,Labor,Once,4,SocialMedia,TrustIssue,SeveralDays,3,No,Video,3,10k-30k,No,20k-50k,SecurePayments,Yes,6
18-24,Female,Ulaanbaatar,Student,<1M,Bachelor,Criminal,SeveralPerYear,3,PersonalContact,SlowResponse,SeveralDays,5,No,Video,3,Free,No,20k-50k,GovPartnership,No,2
25-34,Female,Other City,Employee,<1M,Bachelor,Criminal,FewYears,5,OnlineSearch,TrustIssue,<1hr,3,Yes,Chat,5,30k-50k,Yes,20k-50k,TransparentPricing,Maybe,7
18-24,Female,Ulaanbaatar,Student,1M-2M,HighSchool,Other,Once,3,PersonalContact,HighCost,Week+,5,Maybe,Chat,4,100k+,Yes,100k+,Reviews,No,2
25-34,Female,Other City,Employee,1M-2M,Bachelor,Property,SeveralPerYear,3,PersonalContact,Transparency,SameDay,4,Yes,Chat,2,30k-50k,Maybe,20k-50k,VerifiedLawyers,Yes,4
35-44,Male,Ulaanbaatar,Unemployed,1M-2M,HighSchool,Divorce,FewYears,1,SocialMedia,ComplexProcess,<1hr,5,No,Chat,1,30k-50k,Maybe,100k+,TransparentPricing,No,0
25-34,Male,Ulaanbaatar,Employee,1M-2M,Bachelor,Divorce,Yearly,4,OnlineSearch,TrustIssue,Week+,3,Yes,Chat,2,50k-100k,Yes,20k-50k,TransparentPricing,Yes,4
35-44,Male,Other City,Student,<1M,Bachelor,Divorce,Once,4,PersonalContact,TrustIssue,Week+,3,Yes,InPerson,4,100k+,Yes,20k-50k,SecurePayments,Yes,3
45-54,Male,Rural,Student,2M-4M,HighSchool,Other,Yearly,4,GovAid,TrustIssue,SeveralDays,5,Maybe,InPerson,5,50k-100k,Maybe,<20k,VerifiedLawyers,Yes,4
18-24,Female,Ulaanbaatar,Unemployed,Unknown,Master,Property,Once,4,OnlineSearch,Transparency,SeveralDays,4,Yes,Chat,1,50k-100k,No,<20k,Reviews,Maybe,2
18-24,Male,Ulaanbaatar,Employee,2M-4M,HighSchool,Property,Yearly,2,PersonalContact,Transparency,SameDay,2,No,Chat,4,100k+,Maybe,20k-50k,VerifiedLawyers,Yes,9
35-44,Male,Ulaanbaatar,Unemployed,2M-4M,HighSchool,Immigration,Yearly,5,LawFirm,Transparency,SameDay,1,Maybe,Chat,5,30k-50k,Yes,100k+,GovPartnership,Maybe,2
25-34,Male,Ulaanbaatar,Employee,2M-4M,Master,Divorce,FewYears,5,OnlineSearch,Transparency,SameDay,5,Maybe,InPerson,1,10k-30k,Maybe,50k-100k,GovPartnership,No,10
25-34,Female,Ulaanbaatar,Employee,1M-2M,HighSchool,Labor,Yearly,5,PersonalContact,Transparency,Week+,5,No,Chat,2,10k-30k,Yes,20k-50k,TransparentPricing,Maybe,0
45-54,Female,Rural,Employee,1M-2M,HighSchool,Business,FewYears,4,OnlineSearch,SlowResponse,SameDay,1,Yes,Phone,1,10k-30k,Maybe,20k-50k,Reviews,Maybe,0
35-44,Female,Other City,Employee,<1M,Bachelor,Property,Once,3,OnlineSearch,SlowResponse,SameDay,5,Yes,InPerson,5,30k-50k,Maybe,20k-50k,SecurePayments,No,1
45-54,Female,Ulaanbaatar,Business Owner,1M-2M,Bachelor,Divorce,FewYears,3,OnlineSearch,TrustIssue,Week+,2,No,Chat,1,30k-50k,Maybe,100k+,VerifiedLawyers,Yes,9
18-24,Female,Ulaanbaatar,Employee,1M-2M,Bachelor,Business,Once,2,PersonalContact,ComplexProcess,Week+,5,Maybe,Phone,3,10k-30k,Maybe,<20k,VerifiedLawyers,Yes,10
35-44,Female,Ulaanbaatar,Employee,<1M,Bachelor,Property,FewYears,1,SocialMedia,SlowResponse,SeveralDays,1,Yes,Phone,4,100k+,Maybe,<20k,Reviews,Maybe,5
35-44,Female,Ulaanbaatar,Student,<1M,HighSchool,Business,Once,1,PersonalContact,Transparency,SameDay,5,Maybe,InPerson,1,10k-30k,Yes,<20k,GovPartnership,Maybe,1
18-24,Male,Rural,Employee,1M-2M,Bachelor,Property,Yearly,3,LawFirm,Transparency,SeveralDays,2,Yes,Chat,4,30k-50k,Yes,<20k,SecurePayments,No,8
18-24,Female,Ulaanbaatar,Student,4M-6M,Bachelor,Other,Once,5,PersonalContact,TrustIssue,SameDay,5,Yes,Phone,1,10k-30k,Yes,50k-100k,Reviews,No,3
18-24,Male,Ulaanbaatar,Business Owner,2M-4M,Bachelor,Business,Once,3,PersonalContact,ComplexProcess,Week+,5,Yes,Chat,5,10k-30k,Maybe,50k-100k,SecurePayments,Maybe,7
25-34,Female,Ulaanbaatar,Student,2M-4M,Bachelor,Business,Once,3,PersonalContact,TrustIssue,SameDay,3,Maybe,Chat,4,50k-100k,Maybe,50k-100k,Reviews,Yes,2
35-44,Female,Ulaanbaatar,Employee,<1M,Master,Divorce,FewYears,2,OnlineSearch,ComplexProcess,SameDay,5,Maybe,Phone,5,50k-100k,No,20k-50k,GovPartnership,Yes,3
25-34,Other,Rural,Student,1M-2M,Bachelor,Other,FewYears,3,LawFirm,ComplexProcess,SameDay,4,Yes,Video,1,30k-50k,Yes,<20k,VerifiedLawyers,Yes,5
18-24,Male,Ulaanbaatar,Unemployed,4M-6M,Bachelor,Property,FewYears,1,PersonalContact,SlowResponse,SameDay,5,Maybe,InPerson,3,30k-50k,Yes,100k+,SecurePayments,Maybe,4
18-24,Male,Ulaanbaatar,Student,2M-4M,HighSchool,Immigration,Once,1,LawFirm,HighCost,Week+,3,Yes,Chat,1,30k-50k,Maybe,20k-50k,Reviews,No,0
55+,Female,Ulaanbaatar,Student,<1M,HighSchool,Criminal,Yearly,4,LawFirm,SlowResponse,SeveralDays,5,No,Phone,2,100k+,Yes,<20k,GovPartnership,Yes,2
18-24,Male,Ulaanbaatar,Student,1M-2M,HighSchool,Divorce,Once,4,OnlineSearch,Transparency,<1hr,5,Yes,Chat,3,100k+,No,50k-100k,Reviews,Maybe,2
45-54,Male,Ulaanbaatar,Employee,1M-2M,Bachelor,Criminal,FewYears,2,PersonalContact,SlowResponse,SeveralDays,2,Yes,InPerson,5,10k-30k,Yes,20k-50k,GovPartnership,No,3
25-34,Female,Rural,Student,1M-2M,HighSchool,Criminal,Once,5,PersonalContact,Transparency,Week+,5,Maybe,Video,3,50k-100k,Maybe,20k-50k,TransparentPricing,Maybe,4
25-34,Female,Ulaanbaatar,Employee,2M-4M,Doctorate,Labor,Once,4,OnlineSearch,Transparency,Week+,4,Yes,Video,1,Free,Yes,20k-50k,Reviews,No,6
25-34,Female,Ulaanbaatar,Unemployed,1M-2M,Master,Business,Once,1,SocialMedia,ComplexProcess,SameDay,1,Maybe,InPerson,1,30k-50k,Maybe,<20k,Reviews,Maybe,5
18-24,Female,Ulaanbaatar,Unemployed,2M-4M,Doctorate,Business,Once,3,LawFirm,Transparency,SeveralDays,2,Yes,Phone,1,30k-50k,Maybe,100k+,VerifiedLawyers,Yes,9
25-34,Male,Ulaanbaatar,Student,<1M,Bachelor,Other,SeveralPerYear,3,PersonalContact,HighCost,SameDay,3,Yes,Chat,5,10k-30k,Yes,20k-50k,VerifiedLawyers,No,5
55+,Female,Ulaanbaatar,Business Owner,4M-6M,Bachelor,Other,Once,4,SocialMedia,SlowResponse,SameDay,5,Maybe,Video,2,10k-30k,No,<20k,SecurePayments,Maybe,2
25-34,Female,Ulaanbaatar,Student,4M-6M,Bachelor,Divorce,Once,4,OnlineSearch,HighCost,SeveralDays,1,No,Phone,1,30k-50k,Yes,50k-100k,Reviews,Yes,6
25-34,Male,Ulaanbaatar,Unemployed,<1M,Bachelor,Labor,Once,4,LawFirm,ComplexProcess,SeveralDays,4,Yes,Phone,3,30k-50k,Yes,20k-50k,GovPartnership,No,3
25-34,Male,Other City,Employee,<1M,Bachelor,Property,FewYears,4,LawFirm,TrustIssue,Week+,5,Maybe,Chat,5,30k-50k,Maybe,20k-50k,TransparentPricing,Maybe,10
18-24,Female,Ulaanbaatar,Employee,2M-4M,Bachelor,Business,FewYears,1,PersonalContact,ComplexProcess,SeveralDays,5,Yes,Video,1,30k-50k,Yes,50k-100k,Reviews,Maybe,3
25-34,Female,Ulaanbaatar,Unemployed,1M-2M,Master,Labor,Yearly,4,LawFirm,SlowResponse,<1hr,4,Yes,Video,1,50k-100k,Maybe,<20k,Reviews,Yes,1
35-44,Female,Ulaanbaatar,Employee,<1M,Bachelor,Property,FewYears,1,LawFirm,HighCost,Week+,4,Yes,Video,3,30k-50k,Maybe,100k+,TransparentPricing,Yes,10
18-24,Male,Ulaanbaatar,Student,2M-4M,Bachelor,Labor,FewYears,4,SocialMedia,ComplexProcess,SeveralDays,2,Yes,InPerson,1,30k-50k,Maybe,50k-100k,SecurePayments,Maybe,8
18-24,Female,Ulaanbaatar,Employee,<1M,Master,Property,Yearly,3,PersonalContact,HighCost,SameDay,5,Maybe,Video,4,10k-30k,Maybe,20k-50k,GovPartnership,No,1
18-24,Male,Ulaanbaatar,Business Owner,1M-2M,Master,Divorce,FewYears,5,SocialMedia,HighCost,<1hr,5,Maybe,Chat,5,10k-30k,No,20k-50k,SecurePayments,No,10
35-44,Female,Ulaanbaatar,Business Owner,4M-6M,Master,Criminal,FewYears,1,GovAid,HighCost,SameDay,1,Maybe,Phone,2,10k-30k,Maybe,50k-100k,VerifiedLawyers,Maybe,2
45-54,Female,Ulaanbaatar,Business Owner,2M-4M,Bachelor,Criminal,Once,5,PersonalContact,TrustIssue,SeveralDays,4,Maybe,Chat,1,30k-50k,Yes,20k-50k,VerifiedLawyers,Yes,1
25-34,Male,Ulaanbaatar,Business Owner,4M-6M,Bachelor,Criminal,Once,2,GovAid,HighCost,SeveralDays,3,Maybe,Chat,4,Free,No,50k-100k,SecurePayments,Maybe,5
25-34,Male,Rural,Unemployed,1M-2M,HighSchool,Immigration,SeveralPerYear,3,OnlineSearch,ComplexProcess,SameDay,5,Yes,Phone,4,30k-50k,Maybe,20k-50k,VerifiedLawyers,Maybe,1
18-24,Male,Ulaanbaatar,Employee,1M-2M,Bachelor,Immigration,Once,5,OnlineSearch,Transparency,<1hr,2,Maybe,Chat,4,10k-30k,Maybe,100k+,SecurePayments,Maybe,6
18-24,Male,Ulaanbaatar,Employee,1M-2M,Bachelor,Divorce,SeveralPerYear,3,PersonalContact,SlowResponse,SameDay,1,Yes,Phone,2,30k-50k,No,20k-50k,SecurePayments,No,8
25-34,Female,Ulaanbaatar,Business Owner,<1M,Bachelor,Labor,Once,5,OnlineSearch,Transparency,Week+,4,Yes,Phone,2,30k-50k,Maybe,<20k,Reviews,Maybe,3
35-44,Male,Rural,Student,2M-4M,Master,Other,Yearly,2,GovAid,Transparency,Week+,4,Yes,Chat,5,10k-30k,Maybe,100k+,GovPartnership,Maybe,6
25-34,Female,Ulaanbaatar,Employee,2M-4M,Bachelor,Divorce,SeveralPerYear,3,PersonalContact,HighCost,SeveralDays,3,Maybe,Video,4,Free,Yes,20k-50k,SecurePayments,Yes,10
18-24,Female,Ulaanbaatar,Employee,1M-2M,Bachelor,Divorce,FewYears,4,OnlineSearch,Transparency,<1hr,5,Maybe,Chat,2,50k-100k,Yes,50k-100k,TransparentPricing,Maybe,3
18-24,Female,Ulaanbaatar,Employee,<1M,Master,Divorce,Once,3,LawFirm,HighCost,SeveralDays,1,Maybe,InPerson,4,Free,Yes,20k-50k,TransparentPricing,Maybe,8
45-54,Male,Ulaanbaatar,Business Owner,6M+,Bachelor,Criminal,Yearly,2,LawFirm,TrustIssue,Week+,2,Maybe,InPerson,5,50k-100k,Yes,20k-50k,Reviews,Yes,9
25-34,Female,Ulaanbaatar,Employee,2M-4M,Bachelor,Criminal,Yearly,5,LawFirm,SlowResponse,SeveralDays,1,Maybe,Chat,2,50k-100k,Yes,<20k,VerifiedLawyers,Maybe,2
25-34,Female,Other City,Business Owner,2M-4M,Bachelor,Other,Yearly,1,PersonalContact,HighCost,<1hr,1,Yes,Chat,4,30k-50k,Maybe,20k-50k,GovPartnership,Yes,5
18-24,Female,Ulaanbaatar,Business Owner,1M-2M,HighSchool,Business,Once,3,OnlineSearch,Transparency,Week+,2,Maybe,Video,5,10k-30k,Maybe,20k-50k,SecurePayments,Yes,3
45-54,Male,Ulaanbaatar,Employee,2M-4M,Master,Divorce,Yearly,3,OnlineSearch,Transparency,SeveralDays,1,Yes,Chat,3,30k-50k,Maybe,50k-100k,SecurePayments,Maybe,10
35-44,Male,Other City,Business Owner,6M+,Bachelor,Criminal,Yearly,2,OnlineSearch,Transparency,SameDay,2,No,Phone,2,10k-30k,Yes,50k-100k,SecurePayments,Maybe,8
25-34,Female,Ulaanbaatar,Student,Unknown,Bachelor,Labor,FewYears,3,LawFirm,TrustIssue,SameDay,1,Maybe,Phone,1,30k-50k,No,<20k,SecurePayments,Maybe,3
25-34,Female,Ulaanbaatar,Employee,<1M,Bachelor,Other,Yearly,3,PersonalContact,HighCost,SameDay,5,Maybe,Chat,4,10k-30k,No,<20k,VerifiedLawyers,Maybe,5
18-24,Male,Rural,Business Owner,1M-2M,Bachelor,Divorce,Once,2,PersonalContact,SlowResponse,SameDay,5,Yes,Chat,4,30k-50k,Yes,<20k,Reviews,No,3
18-24,Female,Rural,Student,4M-6M,Bachelor,Business,SeveralPerYear,2,OnlineSearch,Transparency,SameDay,2,Maybe,Chat,3,30k-50k,Maybe,<20k,VerifiedLawyers,Yes,8
45-54,Male,Ulaanbaatar,Student,<1M,Bachelor,Labor,Once,4,LawFirm,Transparency,Week+,1,Yes,InPerson,1,30k-50k,Maybe,<20k,GovPartnership,Maybe,5
25-34,Male,Ulaanbaatar,Employee,2M-4M,Master,Property,FewYears,1,PersonalContact,TrustIssue,<1hr,2,Yes,InPerson,1,50k-100k,Maybe,20k-50k,TransparentPricing,Yes,5
18-24,Female,Ulaanbaatar,Freelancer,2M-4M,HighSchool,Business,Once,2,PersonalContact,TrustIssue,SeveralDays,1,No,Video,4,50k-100k,No,20k-50k,VerifiedLawyers,Maybe,0
18-24,Female,Ulaanbaatar,Student,<1M,Master,Divorce,Once,4,PersonalContact,HighCost,<1hr,1,Yes,Chat,4,30k-50k,Maybe,20k-50k,VerifiedLawyers,Yes,7
25-34,Female,Ulaanbaatar,Student,<1M,Bachelor,Property,FewYears,1,LawFirm,Transparency,SameDay,3,Yes,Chat,2,30k-50k,No,100k+,TransparentPricing,Maybe,7
25-34,Female,Ulaanbaatar,Employee,2M-4M,Master,Immigration,Once,5,GovAid,TrustIssue,SeveralDays,3,Yes,InPerson,4,30k-50k,Yes,50k-100k,GovPartnership,Maybe,3
25-34,Female,Ulaanbaatar,Employee,<1M,Bachelor,Criminal,Once,5,PersonalContact,ComplexProcess,Week+,2,Yes,Phone,3,10k-30k,Maybe,20k-50k,GovPartnership,Yes,6
25-34,Male,Other City,Employee,Unknown,HighSchool,Labor,Once,1,PersonalContact,TrustIssue,SeveralDays,2,Maybe,Video,4,30k-50k,Yes,<20k,TransparentPricing,Maybe,10
45-54,Female,Rural,Employee,6M+,Master,Divorce,Once,3,PersonalContact,HighCost,SameDay,5,Yes,Chat,1,10k-30k,No,20k-50k,TransparentPricing,Maybe,3
45-54,Male,Ulaanbaatar,Student,2M-4M,Bachelor,Labor,FewYears,3,PersonalContact,ComplexProcess,SeveralDays,2,Maybe,Phone,3,10k-30k,Yes,<20k,VerifiedLawyers,Maybe,10
45-54,Female,Ulaanbaatar,Employee,1M-2M,Bachelor,Divorce,FewYears,1,SocialMedia,TrustIssue,SeveralDays,5,Yes,Chat,5,10k-30k,Maybe,50k-100k,GovPartnership,No,5
35-44,Male,Ulaanbaatar,Employee,1M-2M,HighSchool,Property,Once,5,LawFirm,TrustIssue,SeveralDays,2,Maybe,Phone,3,50k-100k,Maybe,50k-100k,GovPartnership,Maybe,7
25-34,Male,Ulaanbaatar,Business Owner,2M-4M,Bachelor,Criminal,FewYears,1,LawFirm,TrustIssue,<1hr,1,Maybe,Chat,2,10k-30k,Maybe,100k+,TransparentPricing,Maybe,9
18-24,Male,Other City,Unemployed,<1M,Bachelor,Divorce,Yearly,3,OnlineSearch,HighCost,SeveralDays,4,Yes,Chat,2,30k-50k,Maybe,50k-100k,VerifiedLawyers,No,6
55+,Male,Ulaanbaatar,Employee,1M-2M,HighSchool,Divorce,Once,2,PersonalContact,ComplexProcess,SameDay,5,Maybe,Chat,4,10k-30k,Maybe,<20k,GovPartnership,No,4
18-24,Male,Other City,Employee,4M-6M,Bachelor,Property,Once,5,LawFirm,SlowResponse,<1hr,3,No,Chat,2,50k-100k,Yes,20k-50k,SecurePayments,Yes,8
25-34,Other,Ulaanbaatar,Student,1M-2M,Bachelor,Property,Once,5,SocialMedia,SlowResponse,SeveralDays,2,Maybe,Chat,5,50k-100k,Maybe,20k-50k,GovPartnership,Maybe,10
45-54,Male,Other City,Employee,<1M,HighSchool,Criminal,Once,3,PersonalContact,Transparency,Week+,1,Yes,Chat,1,50k-100k,Yes,20k-50k,TransparentPricing,Maybe,6
18-24,Female,Ulaanbaatar,Employee,2M-4M,Bachelor,Other,SeveralPerYear,3,LawFirm,SlowResponse,SameDay,5,No,Chat,3,10k-30k,Maybe,<20k,TransparentPricing,Maybe,0
55+,Female,Ulaanbaatar,Student,1M-2M,Bachelor,Divorce,Once,3,LawFirm,Transparency,<1hr,4,Yes,Chat,1,30k-50k,Yes,<20k,SecurePayments,Maybe,0
45-54,Male,Ulaanbaatar,Unemployed,6M+,Bachelor,Labor,FewYears,5,PersonalContact,TrustIssue,Week+,4,Maybe,Video,3,50k-100k,No,<20k,GovPartnership,Maybe,0
18-24,Female,Ulaanbaatar,Employee,<1M,Bachelor,Divorce,SeveralPerYear,2,LawFirm,ComplexProcess,<1hr,5,Maybe,InPerson,4,10k-30k,Maybe,20k-50k,SecurePayments,Yes,7
18-24,Male,Ulaanbaatar,Unemployed,4M-6M,HighSchool,Divorce,Yearly,3,PersonalContact,TrustIssue,SeveralDays,5,Yes,Phone,4,10k-30k,No,20k-50k,GovPartnership,Maybe,5
45-54,Male,Ulaanbaatar,Business Owner,1M-2M,HighSchool,Business,Once,2,OnlineSearch,SlowResponse,SeveralDays,1,Yes,Phone,4,50k-100k,No,100k+,Reviews,Maybe,4
18-24,Female,Ulaanbaatar,Employee,1M-2M,Master,Property,FewYears,5,PersonalContact,ComplexProcess,SameDay,1,Maybe,Phone,5,50k-100k,Yes,20k-50k,VerifiedLawyers,Maybe,7
18-24,Male,Ulaanbaatar,Unemployed,<1M,Master,Immigration,Once,1,LawFirm,Transparency,Week+,2,Maybe,InPerson,4,10k-30k,Yes,100k+,VerifiedLawyers,Maybe,5
25-34,Male,Other City,Student,2M-4M,HighSchool,Other,Once,3,GovAid,TrustIssue,SameDay,1,Maybe,Chat,3,30k-50k,No,<20k,VerifiedLawyers,No,6
18-24,Female,Ulaanbaatar,Employee,<1M,HighSchool,Divorce,Yearly,2,LawFirm,Transparency,<1hr,5,Maybe,Phone,3,10k-30k,Yes,<20k,SecurePayments,Yes,10
25-34,Male,Other City,Employee,<1M,Bachelor,Property,FewYears,5,OnlineSearch,HighCost,SeveralDays,3,Yes,InPerson,1,50k-100k,Yes,20k-50k,Reviews,Maybe,1
25-34,Male,Ulaanbaatar,Employee,1M-2M,Bachelor,Criminal,Yearly,4,PersonalContact,TrustIssue,SeveralDays,4,Yes,InPerson,4,Free,Yes,<20k,TransparentPricing,Maybe,3
25-34,Female,Ulaanbaatar,Business Owner,2M-4M,HighSchool,Property,Once,3,OnlineSearch,HighCost,SeveralDays,4,Maybe,Phone,4,10k-30k,No,100k+,SecurePayments,No,2
18-24,Male,Rural,Employee,1M-2M,Bachelor,Business,Once,5,OnlineSearch,Transparency,SeveralDays,1,Yes,Phone,3,30k-50k,Maybe,100k+,Reviews,No,4
35-44,Female,Other City,Student,<1M,Bachelor,Business,FewYears,4,LawFirm,ComplexProcess,SeveralDays,3,Yes,Chat,5,30k-50k,Yes,20k-50k,SecurePayments,Yes,1
55+,Male,Ulaanbaatar,Student,4M-6M,Bachelor,Business,SeveralPerYear,1,LawFirm,TrustIssue,SeveralDays,3,No,Chat,3,Free,Yes,<20k,Reviews,Yes,9
18-24,Female,Ulaanbaatar,Business Owner,2M-4M,Doctorate,Labor,FewYears,2,PersonalContact,Transparency,Week+,3,Yes,Chat,4,50k-100k,No,20k-50k,VerifiedLawyers,Maybe,9
45-54,Female,Ulaanbaatar,Employee,<1M,Bachelor,Divorce,Once,1,SocialMedia,HighCost,SameDay,5,Yes,Phone,1,30k-50k,No,<20k,Reviews,Maybe,9
18-24,Male,Rural,Student,1M-2M,Master,Divorce,SeveralPerYear,2,LawFirm,Transparency,SeveralDays,5,Yes,Video,5,30k-50k,No,20k-50k,TransparentPricing,Maybe,1
25-34,Male,Rural,Employee,1M-2M,HighSchool,Criminal,Once,1,LawFirm,TrustIssue,Week+,2,Yes,InPerson,1,10k-30k,Yes,20k-50k,TransparentPricing,Maybe,3
35-44,Female,Rural,Unemployed,2M-4M,Bachelor,Other,FewYears,2,SocialMedia,Transparency,SameDay,2,No,Chat,3,10k-30k,Yes,20k-50k,GovPartnership,No,2
18-24,Male,Ulaanbaatar,Unemployed,4M-6M,HighSchool,Immigration,FewYears,5,OnlineSearch,ComplexProcess,Week+,5,Maybe,InPerson,3,10k-30k,Maybe,20k-50k,SecurePayments,No,8
18-24,Male,Other City,Student,6M+,Bachelor,Labor,Once,2,LawFirm,Transparency,SameDay,2,Yes,InPerson,3,100k+,Yes,<20k,SecurePayments,Yes,0
25-34,Female,Ulaanbaatar,Employee,6M+,Doctorate,Business,Once,2,PersonalContact,ComplexProcess,SeveralDays,4,Yes,Chat,2,10k-30k,Yes,20k-50k,Reviews,No,2
18-24,Female,Ulaanbaatar,Student,<1M,Master,Divorce,FewYears,5,LawFirm,Transparency,SeveralDays,2,Maybe,Phone,1,Free,Maybe,50k-100k,VerifiedLawyers,Maybe,2
18-24,Male,Ulaanbaatar,Employee,4M-6M,Bachelor,Criminal,FewYears,3,SocialMedia,TrustIssue,<1hr,5,Maybe,Chat,3,100k+,Maybe,20k-50k,TransparentPricing,No,1
25-34,Female,Other City,Employee,2M-4M,Bachelor,Labor,Yearly,1,OnlineSearch,TrustIssue,SeveralDays,2,Maybe,Chat,3,30k-50k,No,20k-50k,VerifiedLawyers,Maybe,9
18-24,Female,Other City,Employee,<1M,Master,Other,FewYears,1,LawFirm,SlowResponse,SeveralDays,5,Maybe,Chat,2,100k+,Yes,<20k,TransparentPricing,Maybe,9
18-24,Female,Ulaanbaatar,Employee,2M-4M,Bachelor,Labor,FewYears,2,SocialMedia,SlowResponse,SameDay,5,Maybe,InPerson,3,10k-30k,Yes,50k-100k,SecurePayments,No,7
35-44,Male,Ulaanbaatar,Business Owner,1M-2M,Bachelor,Divorce,FewYears,3,PersonalContact,ComplexProcess,<1hr,2,Yes,Chat,3,10k-30k,Maybe,20k-50k,VerifiedLawyers,Yes,3
18-24,Male,Other City,Employee,<1M,HighSchool,Immigration,FewYears,2,LawFirm,ComplexProcess,Week+,1,No,Video,3,10k-30k,Maybe,20k-50k,SecurePayments,Maybe,1
55+,Male,Ulaanbaatar,Business Owner,2M-4M,HighSchool,Property,FewYears,5,SocialMedia,ComplexProcess,SeveralDays,5,Yes,Chat,2,50k-100k,Maybe,20k-50k,Reviews,Yes,6
18-24,Female,Other City,Business Owner,<1M,HighSchool,Divorce,Once,2,GovAid,Transparency,SeveralDays,1,Maybe,Chat,5,50k-100k,Yes,20k-50k,VerifiedLawyers,Maybe,3
25-34,Male,Ulaanbaatar,Student,2M-4M,HighSchool,Criminal,FewYears,4,OnlineSearch,SlowResponse,Week+,4,Maybe,Chat,2,10k-30k,No,50k-100k,GovPartnership,Maybe,2
35-44,Male,Rural,Employee,2M-4M,HighSchool,Labor,SeveralPerYear,2,SocialMedia,HighCost,Week+,1,Yes,Phone,4,10k-30k,Maybe,50k-100k,Reviews,Maybe,4
18-24,Male,Ulaanbaatar,Unemployed,6M+,Bachelor,Labor,Once,2,PersonalContact,ComplexProcess,SameDay,3,Maybe,InPerson,3,100k+,Yes,50k-100k,SecurePayments,Yes,8
25-34,Female,Other City,Student,1M-2M,Master,Property,FewYears,4,OnlineSearch,Transparency,SeveralDays,2,No,Video,4,10k-30k,Maybe,<20k,SecurePayments,No,7
18-24,Male,Other City,Student,<1M,Master,Criminal,Once,5,LawFirm,Transparency,SameDay,2,Yes,Chat,2,100k+,Yes,50k-100k,SecurePayments,Maybe,3
25-34,Female,Other City,Employee,1M-2M,Bachelor,Other,Yearly,1,PersonalContact,TrustIssue,SeveralDays,4,Yes,Chat,3,10k-30k,No,20k-50k,TransparentPricing,Maybe,7
35-44,Male,Other City,Employee,2M-4M,Doctorate,Property,Once,3,PersonalContact,SlowResponse,<1hr,1,Yes,Chat,5,Free,Maybe,<20k,Reviews,Maybe,9
35-44,Female,Ulaanbaatar,Employee,4M-6M,Doctorate,Business,FewYears,4,GovAid,SlowResponse,SeveralDays,3,Yes,Chat,5,30k-50k,Maybe,50k-100k,TransparentPricing,Maybe,4
18-24,Male,Ulaanbaatar,Freelancer,2M-4M,Bachelor,Divorce,Once,1,GovAid,Transparency,Week+,1,Yes,InPerson,4,50k-100k,Yes,20k-50k,Reviews,No,2
25-34,Male,Ulaanbaatar,Employee,<1M,Master,Immigration,FewYears,3,LawFirm,ComplexProcess,<1hr,3,Yes,Chat,5,100k+,Yes,50k-100k,VerifiedLawyers,Yes,1
35-44,Female,Ulaanbaatar,Employee,6M+,Bachelor,Divorce,Yearly,4,PersonalContact,SlowResponse,<1hr,4,Yes,Chat,4,10k-30k,No,20k-50k,TransparentPricing,Yes,2
35-44,Male,Other City,Freelancer,6M+,Bachelor,Business,Yearly,1,OnlineSearch,TrustIssue,SeveralDays,5,Yes,Chat,1,100k+,Yes,<20k,Reviews,Yes,4
25-34,Male,Ulaanbaatar,Student,1M-2M,HighSchool,Immigration,Yearly,5,LawFirm,TrustIssue,<1hr,3,Yes,InPerson,2,10k-30k,Maybe,20k-50k,VerifiedLawyers,Yes,0
18-24,Female,Ulaanbaatar,Business Owner,1M-2M,Master,Other,SeveralPerYear,5,GovAid,ComplexProcess,SameDay,4,Yes,Chat,2,10k-30k,Yes,20k-50k,Reviews,Maybe,2
45-54,Female,Rural,Student,1M-2M,HighSchool,Divorce,Yearly,5,OnlineSearch,ComplexProcess,SeveralDays,1,Yes,Chat,3,10k-30k,Maybe,20k-50k,GovPartnership,Maybe,9
18-24,Male,Ulaanbaatar,Employee,4M-6M,Master,Divorce,Once,3,LawFirm,SlowResponse,SameDay,2,Yes,Video,2,Free,Yes,20k-50k,Reviews,Maybe,5
25-34,Male,Ulaanbaatar,Employee,<1M,HighSchool,Business,FewYears,2,PersonalContact,HighCost,<1hr,2,Maybe,Chat,2,50k-100k,Maybe,<20k,GovPartnership,No,2
25-34,Female,Ulaanbaatar,Business Owner,2M-4M,Bachelor,Immigration,FewYears,5,PersonalContact,Transparency,SeveralDays,5,Yes,Chat,5,50k-100k,Yes,<20k,GovPartnership,Maybe,5
45-54,Female,Ulaanbaatar,Student,2M-4M,Bachelor,Business,FewYears,1,OnlineSearch,TrustIssue,<1hr,5,Yes,Phone,5,50k-100k,No,100k+,VerifiedLawyers,Maybe,5
25-34,Male,Ulaanbaatar,Business Owner,6M+,Master,Business,Yearly,3,OnlineSearch,SlowResponse,SameDay,4,Maybe,Video,1,100k+,Yes,100k+,SecurePayments,Yes,5
35-44,Male,Ulaanbaatar,Business Owner,<1M,Bachelor,Business,Yearly,5,PersonalContact,Transparency,SameDay,4,Yes,Chat,2,30k-50k,Maybe,<20k,SecurePayments,No,3
18-24,Male,Ulaanbaatar,Student,6M+,Bachelor,Labor,FewYears,1,PersonalContact,ComplexProcess,SameDay,3,Yes,Chat,1,50k-100k,Yes,50k-100k,SecurePayments,Maybe,5
25-34,Male,Ulaanbaatar,Employee,2M-4M,Bachelor,Business,Once,2,LawFirm,ComplexProcess,Week+,3,Yes,InPerson,4,10k-30k,Maybe,100k+,VerifiedLawyers,Yes,7
18-24,Other,Ulaanbaatar,Business Owner,1M-2M,Bachelor,Labor,FewYears,4,PersonalContact,Transparency,<1hr,3,Maybe,Phone,1,10k-30k,Yes,50k-100k,SecurePayments,Maybe,8
35-44,Female,Ulaanbaatar,Employee,4M-6M,Doctorate,Divorce,FewYears,2,GovAid,TrustIssue,<1hr,5,Yes,Phone,2,10k-30k,Yes,50k-100k,SecurePayments,No,7
55+,Male,Other City,Employee,1M-2M,Doctorate,Business,FewYears,4,OnlineSearch,SlowResponse,SameDay,4,Maybe,InPerson,1,50k-100k,No,<20k,GovPartnership,Maybe,0
35-44,Male,Ulaanbaatar,Business Owner,1M-2M,HighSchool,Immigration,SeveralPerYear,1,SocialMedia,TrustIssue,Week+,5,Maybe,InPerson,2,10k-30k,Maybe,20k-50k,TransparentPricing,Maybe,7
18-24,Male,Ulaanbaatar,Freelancer,1M-2M,HighSchool,Business,FewYears,3,SocialMedia,ComplexProcess,<1hr,1,Maybe,Video,2,50k-100k,Yes,<20k,TransparentPricing,Yes,8
35-44,Male,Ulaanbaatar,Student,1M-2M,Bachelor,Labor,Once,5,PersonalContact,ComplexProcess,SeveralDays,5,Yes,InPerson,5,100k+,No,<20k,TransparentPricing,No,2
25-34,Female,Ulaanbaatar,Student,6M+,Bachelor,Immigration,Yearly,1,PersonalContact,Transparency,SeveralDays,3,Maybe,Phone,1,30k-50k,Yes,20k-50k,Reviews,Yes,9
18-24,Female,Other City,Freelancer,<1M,Master,Criminal,Once,2,LawFirm,HighCost,SeveralDays,3,Yes,Chat,5,Free,Yes,50k-100k,Reviews,Maybe,2
55+,Female,Ulaanbaatar,Unemployed,<1M,Doctorate,Property,Once,5,LawFirm,TrustIssue,Week+,3,Yes,Video,2,10k-30k,Maybe,20k-50k,VerifiedLawyers,Yes,2
35-44,Male,Ulaanbaatar,Employee,2M-4M,HighSchool,Criminal,SeveralPerYear,3,PersonalContact,HighCost,Week+,5,No,Phone,5,30k-50k,Maybe,<20k,SecurePayments,Maybe,5
25-34,Female,Ulaanbaatar,Employee,6M+,HighSchool,Labor,Once,3,PersonalContact,ComplexProcess,Week+,3,Yes,Phone,1,50k-100k,Yes,20k-50k,Reviews,Yes,10
45-54,Female,Ulaanbaatar,Student,6M+,Master,Other,Once,2,OnlineSearch,ComplexProcess,SeveralDays,2,No,Video,4,10k-30k,Yes,20k-50k,VerifiedLawyers,Maybe,1
25-34,Female,Other City,Employee,4M-6M,HighSchool,Divorce,FewYears,3,PersonalContact,SlowResponse,<1hr,3,Yes,Chat,3,30k-50k,Maybe,100k+,Reviews,Maybe,8
35-44,Male,Other City,Business Owner,4M-6M,Master,Labor,Once,3,PersonalContact,Transparency,SeveralDays,5,Yes,InPerson,2,50k-100k,Yes,<20k,Reviews,Maybe,4
25-34,Male,Other City,Employee,2M-4M,Master,Property,Yearly,1,PersonalContact,HighCost,SeveralDays,2,Yes,Video,3,10k-30k,Yes,20k-50k,TransparentPricing,Maybe,0
18-24,Female,Other City,Freelancer,<1M,Doctorate,Immigration,Once,5,PersonalContact,ComplexProcess,Week+,1,Yes,Chat,3,10k-30k,Maybe,<20k,SecurePayments,Yes,5
25-34,Female,Ulaanbaatar,Employee,2M-4M,Bachelor,Divorce,Once,4,OnlineSearch,TrustIssue,SeveralDays,2,Yes,Phone,1,10k-30k,Yes,<20k,VerifiedLawyers,No,6
25-34,Male,Ulaanbaatar,Employee,1M-2M,HighSchool,Property,FewYears,1,LawFirm,ComplexProcess,Week+,1,Maybe,InPerson,2,30k-50k,Yes,20k-50k,TransparentPricing,Maybe,7
25-34,Male,Ulaanbaatar,Freelancer,1M-2M,HighSchool,Business,Once,5,OnlineSearch,Transparency,Week+,3,Yes,Chat,2,10k-30k,No,20k-50k,SecurePayments,Yes,10
18-24,Male,Ulaanbaatar,Freelancer,Unknown,Bachelor,Divorce,Once,3,PersonalContact,TrustIssue,SameDay,5,Yes,InPerson,4,10k-30k,Yes,20k-50k,GovPartnership,No,2
18-24,Female,Ulaanbaatar,Employee,4M-6M,Doctorate,Divorce,Yearly,3,PersonalContact,TrustIssue,SameDay,5,Yes,Video,2,50k-100k,Maybe,50k-100k,TransparentPricing,Yes,9
35-44,Male,Ulaanbaatar,Employee,<1M,Doctorate,Business,FewYears,3,PersonalContact,TrustIssue,SameDay,2,Yes,InPerson,3,10k-30k,Yes,100k+,SecurePayments,Maybe,7
35-44,Female,Ulaanbaatar,Student,6M+,Master,Other,Once,3,GovAid,HighCost,SeveralDays,3,Maybe,InPerson,5,30k-50k,No,100k+,GovPartnership,Maybe,8
45-54,Female,Ulaanbaatar,Employee,2M-4M,HighSchool,Labor,Once,5,PersonalContact,SlowResponse,SeveralDays,1,Yes,Chat,1,50k-100k,Maybe,20k-50k,Reviews,No,3
25-34,Male,Other City,Employee,2M-4M,Bachelor,Business,SeveralPerYear,4,LawFirm,SlowResponse,<1hr,2,Yes,Phone,1,50k-100k,Yes,<20k,TransparentPricing,Maybe,6
45-54,Female,Ulaanbaatar,Employee,<1M,Doctorate,Property,Once,1,SocialMedia,SlowResponse,SeveralDays,4,Yes,Phone,4,50k-100k,No,20k-50k,SecurePayments,No,9
35-44,Female,Ulaanbaatar,Student,Unknown,HighSchool,Other,Yearly,2,LawFirm,SlowResponse,<1hr,5,No,InPerson,4,30k-50k,Yes,<20k,SecurePayments,Maybe,7
25-34,Female,Other City,Employee,4M-6M,Master,Immigration,FewYears,5,OnlineSearch,ComplexProcess,<1hr,3,No,Phone,3,10k-30k,Maybe,<20k,SecurePayments,No,0
25-34,Female,Other City,Employee,1M-2M,Doctorate,Divorce,Yearly,1,PersonalContact,ComplexProcess,Week+,4,Yes,Chat,5,30k-50k,No,100k+,Reviews,Yes,6
25-34,Female,Ulaanbaatar,Student,1M-2M,HighSchool,Divorce,Once,3,OnlineSearch,SlowResponse,Week+,1,Yes,Chat,1,30k-50k,Maybe,20k-50k,TransparentPricing,Maybe,3
18-24,Female,Other City,Freelancer,1M-2M,HighSchool,Criminal,Yearly,5,PersonalContact,SlowResponse,SeveralDays,2,No,Chat,5,10k-30k,Yes,20k-50k,VerifiedLawyers,No,0
18-24,Female,Ulaanbaatar,Employee,1M-2M,Bachelor,Divorce,FewYears,1,GovAid,ComplexProcess,SeveralDays,2,Yes,Video,2,30k-50k,Yes,<20k,TransparentPricing,Yes,2
18-24,Female,Ulaanbaatar,Employee,Unknown,HighSchool,Labor,Yearly,3,PersonalContact,ComplexProcess,SameDay,2,Maybe,Video,2,100k+,Maybe,20k-50k,Reviews,Yes,6
18-24,Male,Ulaanbaatar,Employee,2M-4M,HighSchool,Divorce,Yearly,1,GovAid,TrustIssue,SameDay,4,Yes,InPerson,4,50k-100k,Yes,50k-100k,SecurePayments,Yes,7
35-44,Male,Rural,Student,1M-2M,Master,Property,FewYears,5,OnlineSearch,Transparency,SameDay,4,No,Chat,2,50k-100k,No,20k-50k,GovPartnership,No,10
18-24,Male,Ulaanbaatar,Employee,2M-4M,HighSchool,Business,SeveralPerYear,2,GovAid,ComplexProcess,<1hr,5,Yes,Video,2,30k-50k,Yes,<20k,VerifiedLawyers,Yes,1
35-44,Female,Other City,Student,1M-2M,Master,Immigration,Yearly,4,PersonalContact,ComplexProcess,SameDay,2,Yes,InPerson,5,100k+,Maybe,20k-50k,TransparentPricing,No,1
35-44,Male,Ulaanbaatar,Employee,1M-2M,HighSchool,Property,Once,5,PersonalContact,HighCost,SameDay,4,Yes,Chat,2,30k-50k,Yes,<20k,TransparentPricing,Maybe,8
25-34,Female,Ulaanbaatar,Employee,<1M,HighSchool,Criminal,Once,5,LawFirm,HighCost,SeveralDays,3,Yes,Phone,1,50k-100k,Yes,20k-50k,GovPartnership,Maybe,4
18-24,Male,Ulaanbaatar,Employee,<1M,Doctorate,Labor,Once,2,SocialMedia,HighCost,SeveralDays,5,Yes,Chat,5,30k-50k,Maybe,50k-100k,SecurePayments,Yes,7
35-44,Male,Ulaanbaatar,Freelancer,1M-2M,Bachelor,Property,FewYears,3,GovAid,Transparency,SeveralDays,1,No,InPerson,4,30k-50k,Yes,20k-50k,SecurePayments,Maybe,10
45-54,Female,Rural,Employee,1M-2M,Bachelor,Property,FewYears,5,LawFirm,Transparency,SeveralDays,3,Maybe,Chat,3,10k-30k,No,20k-50k,SecurePayments,Maybe,6
25-34,Male,Ulaanbaatar,Student,1M-2M,Bachelor,Other,Once,4,PersonalContact,ComplexProcess,<1hr,1,Yes,Video,5,30k-50k,Maybe,50k-100k,GovPartnership,No,6
35-44,Female,Ulaanbaatar,Student,2M-4M,Bachelor,Property,Once,4,GovAid,SlowResponse,SeveralDays,5,Maybe,InPerson,5,Free,Maybe,<20k,GovPartnership,No,4
35-44,Female,Ulaanbaatar,Student,<1M,HighSchool,Business,Yearly,5,SocialMedia,TrustIssue,SeveralDays,1,Yes,Video,5,50k-100k,Maybe,20k-50k,SecurePayments,No,1
18-24,Male,Ulaanbaatar,Employee,6M+,Bachelor,Property,FewYears,5,PersonalContact,Transparency,SeveralDays,3,Maybe,Chat,1,10k-30k,No,50k-100k,SecurePayments,Yes,3
18-24,Male,Ulaanbaatar,Employee,4M-6M,Master,Divorce,FewYears,1,PersonalContact,TrustIssue,Week+,3,Yes,Chat,5,10k-30k,No,100k+,SecurePayments,No,1
35-44,Male,Ulaanbaatar,Employee,6M+,Bachelor,Divorce,Once,2,LawFirm,HighCost,SeveralDays,1,Maybe,Chat,5,Free,Maybe,20k-50k,VerifiedLawyers,Maybe,10
35-44,Male,Ulaanbaatar,Unemployed,1M-2M,Bachelor,Property,Once,1,LawFirm,TrustIssue,SameDay,3,No,InPerson,4,Free,No,20k-50k,SecurePayments,No,3
45-54,Male,Ulaanbaatar,Unemployed,2M-4M,Bachelor,Property,FewYears,3,LawFirm,Transparency,SeveralDays,5,Yes,Video,3,30k-50k,Maybe,20k-50k,Reviews,Yes,3
18-24,Male,Ulaanbaatar,Student,1M-2M,Bachelor,Labor,Once,4,PersonalContact,HighCost,SeveralDays,2,Yes,Chat,1,30k-50k,Yes,<20k,VerifiedLawyers,No,8
25-34,Female,Other City,Freelancer,6M+,Doctorate,Property,FewYears,1,LawFirm,HighCost,SameDay,1,Maybe,Chat,4,30k-50k,No,50k-100k,VerifiedLawyers,Yes,6
18-24,Male,Rural,Student,<1M,Doctorate,Labor,Once,3,LawFirm,HighCost,SameDay,5,Yes,Chat,3,10k-30k,Yes,<20k,SecurePayments,Maybe,8
18-24,Male,Ulaanbaatar,Employee,2M-4M,Doctorate,Divorce,Once,4,LawFirm,ComplexProcess,SeveralDays,2,Yes,Video,4,Free,No,<20k,VerifiedLawyers,Yes,8
35-44,Female,Other City,Employee,2M-4M,Bachelor,Labor,Once,5,GovAid,SlowResponse,Week+,2,No,Chat,2,30k-50k,Yes,<20k,TransparentPricing,Yes,7
25-34,Female,Ulaanbaatar,Unemployed,6M+,Doctorate,Divorce,FewYears,3,OnlineSearch,ComplexProcess,SameDay,5,Yes,InPerson,1,Free,Maybe,<20k,VerifiedLawyers,Maybe,0
25-34,Female,Other City,Employee,1M-2M,Bachelor,Business,FewYears,4,PersonalContact,TrustIssue,SameDay,4,No,InPerson,1,10k-30k,Maybe,50k-100k,TransparentPricing,No,9
45-54,Female,Ulaanbaatar,Freelancer,1M-2M,Master,Criminal,FewYears,3,PersonalContact,Transparency,SeveralDays,5,Maybe,Phone,4,50k-100k,Yes,50k-100k,SecurePayments,Yes,1
18-24,Female,Rural,Unemployed,2M-4M,Master,Immigration,FewYears,2,PersonalContact,ComplexProcess,SeveralDays,1,No,Video,5,100k+,Yes,20k-50k,VerifiedLawyers,Maybe,1
25-34,Female,Ulaanbaatar,Freelancer,6M+,Bachelor,Criminal,FewYears,5,PersonalContact,ComplexProcess,Week+,2,Yes,Video,5,10k-30k,No,50k-100k,VerifiedLawyers,No,0
35-44,Male,Ulaanbaatar,Student,4M-6M,Bachelor,Other,FewYears,3,SocialMedia,ComplexProcess,SameDay,1,Maybe,Chat,4,50k-100k,No,20k-50k,TransparentPricing,Maybe,9
18-24,Female,Other City,Student,1M-2M,HighSchool,Divorce,FewYears,3,PersonalContact,Transparency,SameDay,4,Maybe,Video,3,10k-30k,Maybe,<20k,TransparentPricing,No,7
25-34,Female,Ulaanbaatar,Employee,2M-4M,Bachelor,Divorce,FewYears,3,OnlineSearch,Transparency,SameDay,2,No,Chat,5,Free,Maybe,20k-50k,Reviews,No,10
35-44,Male,Other City,Freelancer,2M-4M,Master,Property,Once,3,LawFirm,TrustIssue,SameDay,5,Yes,Phone,5,10k-30k,No,<20k,GovPartnership,No,4
35-44,Male,Rural,Business Owner,2M-4M,HighSchool,Divorce,Once,1,OnlineSearch,SlowResponse,<1hr,2,No,Video,3,Free,No,100k+,VerifiedLawyers,No,6
45-54,Male,Other City,Employee,1M-2M,Bachelor,Criminal,FewYears,4,LawFirm,HighCost,SeveralDays,3,Yes,InPerson,3,30k-50k,Maybe,50k-100k,VerifiedLawyers,Yes,8
18-24,Female,Ulaanbaatar,Employee,<1M,Master,Property,Yearly,3,PersonalContact,TrustIssue,SeveralDays,4,Yes,Video,3,10k-30k,Yes,20k-50k,VerifiedLawyers,Maybe,3
35-44,Female,Ulaanbaatar,Employee,1M-2M,HighSchool,Labor,Yearly,1,OnlineSearch,HighCost,SameDay,3,Maybe,Phone,4,10k-30k,Yes,20k-50k,SecurePayments,Maybe,7
18-24,Female,Ulaanbaatar,Employee,<1M,Bachelor,Immigration,Once,3,PersonalContact,HighCost,Week+,4,Maybe,Chat,3,Free,Yes,<20k,SecurePayments,Yes,6
25-34,Male,Other City,Student,Unknown,Bachelor,Divorce,FewYears,1,OnlineSearch,ComplexProcess,SameDay,2,No,InPerson,2,30k-50k,Yes,<20k,TransparentPricing,No,4
35-44,Female,Rural,Student,<1M,Master,Property,FewYears,1,GovAid,HighCost,Week+,5,Maybe,Phone,2,Free,Maybe,20k-50k,TransparentPricing,Maybe,2
25-34,Male,Other City,Freelancer,1M-2M,HighSchool,Criminal,Once,5,PersonalContact,HighCost,SameDay,4,Maybe,Video,1,30k-50k,Maybe,<20k,SecurePayments,Yes,9
35-44,Female,Ulaanbaatar,Student,<1M,HighSchool,Labor,Once,1,GovAid,SlowResponse,SameDay,5,Yes,Video,2,50k-100k,No,20k-50k,TransparentPricing,Maybe,2
45-54,Female,Other City,Freelancer,1M-2M,Bachelor,Divorce,SeveralPerYear,1,SocialMedia,TrustIssue,<1hr,3,Yes,Phone,1,30k-50k,No,<20k,GovPartnership,Yes,7
55+,Female,Ulaanbaatar,Employee,<1M,Bachelor,Divorce,Once,3,LawFirm,TrustIssue,Week+,4,Yes,InPerson,1,30k-50k,Yes,20k-50k,TransparentPricing,Yes,1
25-34,Female,Ulaanbaatar,Unemployed,4M-6M,HighSchool,Business,Once,5,PersonalContact,TrustIssue,<1hr,1,Yes,Video,4,30k-50k,Yes,<20k,TransparentPricing,Yes,4
18-24,Male,Ulaanbaatar,Student,4M-6M,HighSchool,Labor,Yearly,4,GovAid,SlowResponse,SeveralDays,2,Maybe,InPerson,4,50k-100k,Maybe,100k+,VerifiedLawyers,Yes,2
25-34,Male,Ulaanbaatar,Student,1M-2M,Master,Divorce,FewYears,2,LawFirm,ComplexProcess,Week+,5,Maybe,Chat,1,10k-30k,Maybe,<20k,Reviews,Maybe,10
45-54,Female,Ulaanbaatar,Freelancer,2M-4M,HighSchool,Property,Once,1,PersonalContact,SlowResponse,SeveralDays,3,Maybe,InPerson,2,10k-30k,Yes,20k-50k,TransparentPricing,Yes,6
18-24,Male,Other City,Student,<1M,HighSchool,Business,FewYears,2,OnlineSearch,TrustIssue,SameDay,5,Maybe,Video,1,30k-50k,Maybe,50k-100k,GovPartnership,Maybe,2
45-54,Female,Other City,Student,6M+,HighSchool,Labor,Once,1,PersonalContact,HighCost,SameDay,5,Yes,Chat,1,100k+,No,20k-50k,GovPartnership,No,6
18-24,Male,Ulaanbaatar,Freelancer,1M-2M,Master,Business,Once,3,LawFirm,ComplexProcess,SeveralDays,2,Yes,Chat,5,30k-50k,Yes,20k-50k,Reviews,Maybe,0
55+,Female,Ulaanbaatar,Business Owner,2M-4M,Bachelor,Criminal,SeveralPerYear,4,PersonalContact,TrustIssue,SeveralDays,2,Maybe,Chat,4,50k-100k,Yes,50k-100k,TransparentPricing,Maybe,10
18-24,Male,Ulaanbaatar,Student,2M-4M,Bachelor,Criminal,FewYears,1,LawFirm,Transparency,Week+,3,Yes,Video,4,30k-50k,Maybe,50k-100k,VerifiedLawyers,Yes,4
45-54,Female,Ulaanbaatar,Student,1M-2M,HighSchool,Business,SeveralPerYear,2,PersonalContact,HighCost,<1hr,3,Yes,Chat,4,10k-30k,No,100k+,TransparentPricing,Maybe,0
25-34,Male,Ulaanbaatar,Business Owner,2M-4M,Bachelor,Property,SeveralPerYear,1,PersonalContact,TrustIssue,SeveralDays,3,Maybe,Chat,4,10k-30k,Yes,100k+,TransparentPricing,No,9
25-34,Other,Other City,Freelancer,<1M,HighSchool,Property,FewYears,5,PersonalContact,ComplexProcess,SeveralDays,4,Maybe,Video,3,10k-30k,Maybe,<20k,TransparentPricing,Maybe,9
55+,Female,Other City,Employee,<1M,Bachelor,Criminal,Once,1,SocialMedia,ComplexProcess,SameDay,1,Maybe,Chat,2,10k-30k,No,<20k,SecurePayments,Maybe,5
55+,Male,Rural,Unemployed,1M-2M,Bachelor,Property,FewYears,3,PersonalContact,Transparency,SeveralDays,5,No,Video,1,10k-30k,Yes,20k-50k,SecurePayments,Maybe,8
35-44,Male,Ulaanbaatar,Employee,1M-2M,HighSchool,Property,FewYears,4,GovAid,TrustIssue,SameDay,3,Yes,Chat,4,30k-50k,Maybe,50k-100k,SecurePayments,Yes,0
25-34,Male,Ulaanbaatar,Unemployed,6M+,HighSchool,Business,SeveralPerYear,2,GovAid,ComplexProcess,Week+,4,Yes,Phone,3,30k-50k,Yes,50k-100k,VerifiedLawyers,No,9
35-44,Female,Ulaanbaatar,Employee,1M-2M,Bachelor,Property,Once,1,SocialMedia,Transparency,SeveralDays,3,Yes,Chat,4,30k-50k,No,100k+,VerifiedLawyers,Maybe,9
18-24,Male,Ulaanbaatar,Employee,<1M,HighSchool,Other,Once,2,PersonalContact,TrustIssue,SeveralDays,3,Yes,Phone,2,Free,No,50k-100k,SecurePayments,Maybe,3
25-34,Female,Ulaanbaatar,Student,Unknown,Bachelor,Property,Once,3,PersonalContact,HighCost,SameDay,3,Maybe,Chat,2,30k-50k,Maybe,20k-50k,GovPartnership,No,5
25-34,Male,Ulaanbaatar,Business Owner,6M+,Bachelor,Divorce,Once,1,PersonalContact,Transparency,SameDay,1,No,InPerson,1,30k-50k,Maybe,20k-50k,SecurePayments,Yes,6
18-24,Male,Ulaanbaatar,Employee,<1M,Bachelor,Business,Once,5,LawFirm,ComplexProcess,SeveralDays,1,No,Chat,4,10k-30k,Maybe,50k-100k,GovPartnership,Yes,10
18-24,Female,Ulaanbaatar,Employee,1M-2M,Master,Property,Yearly,8,SocialMedia,ComplexProcess,SameDay,5,Yes,Chat,7,10k-30k,No,20k-50k,SecurePayments,Maybe,1
18-24,Male,Ulaanbaatar,Student,2M-4M,Bachelor,Labor,FewYears,5,OnlineSearch,Transparency,SeveralDays,1,Yes,Chat,4,10k-30k,Yes,50k-100k,TransparentPricing,Maybe,4
35-44,Female,Rural,Unemployed,4M-6M,Bachelor,Criminal,FewYears,3,PersonalContact,Transparency,SeveralDays,3,Yes,Video,3,50k-100k,No,20k-50k,VerifiedLawyers,Maybe,6
25-34,Female,Other City,Employee,Unknown,Master,Divorce,Once,3,PersonalContact,Transparency,SameDay,5,Yes,InPerson,3,50k-100k,Yes,20k-50k,SecurePayments,Maybe,10
25-34,Male,Rural,Employee,4M-6M,Master,Labor,FewYears,4,PersonalContact,SlowResponse,SameDay,4,Maybe,Video,1,10k-30k,Maybe,20k-50k,Reviews,Yes,0
18-24,Male,Ulaanbaatar,Employee,4M-6M,HighSchool,Divorce,Once,1,PersonalContact,HighCost,SeveralDays,4,Maybe,Chat,2,50k-100k,No,<20k,Reviews,No,0
25-34,Male,Ulaanbaatar,Employee,2M-4M,Bachelor,Immigration,Once,4,OnlineSearch,TrustIssue,SeveralDays,1,Maybe,Chat,5,50k-100k,Maybe,<20k,VerifiedLawyers,Maybe,8
18-24,Male,Ulaanbaatar,Student,1M-2M,Bachelor,Property,Once,4,OnlineSearch,TrustIssue,<1hr,1,No,Video,4,50k-100k,Maybe,50k-100k,SecurePayments,No,7
18-24,Male,Other City,Employee,2M-4M,Bachelor,Criminal,FewYears,1,OnlineSearch,ComplexProcess,Week+,2,Maybe,Chat,5,10k-30k,Yes,20k-50k,Reviews,Maybe,6
35-44,Female,Ulaanbaatar,Freelancer,1M-2M,Bachelor,Labor,FewYears,3,LawFirm,SlowResponse,SeveralDays,1,Maybe,Video,2,10k-30k,Maybe,<20k,Reviews,Yes,10
18-24,Female,Other City,Unemployed,4M-6M,Bachelor,Immigration,Once,2,OnlineSearch,SlowResponse,SeveralDays,1,No,Video,4,10k-30k,Maybe,<20k,GovPartnership,Yes,0
45-54,Other,Other City,Business Owner,4M-6M,Bachelor,Business,Once,4,OnlineSearch,SlowResponse,SameDay,3,Yes,Chat,2,50k-100k,Yes,20k-50k,TransparentPricing,Yes,8
25-34,Male,Ulaanbaatar,Unemployed,1M-2M,Doctorate,Other,Once,1,PersonalContact,SlowResponse,SeveralDays,4,Maybe,Phone,2,10k-30k,Maybe,20k-50k,VerifiedLawyers,No,0
45-54,Male,Ulaanbaatar,Employee,Unknown,Bachelor,Labor,FewYears,0,LawFirm,SlowResponse,SeveralDays,1,No,Video,6,Free,Yes,20k-50k,SecurePayments,Maybe,2
18-24,Male,Ulaanbaatar,Student,6M+,HighSchool,Immigration,Once,1,PersonalContact,Transparency,SeveralDays,3,Maybe,Chat,1,10k-30k,Yes,<20k,TransparentPricing,No,7
18-24,Female,Ulaanbaatar,Freelancer,2M-4M,Master,Business,FewYears,1,PersonalContact,TrustIssue,<1hr,4,Maybe,InPerson,3,30k-50k,No,50k-100k,Reviews,No,3
25-34,Male,Ulaanbaatar,Freelancer,1M-2M,Bachelor,Divorce,SeveralPerYear,3,PersonalContact,HighCost,SameDay,5,No,Chat,1,50k-100k,Yes,20k-50k,TransparentPricing,Yes,9
45-54,Male,Ulaanbaatar,Employee,1M-2M,Bachelor,Criminal,SeveralPerYear,5,GovAid,TrustIssue,Week+,2,Maybe,Chat,5,50k-100k,Yes,50k-100k,Reviews,No,2
18-24,Male,Ulaanbaatar,Employee,2M-4M,Master,Immigration,Once,1,PersonalContact,Transparency,SeveralDays,4,No,InPerson,3,50k-100k,Maybe,<20k,Reviews,No,9
35-44,Female,Ulaanbaatar,Employee,<1M,Bachelor,Immigration,FewYears,3,PersonalContact,HighCost,SeveralDays,2,No,Chat,5,30k-50k,Maybe,100k+,SecurePayments,Maybe,0
25-34,Male,Other City,Employee,2M-4M,Bachelor,Business,Once,5,SocialMedia,ComplexProcess,Week+,5,Yes,InPerson,5,100k+,Yes,<20k,Reviews,Maybe,3
25-34,Female,Other City,Business Owner,1M-2M,HighSchool,Other,Yearly,4,GovAid,ComplexProcess,SameDay,1,Yes,Video,5,50k-100k,No,<20k,TransparentPricing,No,2
55+,Male,Rural,Business Owner,1M-2M,HighSchool,Criminal,Once,4,SocialMedia,Transparency,SameDay,4,Maybe,Chat,5,30k-50k,Yes,100k+,Reviews,Yes,5
25-34,Female,Ulaanbaatar,Freelancer,<1M,Master,Property,Yearly,3,GovAid,TrustIssue,Week+,3,No,Chat,5,10k-30k,Maybe,20k-50k,Reviews,Maybe,5
25-34,Male,Ulaanbaatar,Student,1M-2M,HighSchool,Property,Once,3,SocialMedia,Transparency,SameDay,5,Maybe,Chat,1,Free,No,20k-50k,SecurePayments,No,10
25-34,Female,Ulaanbaatar,Employee,1M-2M,Bachelor,Criminal,Once,4,OnlineSearch,SlowResponse,<1hr,4,Yes,Video,3,10k-30k,Yes,20k-50k,TransparentPricing,Yes,2
25-34,Female,Ulaanbaatar,Student,4M-6M,Master,Criminal,Once,1,OnlineSearch,Transparency,SeveralDays,5,No,InPerson,3,Free,Yes,20k-50k,GovPartnership,No,6
18-24,Female,Ulaanbaatar,Business Owner,2M-4M,HighSchool,Divorce,Once,2,PersonalContact,Transparency,SameDay,5,Yes,Chat,3,10k-30k,Maybe,20k-50k,VerifiedLawyers,Maybe,9
35-44,Female,Rural,Freelancer,<1M,Bachelor,Divorce,Once,1,PersonalContact,SlowResponse,SeveralDays,1,Yes,Chat,3,10k-30k,No,100k+,GovPartnership,Yes,3
18-24,Female,Other City,Business Owner,1M-2M,HighSchool,Divorce,FewYears,3,PersonalContact,ComplexProcess,SeveralDays,2,Yes,InPerson,3,50k-100k,No,20k-50k,SecurePayments,Yes,10
18-24,Female,Other City,Employee,1M-2M,Bachelor,Divorce,Once,2,LawFirm,Transparency,SeveralDays,4,Maybe,InPerson,4,30k-50k,Maybe,50k-100k,SecurePayments,No,8
18-24,Female,Other City,Employee,<1M,Master,Other,FewYears,3,LawFirm,HighCost,Week+,4,Maybe,Phone,3,30k-50k,Yes,20k-50k,GovPartnership,Maybe,1
35-44,Male,Ulaanbaatar,Freelancer,4M-6M,Master,Criminal,SeveralPerYear,5,PersonalContact,HighCost,Week+,1,Maybe,InPerson,3,10k-30k,Yes,20k-50k,VerifiedLawyers,Maybe,6
55+,Female,Rural,Employee,1M-2M,HighSchool,Other,FewYears,2,OnlineSearch,HighCost,Week+,3,Yes,Video,3,10k-30k,No,<20k,Reviews,No,5
35-44,Male,Ulaanbaatar,Unemployed,2M-4M,Bachelor,Business,Once,3,LawFirm,TrustIssue,SeveralDays,1,Yes,Video,5,30k-50k,Yes,100k+,GovPartnership,Maybe,3
18-24,Male,Ulaanbaatar,Unemployed,1M-2M,HighSchool,Divorce,Yearly,5,LawFirm,HighCost,<1hr,3,Yes,Chat,3,Free,Maybe,20k-50k,VerifiedLawyers,Maybe,9
18-24,Female,Ulaanbaatar,Student,<1M,Master,Property,Yearly,2,PersonalContact,Transparency,SeveralDays,4,Yes,Chat,3,30k-50k,Maybe,50k-100k,SecurePayments,No,2
35-44,Female,Ulaanbaatar,Business Owner,4M-6M,HighSchool,Labor,FewYears,1,LawFirm,TrustIssue,SeveralDays,4,Maybe,InPerson,4,50k-100k,Yes,50k-100k,TransparentPricing,No,9
18-24,Male,Rural,Student,1M-2M,Bachelor,Criminal,Yearly,5,PersonalContact,SlowResponse,SameDay,5,Yes,Phone,1,10k-30k,Yes,20k-50k,GovPartnership,No,5
25-34,Female,Ulaanbaatar,Unemployed,2M-4M,Bachelor,Property,Once,2,PersonalContact,HighCost,SameDay,1,Yes,InPerson,3,50k-100k,Yes,20k-50k,SecurePayments,Maybe,9
18-24,Male,Rural,Student,4M-6M,HighSchool,Criminal,Once,3,PersonalContact,TrustIssue,<1hr,4,Yes,Chat,5,10k-30k,Maybe,50k-100k,VerifiedLawyers,No,1
25-34,Male,Ulaanbaatar,Student,4M-6M,Master,Divorce,FewYears,3,OnlineSearch,TrustIssue,SameDay,5,Maybe,Chat,3,50k-100k,Maybe,50k-100k,TransparentPricing,No,0
45-54,Male,Rural,Freelancer,<1M,Bachelor,Business,Once,4,GovAid,SlowResponse,SameDay,5,Maybe,Chat,2,100k+,Yes,<20k,TransparentPricing,Maybe,1
18-24,Male,Other City,Student,2M-4M,HighSchool,Divorce,FewYears,1,LawFirm,Transparency,Week+,5,Yes,Video,4,30k-50k,Maybe,20k-50k,Reviews,Yes,1
25-34,Female,Rural,Employee,<1M,HighSchool,Criminal,Once,4,LawFirm,Transparency,SeveralDays,1,Maybe,Chat,1,50k-100k,Yes,<20k,VerifiedLawyers,Maybe,7
35-44,Female,Ulaanbaatar,Student,4M-6M,HighSchool,Business,Yearly,4,PersonalContact,SlowResponse,<1hr,4,Yes,Chat,2,100k+,No,20k-50k,Reviews,No,9
18-24,Male,Ulaanbaatar,Employee,4M-6M,Bachelor,Business,Yearly,4,LawFirm,ComplexProcess,Week+,1,Maybe,InPerson,4,10k-30k,Maybe,100k+,TransparentPricing,Yes,8
18-24,Male,Rural,Business Owner,1M-2M,Bachelor,Criminal,Once,2,OnlineSearch,ComplexProcess,<1hr,4,Maybe,Phone,3,Free,Yes,20k-50k,TransparentPricing,No,5
25-34,Male,Ulaanbaatar,Employee,2M-4M,Bachelor,Other,FewYears,5,LawFirm,Transparency,SeveralDays,4,Maybe,Chat,4,10k-30k,Yes,50k-100k,SecurePayments,Maybe,9
35-44,Male,Ulaanbaatar,Business Owner,1M-2M,Master,Criminal,Yearly,2,PersonalContact,HighCost,SameDay,1,No,Phone,1,10k-30k,Maybe,50k-100k,GovPartnership,Maybe,8
18-24,Male,Ulaanbaatar,Student,4M-6M,Bachelor,Immigration,SeveralPerYear,4,SocialMedia,Transparency,SeveralDays,5,Yes,Phone,5,50k-100k,Maybe,<20k,SecurePayments,Maybe,5
45-54,Male,Other City,Freelancer,2M-4M,Bachelor,Business,FewYears,2,GovAid,ComplexProcess,SeveralDays,1,Yes,Chat,2,30k-50k,No,<20k,VerifiedLawyers,Maybe,6
35-44,Female,Rural,Business Owner,<1M,Bachelor,Other,FewYears,5,PersonalContact,HighCost,<1hr,2,No,Video,2,30k-50k,Maybe,100k+,VerifiedLawyers,Maybe,8
25-34,Male,Other City,Student,1M-2M,HighSchool,Business,FewYears,1,OnlineSearch,HighCost,SameDay,2,Maybe,InPerson,4,10k-30k,Yes,20k-50k,Reviews,Maybe,3
35-44,Male,Rural,Student,4M-6M,Doctorate,Criminal,Once,5,GovAid,HighCost,<1hr,2,Yes,Phone,5,Free,Maybe,50k-100k,GovPartnership,Yes,1
45-54,Female,Rural,Employee,1M-2M,Bachelor,Other,FewYears,1,LawFirm,TrustIssue,SameDay,5,Maybe,Chat,1,50k-100k,Yes,20k-50k,VerifiedLawyers,Maybe,6
18-24,Female,Other City,Employee,2M-4M,Master,Business,SeveralPerYear,1,LawFirm,Transparency,SeveralDays,2,Yes,Chat,3,30k-50k,Yes,50k-100k,TransparentPricing,No,3
18-24,Male,Ulaanbaatar,Business Owner,2M-4M,Bachelor,Business,Once,4,PersonalContact,Transparency,<1hr,5,Yes,InPerson,1,50k-100k,Maybe,20k-50k,VerifiedLawyers,Maybe,9
18-24,Female,Ulaanbaatar,Unemployed,1M-2M,Bachelor,Criminal,Once,2,LawFirm,ComplexProcess,<1hr,5,Maybe,Chat,3,10k-30k,Maybe,20k-50k,TransparentPricing,Maybe,3
45-54,Male,Ulaanbaatar,Employee,1M-2M,HighSchool,Divorce,FewYears,4,PersonalContact,TrustIssue,SeveralDays,5,No,InPerson,3,10k-30k,Yes,50k-100k,GovPartnership,Yes,6
25-34,Female,Ulaanbaatar,Employee,4M-6M,Bachelor,Divorce,Once,4,LawFirm,SlowResponse,SeveralDays,4,Maybe,InPerson,3,50k-100k,No,50k-100k,VerifiedLawyers,Maybe,1
35-44,Male,Rural,Business Owner,4M-6M,Bachelor,Business,SeveralPerYear,2,PersonalContact,Transparency,Week+,5,Maybe,InPerson,1,50k-100k,No,50k-100k,VerifiedLawyers,Yes,4
25-34,Female,Ulaanbaatar,Employee,1M-2M,Bachelor,Property,Yearly,5,OnlineSearch,TrustIssue,SeveralDays,5,Maybe,Video,5,10k-30k,No,50k-100k,SecurePayments,Maybe,3
35-44,Female,Rural,Business Owner,1M-2M,Master,Other,FewYears,3,SocialMedia,SlowResponse,SameDay,1,Yes,Phone,3,10k-30k,No,20k-50k,SecurePayments,Yes,4
35-44,Male,Ulaanbaatar,Employee,<1M,HighSchool,Business,Once,4,PersonalContact,Transparency,SeveralDays,1,Yes,Chat,3,30k-50k,Maybe,<20k,Reviews,Yes,1
45-54,Male,Other City,Student,2M-4M,Master,Business,Once,5,LawFirm,Transparency,SeveralDays,4,Yes,Phone,3,30k-50k,Yes,50k-100k,SecurePayments,Maybe,10
25-34,Female,Ulaanbaatar,Employee,6M+,Bachelor,Property,Once,3,PersonalContact,ComplexProcess,<1hr,3,Yes,Chat,3,30k-50k,No,20k-50k,SecurePayments,Yes,2
45-54,Female,Ulaanbaatar,Student,1M-2M,Master,Immigration,SeveralPerYear,5,LawFirm,SlowResponse,SameDay,1,Yes,Chat,3,100k+,No,50k-100k,SecurePayments,Yes,4
45-54,Female,Ulaanbaatar,Freelancer,1M-2M,Bachelor,Other,FewYears,3,PersonalContact,TrustIssue,Week+,3,Yes,InPerson,1,10k-30k,Maybe,<20k,SecurePayments,No,8
18-24,Male,Ulaanbaatar,Unemployed,1M-2M,Master,Other,Once,3,OnlineSearch,SlowResponse,Week+,4,Yes,Video,2,10k-30k,No,50k-100k,Reviews,Maybe,3
25-34,Female,Ulaanbaatar,Freelancer,2M-4M,HighSchool,Other,FewYears,4,PersonalContact,Transparency,SeveralDays,4,Yes,Video,2,30k-50k,Maybe,<20k,TransparentPricing,Yes,2
18-24,Male,Ulaanbaatar,Employee,<1M,Bachelor,Property,FewYears,4,SocialMedia,Transparency,SeveralDays,3,Yes,InPerson,2,10k-30k,No,<20k,GovPartnership,No,3
25-34,Male,Ulaanbaatar,Student,1M-2M,Bachelor,Immigration,Once,1,LawFirm,ComplexProcess,SeveralDays,1,Yes,InPerson,3,10k-30k,No,50k-100k,TransparentPricing,No,9
45-54,Female,Ulaanbaatar,Employee,4M-6M,Bachelor,Divorce,FewYears,3,OnlineSearch,TrustIssue,Week+,4,Maybe,Phone,3,30k-50k,No,50k-100k,TransparentPricing,No,0
25-34,Male,Other City,Student,<1M,HighSchool,Immigration,FewYears,3,PersonalContact,Transparency,SeveralDays,4,Yes,Chat,1,Free,Yes,<20k,GovPartnership,Maybe,9
35-44,Male,Other City,Unemployed,1M-2M,Bachelor,Criminal,Yearly,2,PersonalContact,ComplexProcess,SameDay,1,Yes,Video,5,100k+,Maybe,50k-100k,VerifiedLawyers,No,9
18-24,Female,Ulaanbaatar,Employee,<1M,Doctorate,Divorce,FewYears,3,GovAid,SlowResponse,SameDay,4,Maybe,InPerson,1,50k-100k,Maybe,<20k,GovPartnership,No,9
45-54,Male,Ulaanbaatar,Employee,1M-2M,HighSchool,Business,Once,5,PersonalContact,SlowResponse,Week+,2,No,InPerson,2,30k-50k,No,<20k,TransparentPricing,Maybe,7
55+,Male,Other City,Employee,4M-6M,Bachelor,Business,Once,4,SocialMedia,SlowResponse,<1hr,3,Maybe,Chat,2,10k-30k,Yes,<20k,SecurePayments,No,9
18-24,Male,Ulaanbaatar,Student,1M-2M,Master,Labor,FewYears,5,LawFirm,ComplexProcess,SameDay,5,Yes,Phone,5,10k-30k,Maybe,<20k,TransparentPricing,Yes,6
35-44,Female,Rural,Unemployed,4M-6M,Bachelor,Business,Once,4,PersonalContact,HighCost,Week+,5,Yes,InPerson,1,30k-50k,Maybe,20k-50k,SecurePayments,Maybe,8
35-44,Female,Ulaanbaatar,Student,<1M,Bachelor,Immigration,Once,5,OnlineSearch,TrustIssue,<1hr,5,Maybe,Phone,2,30k-50k,No,<20k,TransparentPricing,Maybe,8
18-24,Female,Ulaanbaatar,Employee,<1M,HighSchool,Other,FewYears,0,LawFirm,SlowResponse,SeveralDays,1,No,Chat,0,30k-50k,Yes,20k-50k,Reviews,Maybe,7
25-34,Male,Other City,Employee,2M-4M,Bachelor,Divorce,Once,5,PersonalContact,SlowResponse,SeveralDays,3,Maybe,Chat,2,30k-50k,Maybe,<20k,Reviews,Maybe,10
18-24,Female,Ulaanbaatar,Freelancer,<1M,Bachelor,Other,Once,5,PersonalContact,SlowResponse,SeveralDays,1,Yes,InPerson,4,10k-30k,Maybe,50k-100k,SecurePayments,Maybe,3
35-44,Male,Ulaanbaatar,Employee,2M-4M,Master,Business,Yearly,3,PersonalContact,HighCost,SameDay,5,Maybe,Chat,5,10k-30k,No,20k-50k,SecurePayments,Maybe,1
25-34,Male,Other City,Employee,2M-4M,Bachelor,Business,FewYears,3,GovAid,HighCost,SeveralDays,1,Maybe,InPerson,1,30k-50k,Maybe,<20k,SecurePayments,Maybe,3
18-24,Female,Other City,Freelancer,6M+,Bachelor,Labor,Once,0,LawFirm,TrustIssue,Week+,5,Yes,Chat,6,50k-100k,Yes,<20k,GovPartnership,Yes,4
18-24,Female,Other City,Unemployed,<1M,Doctorate,Criminal,Once,1,PersonalContact,ComplexProcess,SameDay,3,Yes,Phone,1,10k-30k,Maybe,20k-50k,TransparentPricing,Maybe,7
18-24,Male,Ulaanbaatar,Employee,1M-2M,Bachelor,Business,SeveralPerYear,2,OnlineSearch,TrustIssue,SeveralDays,1,Yes,Phone,1,10k-30k,No,20k-50k,GovPartnership,No,3
18-24,Male,Ulaanbaatar,Employee,2M-4M,Bachelor,Property,Once,2,GovAid,SlowResponse,SeveralDays,1,No,Phone,4,30k-50k,Maybe,100k+,VerifiedLawyers,Yes,9
25-34,Female,Ulaanbaatar,Student,<1M,HighSchool,Labor,Once,4,PersonalContact,TrustIssue,SameDay,5,Yes,Chat,1,50k-100k,No,<20k,VerifiedLawyers,Yes,10
25-34,Male,Ulaanbaatar,Employee,1M-2M,Master,Business,Yearly,2,OnlineSearch,SlowResponse,SeveralDays,2,No,Chat,1,10k-30k,Maybe,20k-50k,Reviews,Maybe,7
18-24,Female,Other City,Employee,<1M,HighSchool,Labor,FewYears,5,PersonalContact,HighCost,SameDay,1,Maybe,Chat,1,10k-30k,Maybe,100k+,GovPartnership,No,9
45-54,Female,Ulaanbaatar,Employee,<1M,Bachelor,Criminal,SeveralPerYear,1,OnlineSearch,Transparency,Week+,5,Maybe,InPerson,4,30k-50k,No,<20k,SecurePayments,Maybe,8
25-34,Male,Ulaanbaatar,Student,<1M,Bachelor,Other,FewYears,1,PersonalContact,HighCost,SameDay,4,Yes,Phone,5,10k-30k,Maybe,100k+,TransparentPricing,Yes,1
18-24,Female,Ulaanbaatar,Student,<1M,Bachelor,Divorce,Yearly,5,PersonalContact,TrustIssue,SameDay,2,Yes,Chat,4,30k-50k,No,20k-50k,TransparentPricing,Maybe,10
25-34,Female,Ulaanbaatar,Student,1M-2M,Bachelor,Divorce,FewYears,2,OnlineSearch,ComplexProcess,SeveralDays,2,Yes,Chat,1,50k-100k,Yes,50k-100k,SecurePayments,Maybe,8
45-54,Male,Ulaanbaatar,Student,1M-2M,HighSchool,Labor,Once,4,OnlineSearch,Transparency,<1hr,3,Yes,Video,2,30k-50k,Yes,<20k,VerifiedLawyers,Maybe,8
35-44,Female,Ulaanbaatar,Employee,2M-4M,Bachelor,Business,Yearly,3,PersonalContact,SlowResponse,SeveralDays,5,No,Chat,4,10k-30k,Maybe,20k-50k,Reviews,Maybe,9
18-24,Male,Other City,Employee,1M-2M,Bachelor,Other,Once,2,OnlineSearch,HighCost,SameDay,4,Maybe,InPerson,3,Free,Maybe,20k-50k,SecurePayments,Yes,5
18-24,Female,Other City,Employee,1M-2M,Master,Immigration,SeveralPerYear,4,OnlineSearch,TrustIssue,Week+,2,Yes,InPerson,2,30k-50k,Maybe,50k-100k,SecurePayments,Maybe,0
18-24,Male,Ulaanbaatar,Business Owner,1M-2M,HighSchool,Property,Yearly,2,LawFirm,HighCost,SameDay,3,Maybe,Video,1,Free,No,50k-100k,TransparentPricing,Maybe,4
45-54,Female,Ulaanbaatar,Student,1M-2M,Bachelor,Other,FewYears,5,OnlineSearch,Transparency,Week+,5,No,Video,4,100k+,Maybe,20k-50k,SecurePayments,Maybe,8
18-24,Female,Ulaanbaatar,Unemployed,<1M,Master,Other,SeveralPerYear,4,OnlineSearch,Transparency,SeveralDays,2,Yes,InPerson,5,30k-50k,Maybe,20k-50k,Reviews,Maybe,10
18-24,Male,Ulaanbaatar,Student,4M-6M,Bachelor,Divorce,Once,2,PersonalContact,TrustIssue,<1hr,1,Yes,Video,3,10k-30k,No,50k-100k,Reviews,Maybe,2
25-34,Female,Rural,Freelancer,<1M,Bachelor,Labor,SeveralPerYear,2,OnlineSearch,ComplexProcess,SameDay,4,Yes,Chat,1,30k-50k,Yes,20k-50k,Reviews,Yes,3
25-34,Female,Ulaanbaatar,Business Owner,2M-4M,Bachelor,Business,Once,4,OnlineSearch,SlowResponse,SeveralDays,3,Yes,InPerson,1,30k-50k,No,20k-50k,SecurePayments,Maybe,3
18-24,Male,Ulaanbaatar,Student,4M-6M,Bachelor,Divorce,FewYears,3,OnlineSearch,HighCost,<1hr,3,Maybe,Chat,2,10k-30k,Yes,100k+,SecurePayments,No,5
18-24,Male,Rural,Student,1M-2M,Bachelor,Divorce,Yearly,4,OnlineSearch,TrustIssue,SeveralDays,1,No,Chat,1,50k-100k,Yes,20k-50k,TransparentPricing,Maybe,1
18-24,Female,Ulaanbaatar,Student,1M-2M,Doctorate,Labor,Yearly,4,SocialMedia,HighCost,<1hr,2,Yes,Video,1,10k-30k,Yes,20k-50k,Reviews,Maybe,3
25-34,Female,Rural,Employee,1M-2M,Bachelor,Criminal,SeveralPerYear,5,PersonalContact,HighCost,SameDay,4,No,Chat,4,50k-100k,No,20k-50k,GovPartnership,Yes,2
18-24,Female,Ulaanbaatar,Employee,Unknown,Master,Labor,FewYears,2,LawFirm,Transparency,Week+,3,Yes,Chat,3,10k-30k,No,20k-50k,SecurePayments,Yes,1
18-24,Male,Ulaanbaatar,Employee,<1M,HighSchool,Divorce,Yearly,1,PersonalContact,HighCost,SameDay,3,Yes,InPerson,3,30k-50k,Yes,20k-50k,VerifiedLawyers,No,1
35-44,Male,Ulaanbaatar,Employee,<1M,Bachelor,Business,Once,5,OnlineSearch,HighCost,Week+,1,Yes,Phone,3,30k-50k,Yes,20k-50k,VerifiedLawyers,Maybe,1
45-54,Male,Ulaanbaatar,Student,1M-2M,Bachelor,Criminal,Once,5,OnlineSearch,SlowResponse,SameDay,3,Maybe,Chat,4,30k-50k,No,<20k,VerifiedLawyers,No,3
55+,Male,Ulaanbaatar,Employee,1M-2M,HighSchool,Labor,SeveralPerYear,3,OnlineSearch,ComplexProcess,<1hr,3,Maybe,InPerson,1,30k-50k,Maybe,20k-50k,GovPartnership,Maybe,7
25-34,Male,Ulaanbaatar,Employee,1M-2M,Master,Business,Once,3,LawFirm,SlowResponse,<1hr,4,Yes,Video,1,50k-100k,Maybe,50k-100k,Reviews,Yes,6
18-24,Male,Ulaanbaatar,Freelancer,<1M,Bachelor,Criminal,SeveralPerYear,3,PersonalContact,ComplexProcess,SeveralDays,2,Yes,Video,1,10k-30k,Maybe,<20k,GovPartnership,Maybe,8
35-44,Female,Ulaanbaatar,Employee,1M-2M,HighSchool,Divorce,FewYears,4,GovAid,Transparency,SameDay,5,No,Video,4,50k-100k,Maybe,100k+,SecurePayments,Maybe,0
35-44,Male,Other City,Student,<1M,HighSchool,Divorce,Once,3,LawFirm,Transparency,SeveralDays,5,No,InPerson,1,50k-100k,Maybe,20k-50k,VerifiedLawyers,Maybe,8
55+,Female,Ulaanbaatar,Freelancer,2M-4M,Bachelor,Divorce,FewYears,5,PersonalContact,HighCost,Week+,1,No,Chat,3,Free,Maybe,<20k,TransparentPricing,No,8
18-24,Female,Ulaanbaatar,Employee,1M-2M,Bachelor,Property,Once,3,LawFirm,HighCost,SameDay,2,Maybe,InPerson,3,Free,Maybe,20k-50k,TransparentPricing,Maybe,3
45-54,Female,Ulaanbaatar,Unemployed,<1M,Bachelor,Business,FewYears,2,GovAid,SlowResponse,Week+,2,Yes,Chat,1,50k-100k,Yes,100k+,SecurePayments,Maybe,4
18-24,Male,Ulaanbaatar,Employee,4M-6M,HighSchool,Property,Yearly,2,OnlineSearch,SlowResponse,SameDay,4,No,Phone,1,50k-100k,Yes,<20k,Reviews,No,8
35-44,Female,Ulaanbaatar,Student,2M-4M,Bachelor,Divorce,Once,1,PersonalContact,SlowResponse,SeveralDays,3,Yes,Video,1,50k-100k,Yes,50k-100k,SecurePayments,Yes,0
55+,Female,Ulaanbaatar,Employee,<1M,Bachelor,Criminal,FewYears,1,OnlineSearch,TrustIssue,SameDay,4,Yes,Video,3,50k-100k,Yes,100k+,TransparentPricing,No,1
18-24,Male,Ulaanbaatar,Business Owner,2M-4M,Bachelor,Divorce,Once,2,LawFirm,HighCost,SeveralDays,3,Yes,Chat,5,10k-30k,Yes,100k+,Reviews,Maybe,0
35-44,Male,Ulaanbaatar,Business Owner,1M-2M,Bachelor,Immigration,Once,3,LawFirm,TrustIssue,SameDay,4,Yes,Chat,4,30k-50k,Maybe,20k-50k,TransparentPricing,No,6
35-44,Male,Ulaanbaatar,Unemployed,2M-4M,Bachelor,Divorce,FewYears,5,PersonalContact,ComplexProcess,SameDay,5,Yes,Chat,1,30k-50k,Maybe,100k+,TransparentPricing,Maybe,4
18-24,Male,Ulaanbaatar,Student,2M-4M,Bachelor,Other,FewYears,2,GovAid,ComplexProcess,Week+,5,Yes,Chat,1,50k-100k,Maybe,<20k,VerifiedLawyers,Maybe,2
45-54,Female,Rural,Unemployed,4M-6M,Master,Divorce,Yearly,4,LawFirm,ComplexProcess,SeveralDays,2,Maybe,Video,3,10k-30k,Yes,20k-50k,VerifiedLawyers,Maybe,1
18-24,Female,Rural,Student,<1M,HighSchool,Business,Once,3,SocialMedia,Transparency,SeveralDays,5,Yes,InPerson,5,Free,Maybe,100k+,SecurePayments,Yes,6
18-24,Female,Ulaanbaatar,Employee,6M+,Master,Property,Yearly,4,PersonalContact,ComplexProcess,Week+,5,Maybe,Phone,3,10k-30k,Maybe,<20k,SecurePayments,Maybe,3
18-24,Female,Ulaanbaatar,Freelancer,<1M,Bachelor,Business,FewYears,4,SocialMedia,Transparency,Week+,5,Yes,Chat,3,30k-50k,No,<20k,GovPartnership,No,10
18-24,Male,Ulaanbaatar,Employee,2M-4M,HighSchool,Business,Once,2,OnlineSearch,TrustIssue,SameDay,5,Yes,Phone,2,50k-100k,Maybe,100k+,TransparentPricing,Maybe,8
18-24,Male,Other City,Employee,4M-6M,Bachelor,Divorce,FewYears,4,LawFirm,Transparency,SeveralDays,3,Yes,Phone,3,Free,Yes,100k+,Reviews,Maybe,0
35-44,Female,Ulaanbaatar,Employee,1M-2M,HighSchool,Property,Once,4,LawFirm,SlowResponse,SameDay,1,Maybe,InPerson,1,100k+,No,50k-100k,TransparentPricing,No,10
18-24,Male,Ulaanbaatar,Student,1M-2M,Bachelor,Other,Yearly,5,OnlineSearch,TrustIssue,SeveralDays,1,Yes,Chat,5,30k-50k,Maybe,20k-50k,GovPartnership,No,1
25-34,Female,Other City,Unemployed,1M-2M,Bachelor,Property,Once,4,PersonalContact,SlowResponse,Week+,5,Yes,InPerson,4,10k-30k,No,20k-50k,Reviews,Maybe,4
18-24,Female,Other City,Employee,1M-2M,HighSchool,Other,Once,1,SocialMedia,Transparency,<1hr,3,Maybe,InPerson,3,30k-50k,Yes,50k-100k,SecurePayments,Yes,2
25-34,Female,Rural,Student,<1M,Bachelor,Business,Once,3,GovAid,Transparency,<1hr,5,Maybe,Phone,4,50k-100k,Maybe,<20k,Reviews,No,7
25-34,Female,Other City,Freelancer,<1M,HighSchool,Property,FewYears,1,GovAid,HighCost,SeveralDays,2,Maybe,Phone,2,10k-30k,Yes,20k-50k,SecurePayments,No,5
18-24,Female,Other City,Student,2M-4M,Bachelor,Business,Once,1,OnlineSearch,SlowResponse,SameDay,3,Yes,Video,1,30k-50k,Yes,50k-100k,TransparentPricing,No,10
18-24,Male,Other City,Freelancer,<1M,Bachelor,Divorce,Once,1,PersonalContact,HighCost,SameDay,3,Yes,InPerson,4,Free,No,50k-100k,TransparentPricing,No,9
35-44,Female,Ulaanbaatar,Employee,2M-4M,Bachelor,Divorce,Once,4,OnlineSearch,TrustIssue,SameDay,1,Yes,Phone,3,30k-50k,Maybe,<20k,Reviews,Maybe,1
25-34,Male,Ulaanbaatar,Employee,Unknown,Master,Divorce,Once,4,OnlineSearch,HighCost,SeveralDays,1,No,InPerson,5,50k-100k,Yes,100k+,SecurePayments,Yes,5
25-34,Female,Ulaanbaatar,Employee,1M-2M,HighSchool,Business,Once,3,SocialMedia,TrustIssue,SeveralDays,5,Yes,InPerson,4,10k-30k,Maybe,<20k,SecurePayments,Maybe,0
45-54,Female,Rural,Student,<1M,HighSchool,Labor,FewYears,1,PersonalContact,HighCost,SameDay,2,Yes,Video,4,30k-50k,Maybe,<20k,VerifiedLawyers,Yes,8
55+,Other,Ulaanbaatar,Unemployed,1M-2M,Bachelor,Criminal,FewYears,5,PersonalContact,SlowResponse,SeveralDays,4,Maybe,Video,3,10k-30k,Yes,50k-100k,TransparentPricing,Maybe,4
35-44,Male,Rural,Student,<1M,Master,Criminal,Once,5,PersonalContact,Transparency,<1hr,5,Maybe,Chat,2,10k-30k,Maybe,20k-50k,GovPartnership,Maybe,2
55+,Male,Ulaanbaatar,Student,<1M,Master,Business,FewYears,2,OnlineSearch,HighCost,Week+,2,Maybe,Chat,2,Free,Yes,<20k,VerifiedLawyers,No,6
18-24,Female,Other City,Business Owner,2M-4M,HighSchool,Criminal,Once,2,PersonalContact,HighCost,SeveralDays,3,Maybe,Chat,3,30k-50k,Maybe,20k-50k,Reviews,Maybe,4
18-24,Male,Ulaanbaatar,Business Owner,1M-2M,HighSchool,Labor,Yearly,3,PersonalContact,TrustIssue,SeveralDays,5,Yes,InPerson,1,30k-50k,No,20k-50k,VerifiedLawyers,Maybe,10
55+,Male,Other City,Employee,4M-6M,Bachelor,Business,Once,2,PersonalContact,Transparency,SameDay,5,Yes,Chat,2,Free,No,50k-100k,SecurePayments,No,5
25-34,Female,Ulaanbaatar,Student,6M+,HighSchool,Immigration,SeveralPerYear,5,LawFirm,ComplexProcess,SeveralDays,1,Yes,Chat,2,10k-30k,Yes,<20k,GovPartnership,Yes,1
25-34,Female,Rural,Student,<1M,HighSchool,Labor,Once,3,OnlineSearch,Transparency,SeveralDays,3,Yes,InPerson,5,50k-100k,Maybe,20k-50k,GovPartnership,Yes,7
55+,Male,Ulaanbaatar,Student,1M-2M,Master,Business,Once,5,LawFirm,SlowResponse,SeveralDays,4,Yes,Chat,3,10k-30k,Yes,100k+,GovPartnership,Yes,4
25-34,Female,Ulaanbaatar,Employee,2M-4M,HighSchool,Labor,FewYears,2,GovAid,HighCost,<1hr,5,Yes,Chat,5,10k-30k,Maybe,<20k,VerifiedLawyers,Maybe,0
45-54,Female,Ulaanbaatar,Student,<1M,HighSchool,Labor,Once,4,SocialMedia,Transparency,SeveralDays,1,Maybe,InPerson,1,30k-50k,Yes,50k-100k,GovPartnership,Maybe,9
35-44,Female,Other City,Employee,1M-2M,Bachelor,Business,Yearly,5,SocialMedia,TrustIssue,SeveralDays,2,Maybe,Chat,3,30k-50k,No,<20k,Reviews,Maybe,6
45-54,Male,Other City,Unemployed,<1M,Bachelor,Labor,Once,5,SocialMedia,SlowResponse,SeveralDays,2,No,Chat,1,Free,No,<20k,GovPartnership,Maybe,8
25-34,Female,Other City,Freelancer,Unknown,HighSchool,Other,SeveralPerYear,2,PersonalContact,ComplexProcess,Week+,4,Maybe,Chat,4,30k-50k,No,<20k,SecurePayments,Maybe,0
55+,Female,Other City,Student,2M-4M,Bachelor,Other,Yearly,3,PersonalContact,TrustIssue,SameDay,5,Maybe,Chat,4,30k-50k,No,<20k,TransparentPricing,Yes,8
18-24,Male,Ulaanbaatar,Employee,6M+,HighSchool,Business,Yearly,1,PersonalContact,Transparency,SameDay,2,Maybe,Video,2,10k-30k,Yes,<20k,Reviews,Yes,4
35-44,Female,Ulaanbaatar,Student,2M-4M,HighSchool,Divorce,SeveralPerYear,1,LawFirm,SlowResponse,SeveralDays,4,Yes,InPerson,4,10k-30k,Maybe,100k+,VerifiedLawyers,Maybe,0
18-24,Male,Ulaanbaatar,Student,1M-2M,Bachelor,Divorce,Once,5,PersonalContact,ComplexProcess,Week+,3,Yes,Chat,4,10k-30k,Maybe,50k-100k,VerifiedLawyers,Yes,3
25-34,Female,Other City,Student,<1M,Doctorate,Other,FewYears,2,GovAid,ComplexProcess,Week+,3,No,Chat,4,30k-50k,Maybe,20k-50k,VerifiedLawyers,No,10
35-44,Male,Ulaanbaatar,Student,<1M,Bachelor,Business,FewYears,2,SocialMedia,TrustIssue,Week+,1,Yes,Phone,4,10k-30k,Yes,20k-50k,TransparentPricing,No,5
35-44,Female,Ulaanbaatar,Freelancer,1M-2M,Master,Immigration,Once,3,GovAid,ComplexProcess,SameDay,3,Maybe,Phone,4,30k-50k,Maybe,20k-50k,TransparentPricing,No,4
25-34,Female,Ulaanbaatar,Student,<1M,Bachelor,Labor,Once,3,PersonalContact,SlowResponse,SameDay,3,Maybe,Chat,4,10k-30k,Maybe,20k-50k,SecurePayments,No,2
45-54,Male,Ulaanbaatar,Student,2M-4M,Master,Business,Once,1,PersonalContact,TrustIssue,SeveralDays,2,Yes,Chat,5,50k-100k,Maybe,20k-50k,GovPartnership,No,9
18-24,Female,Ulaanbaatar,Employee,2M-4M,HighSchool,Business,FewYears,4,PersonalContact,ComplexProcess,Week+,5,Yes,Phone,4,30k-50k,Maybe,20k-50k,GovPartnership,Maybe,1
35-44,Female,Ulaanbaatar,Unemployed,1M-2M,Bachelor,Divorce,FewYears,2,LawFirm,HighCost,SameDay,2,Maybe,InPerson,3,30k-50k,Yes,<20k,VerifiedLawyers,Maybe,5
18-24,Male,Ulaanbaatar,Student,1M-2M,Bachelor,Criminal,Yearly,1,LawFirm,ComplexProcess,SeveralDays,3,Maybe,Phone,4,10k-30k,Maybe,50k-100k,TransparentPricing,Maybe,4
35-44,Female,Ulaanbaatar,Business Owner,1M-2M,HighSchool,Property,Once,5,LawFirm,ComplexProcess,SeveralDays,1,Maybe,Chat,4,50k-100k,Yes,20k-50k,TransparentPricing,Yes,7
18-24,Female,Other City,Employee,<1M,Bachelor,Labor,Yearly,4,SocialMedia,ComplexProcess,SameDay,3,Yes,Chat,3,Free,Yes,20k-50k,TransparentPricing,Maybe,0
18-24,Female,Ulaanbaatar,Employee,4M-6M,HighSchool,Divorce,Yearly,3,PersonalContact,Transparency,SameDay,2,Yes,InPerson,1,30k-50k,Maybe,50k-100k,Reviews,No,1
35-44,Male,Ulaanbaatar,Employee,2M-4M,Bachelor,Other,FewYears,3,LawFirm,Transparency,Week+,3,Yes,InPerson,4,100k+,No,<20k,VerifiedLawyers,No,6
35-44,Female,Ulaanbaatar,Employee,1M-2M,Master,Divorce,SeveralPerYear,5,PersonalContact,TrustIssue,SameDay,2,Yes,Chat,1,Free,Yes,20k-50k,VerifiedLawyers,Yes,8
18-24,Male,Rural,Student,2M-4M,Bachelor,Divorce,Once,2,OnlineSearch,Transparency,<1hr,5,Yes,Chat,3,10k-30k,Maybe,20k-50k,VerifiedLawyers,Maybe,0
35-44,Male,Ulaanbaatar,Student,<1M,Master,Property,Once,3,PersonalContact,HighCost,SeveralDays,5,No,Video,2,10k-30k,Yes,100k+,Reviews,Yes,10
25-34,Other,Other City,Employee,1M-2M,Bachelor,Business,Once,2,LawFirm,Transparency,SameDay,3,No,Chat,1,30k-50k,Maybe,20k-50k,GovPartnership,Maybe,5
25-34,Female,Ulaanbaatar,Student,4M-6M,Doctorate,Business,Once,4,LawFirm,SlowResponse,SameDay,5,No,Phone,1,30k-50k,No,20k-50k,SecurePayments,Yes,2
25-34,Male,Rural,Freelancer,<1M,Bachelor,Divorce,FewYears,4,LawFirm,HighCost,<1hr,1,Maybe,Video,4,10k-30k,Maybe,20k-50k,TransparentPricing,Maybe,3
45-54,Female,Ulaanbaatar,Unemployed,1M-2M,Master,Labor,Once,2,OnlineSearch,SlowResponse,<1hr,5,Yes,Chat,1,30k-50k,Yes,50k-100k,SecurePayments,Yes,10
25-34,Male,Ulaanbaatar,Unemployed,<1M,Master,Business,Once,1,LawFirm,ComplexProcess,SeveralDays,1,Yes,Video,1,30k-50k,Maybe,50k-100k,TransparentPricing,Maybe,9
45-54,Male,Ulaanbaatar,Employee,<1M,Bachelor,Divorce,Once,3,OnlineSearch,Transparency,SeveralDays,4,Maybe,Video,4,Free,Maybe,20k-50k,GovPartnership,No,9
25-34,Female,Ulaanbaatar,Business Owner,<1M,Bachelor,Business,Once,1,PersonalContact,Transparency,Week+,5,No,Chat,2,50k-100k,No,20k-50k,GovPartnership,Maybe,0
25-34,Female,Ulaanbaatar,Unemployed,2M-4M,Bachelor,Business,Once,2,PersonalContact,Transparency,SameDay,5,Yes,Video,1,50k-100k,Maybe,20k-50k,TransparentPricing,Maybe,4
18-24,Male,Rural,Business Owner,1M-2M,HighSchool,Immigration,Yearly,2,PersonalContact,TrustIssue,SameDay,1,Yes,Video,1,10k-30k,Yes,50k-100k,TransparentPricing,Yes,7
35-44,Male,Ulaanbaatar,Unemployed,<1M,Bachelor,Immigration,Once,2,OnlineSearch,SlowResponse,SeveralDays,2,Yes,Chat,1,10k-30k,No,20k-50k,GovPartnership,Maybe,1
45-54,Male,Ulaanbaatar,Student,<1M,Bachelor,Criminal,FewYears,2,PersonalContact,TrustIssue,SeveralDays,4,Maybe,InPerson,2,30k-50k,Yes,20k-50k,SecurePayments,Maybe,2
25-34,Male,Other City,Unemployed,1M-2M,Bachelor,Other,FewYears,4,GovAid,SlowResponse,SameDay,2,No,Chat,5,30k-50k,Yes,<20k,TransparentPricing,Maybe,6
25-34,Female,Other City,Student,1M-2M,Bachelor,Criminal,Once,5,LawFirm,SlowResponse,SameDay,4,Yes,Chat,5,50k-100k,Maybe,<20k,Reviews,Yes,4
25-34,Male,Ulaanbaatar,Student,1M-2M,Bachelor,Labor,Once,3,GovAid,SlowResponse,SameDay,5,Yes,Chat,4,50k-100k,Maybe,20k-50k,VerifiedLawyers,Maybe,4
18-24,Female,Ulaanbaatar,Unemployed,4M-6M,Bachelor,Business,Yearly,4,OnlineSearch,HighCost,<1hr,4,No,Video,1,10k-30k,Maybe,<20k,TransparentPricing,No,0
45-54,Female,Other City,Unemployed,<1M,HighSchool,Business,Yearly,4,OnlineSearch,TrustIssue,<1hr,2,Maybe,Chat,3,50k-100k,Maybe,<20k,VerifiedLawyers,Yes,4
35-44,Female,Rural,Student,<1M,Bachelor,Criminal,FewYears,1,GovAid,ComplexProcess,Week+,2,Maybe,Video,4,100k+,No,20k-50k,Reviews,Maybe,6
25-34,Female,Ulaanbaatar,Employee,Unknown,Master,Immigration,SeveralPerYear,2,LawFirm,Transparency,SameDay,1,Yes,InPerson,4,50k-100k,Yes,20k-50k,SecurePayments,No,4
18-24,Female,Other City,Employee,6M+,HighSchool,Business,FewYears,5,GovAid,ComplexProcess,Week+,5,Yes,Phone,4,10k-30k,No,50k-100k,TransparentPricing,Yes,5
25-34,Female,Other City,Freelancer,4M-6M,Bachelor,Property,FewYears,2,OnlineSearch,HighCost,SameDay,2,Maybe,Phone,4,10k-30k,Yes,50k-100k,GovPartnership,Maybe,6
25-34,Male,Ulaanbaatar,Employee,2M-4M,Bachelor,Divorce,Yearly,5,PersonalContact,SlowResponse,SeveralDays,2,Yes,Video,5,30k-50k,Maybe,<20k,Reviews,No,0
18-24,Other,Other City,Unemployed,<1M,Master,Other,Once,3,SocialMedia,ComplexProcess,SameDay,1,No,InPerson,5,100k+,Maybe,<20k,SecurePayments,No,9
35-44,Female,Ulaanbaatar,Student,6M+,Bachelor,Immigration,FewYears,2,LawFirm,Transparency,Week+,2,Yes,InPerson,1,10k-30k,Maybe,20k-50k,Reviews,Yes,1
18-24,Male,Ulaanbaatar,Student,1M-2M,HighSchool,Business,FewYears,3,PersonalContact,ComplexProcess,SeveralDays,3,Yes,Chat,5,30k-50k,No,50k-100k,Reviews,Yes,5
18-24,Female,Ulaanbaatar,Employee,6M+,Bachelor,Criminal,FewYears,2,PersonalContact,ComplexProcess,<1hr,1,Yes,Chat,2,10k-30k,No,50k-100k,Reviews,Maybe,8
18-24,Male,Ulaanbaatar,Employee,1M-2M,Bachelor,Business,FewYears,2,PersonalContact,TrustIssue,SameDay,4,Yes,InPerson,1,10k-30k,Yes,20k-50k,Reviews,Yes,0
35-44,Male,Rural,Unemployed,<1M,Master,Other,Once,3,PersonalContact,Transparency,SameDay,3,Yes,Chat,1,10k-30k,Yes,50k-100k,SecurePayments,Maybe,8
25-34,Female,Ulaanbaatar,Freelancer,4M-6M,HighSchool,Divorce,Once,2,OnlineSearch,HighCost,SameDay,5,Maybe,Video,1,Free,No,20k-50k,SecurePayments,Yes,0
35-44,Male,Ulaanbaatar,Employee,1M-2M,Bachelor,Business,Once,5,SocialMedia,TrustIssue,SameDay,4,Yes,Chat,5,Free,Maybe,<20k,VerifiedLawyers,Maybe,4
18-24,Male,Ulaanbaatar,Freelancer,1M-2M,Doctorate,Property,FewYears,2,PersonalContact,HighCost,SeveralDays,3,Maybe,Video,5,10k-30k,Yes,50k-100k,VerifiedLawyers,Maybe,0
25-34,Female,Other City,Student,<1M,HighSchool,Divorce,SeveralPerYear,4,LawFirm,SlowResponse,Week+,1,Maybe,InPerson,2,10k-30k,No,20k-50k,VerifiedLawyers,Maybe,5
45-54,Male,Ulaanbaatar,Student,4M-6M,HighSchool,Criminal,FewYears,5,LawFirm,SlowResponse,SameDay,2,No,Chat,5,50k-100k,Yes,50k-100k,VerifiedLawyers,No,10
25-34,Female,Ulaanbaatar,Employee,2M-4M,Bachelor,Labor,Once,4,LawFirm,HighCost,SeveralDays,2,Maybe,Video,5,10k-30k,No,<20k,Reviews,Yes,3
45-54,Male,Ulaanbaatar,Student,1M-2M,Bachelor,Divorce,FewYears,3,GovAid,HighCost,SameDay,1,Yes,Video,5,10k-30k,Maybe,100k+,TransparentPricing,No,7
55+,Female,Ulaanbaatar,Business Owner,2M-4M,Bachelor,Property,Yearly,3,SocialMedia,SlowResponse,SeveralDays,5,Yes,Chat,2,30k-50k,Yes,50k-100k,VerifiedLawyers,Maybe,1
18-24,Female,Ulaanbaatar,Employee,1M-2M,Bachelor,Divorce,Once,5,LawFirm,HighCost,SameDay,5,Yes,Chat,2,50k-100k,Yes,20k-50k,TransparentPricing,Maybe,8
25-34,Male,Ulaanbaatar,Student,2M-4M,Doctorate,Divorce,Yearly,2,LawFirm,Transparency,SeveralDays,2,Yes,InPerson,4,10k-30k,No,20k-50k,VerifiedLawyers,No,4
25-34,Male,Ulaanbaatar,Employee,<1M,Master,Business,Once,2,OnlineSearch,SlowResponse,SeveralDays,4,Yes,Chat,3,30k-50k,Maybe,<20k,GovPartnership,Maybe,4
18-24,Male,Other City,Employee,1M-2M,Bachelor,Criminal,Once,1,PersonalContact,HighCost,SameDay,1,Maybe,InPerson,2,10k-30k,Maybe,<20k,SecurePayments,No,1
25-34,Male,Ulaanbaatar,Employee,6M+,Bachelor,Divorce,Once,5,PersonalContact,TrustIssue,Week+,2,Yes,Video,3,50k-100k,Yes,20k-50k,VerifiedLawyers,Yes,6
18-24,Male,Other City,Student,2M-4M,Bachelor,Criminal,Once,4,LawFirm,TrustIssue,<1hr,1,Yes,Phone,1,50k-100k,No,20k-50k,TransparentPricing,Maybe,2
25-34,Male,Ulaanbaatar,Employee,4M-6M,Bachelor,Divorce,FewYears,1,PersonalContact,TrustIssue,SameDay,5,Yes,Video,5,30k-50k,No,20k-50k,Reviews,Maybe,10
25-34,Female,Ulaanbaatar,Freelancer,1M-2M,Bachelor,Other,Once,4,PersonalContact,HighCost,SeveralDays,3,Maybe,InPerson,4,10k-30k,Yes,<20k,VerifiedLawyers,Maybe,1
18-24,Male,Ulaanbaatar,Student,2M-4M,Bachelor,Business,Once,8,OnlineSearch,ComplexProcess,SeveralDays,4,Maybe,Video,6,30k-50k,Maybe,20k-50k,VerifiedLawyers,Yes,1
35-44,Male,Ulaanbaatar,Employee,<1M,Bachelor,Criminal,Once,2,PersonalContact,Transparency,<1hr,5,Maybe,Chat,3,30k-50k,Yes,50k-100k,VerifiedLawyers,No,4
25-34,Male,Ulaanbaatar,Employee,2M-4M,Master,Labor,FewYears,4,OnlineSearch,TrustIssue,Week+,4,Yes,Phone,2,50k-100k,Maybe,<20k,GovPartnership,Maybe,4
25-34,Male,Ulaanbaatar,Business Owner,1M-2M,Master,Divorce,Once,4,PersonalContact,SlowResponse,<1hr,1,Yes,Phone,3,50k-100k,Yes,<20k,GovPartnership,No,8
45-54,Other,Ulaanbaatar,Employee,<1M,HighSchool,Other,FewYears,5,PersonalContact,ComplexProcess,SameDay,5,Yes,Video,3,10k-30k,Yes,50k-100k,VerifiedLawyers,No,1
55+,Female,Ulaanbaatar,Unemployed,1M-2M,Bachelor,Criminal,Once,4,PersonalContact,SlowResponse,SameDay,5,Yes,InPerson,2,10k-30k,No,20k-50k,SecurePayments,No,6
18-24,Male,Ulaanbaatar,Employee,2M-4M,Bachelor,Immigration,Yearly,5,PersonalContact,SlowResponse,Week+,4,Yes,Video,2,Free,Maybe,20k-50k,Reviews,Yes,5
55+,Female,Ulaanbaatar,Freelancer,<1M,Bachelor,Property,Once,2,GovAid,SlowResponse,<1hr,2,Yes,Chat,4,Free,Maybe,20k-50k,Reviews,Maybe,6
25-34,Female,Rural,Student,1M-2M,Master,Divorce,Once,5,PersonalContact,TrustIssue,SeveralDays,3,Maybe,Chat,1,10k-30k,Yes,50k-100k,SecurePayments,Maybe,10
45-54,Male,Other City,Unemployed,1M-2M,HighSchool,Business,SeveralPerYear,3,PersonalContact,Transparency,SameDay,4,Yes,Video,4,50k-100k,Maybe,20k-50k,GovPartnership,Yes,4
18-24,Female,Ulaanbaatar,Employee,2M-4M,HighSchool,Business,Once,1,OnlineSearch,Transparency,<1hr,4,Maybe,Phone,3,50k-100k,Yes,20k-50k,TransparentPricing,Maybe,2
18-24,Female,Ulaanbaatar,Employee,4M-6M,Master,Divorce,Once,1,PersonalContact,SlowResponse,Week+,5,Maybe,Video,1,100k+,No,100k+,Reviews,Yes,2
18-24,Male,Ulaanbaatar,Freelancer,Unknown,Bachelor,Other,Once,3,GovAid,Transparency,SeveralDays,5,Yes,InPerson,1,30k-50k,Yes,20k-50k,SecurePayments,No,3
25-34,Female,Ulaanbaatar,Student,1M-2M,HighSchool,Criminal,Once,4,PersonalContact,HighCost,Week+,2,No,Phone,4,50k-100k,Yes,50k-100k,SecurePayments,Maybe,9
18-24,Female,Other City,Student,4M-6M,Master,Labor,Once,2,GovAid,ComplexProcess,SameDay,1,Yes,Video,5,50k-100k,No,<20k,GovPartnership,No,0
25-34,Male,Ulaanbaatar,Employee,<1M,Bachelor,Immigration,Once,3,SocialMedia,ComplexProcess,<1hr,5,Yes,Chat,3,30k-50k,Maybe,<20k,GovPartnership,Maybe,2
35-44,Male,Ulaanbaatar,Employee,2M-4M,Bachelor,Immigration,Once,1,SocialMedia,HighCost,Week+,2,Yes,InPerson,4,10k-30k,Yes,20k-50k,VerifiedLawyers,Maybe,4
35-44,Female,Ulaanbaatar,Freelancer,6M+,Master,Divorce,FewYears,4,SocialMedia,SlowResponse,SeveralDays,3,Maybe,Video,2,10k-30k,Yes,20k-50k,SecurePayments,Yes,9
35-44,Male,Other City,Student,Unknown,Master,Divorce,FewYears,4,PersonalContact,Transparency,SameDay,5,Yes,Chat,3,10k-30k,Maybe,20k-50k,SecurePayments,No,0
25-34,Female,Ulaanbaatar,Freelancer,<1M,Bachelor,Immigration,FewYears,1,PersonalContact,Transparency,SameDay,3,Yes,Phone,3,50k-100k,No,<20k,GovPartnership,Yes,1
55+,Male,Other City,Business Owner,1M-2M,Master,Property,Once,2,SocialMedia,SlowResponse,SeveralDays,5,Maybe,InPerson,2,50k-100k,Maybe,20k-50k,VerifiedLawyers,Yes,10
18-24,Female,Ulaanbaatar,Freelancer,1M-2M,HighSchool,Business,SeveralPerYear,3,GovAid,SlowResponse,SameDay,3,Yes,Video,1,10k-30k,Yes,<20k,Reviews,Maybe,0
45-54,Male,Ulaanbaatar,Freelancer,<1M,HighSchool,Labor,FewYears,1,OnlineSearch,SlowResponse,<1hr,1,Yes,Chat,4,10k-30k,Yes,20k-50k,GovPartnership,Yes,3
55+,Female,Ulaanbaatar,Business Owner,2M-4M,Bachelor,Business,Once,4,OnlineSearch,SlowResponse,<1hr,5,Maybe,Chat,3,30k-50k,Yes,50k-100k,TransparentPricing,Maybe,9
18-24,Male,Ulaanbaatar,Student,<1M,HighSchool,Property,SeveralPerYear,4,PersonalContact,SlowResponse,SameDay,5,Maybe,Chat,3,30k-50k,Yes,<20k,TransparentPricing,No,8
25-34,Female,Rural,Employee,<1M,HighSchool,Labor,FewYears,5,OnlineSearch,ComplexProcess,<1hr,3,Yes,Phone,2,10k-30k,No,<20k,SecurePayments,Maybe,0
35-44,Other,Ulaanbaatar,Business Owner,4M-6M,Bachelor,Divorce,FewYears,2,OnlineSearch,SlowResponse,Week+,2,Yes,InPerson,2,100k+,No,<20k,SecurePayments,Maybe,5
25-34,Male,Ulaanbaatar,Student,<1M,Bachelor,Divorce,FewYears,1,LawFirm,HighCost,<1hr,2,Maybe,Chat,2,Free,Maybe,20k-50k,VerifiedLawyers,Maybe,4
55+,Male,Other City,Freelancer,2M-4M,Doctorate,Divorce,Once,5,OnlineSearch,SlowResponse,SeveralDays,1,Yes,Chat,4,10k-30k,Maybe,<20k,VerifiedLawyers,No,0
35-44,Male,Rural,Business Owner,2M-4M,Bachelor,Business,FewYears,2,PersonalContact,TrustIssue,Week+,2,Yes,Chat,1,30k-50k,Maybe,50k-100k,GovPartnership,Maybe,3
25-34,Male,Ulaanbaatar,Business Owner,<1M,HighSchool,Other,SeveralPerYear,3,OnlineSearch,ComplexProcess,SeveralDays,3,Yes,Phone,4,100k+,Yes,50k-100k,GovPartnership,No,5
45-54,Female,Rural,Student,6M+,Bachelor,Other,Once,3,OnlineSearch,SlowResponse,SameDay,2,Yes,Phone,5,30k-50k,Maybe,20k-50k,VerifiedLawyers,Maybe,0
45-54,Female,Other City,Employee,1M-2M,Bachelor,Other,FewYears,3,GovAid,SlowResponse,SameDay,2,Maybe,Video,4,30k-50k,Yes,20k-50k,GovPartnership,Yes,9
35-44,Female,Ulaanbaatar,Business Owner,<1M,Bachelor,Immigration,Once,5,PersonalContact,ComplexProcess,SeveralDays,1,Yes,Chat,1,50k-100k,Maybe,20k-50k,GovPartnership,Maybe,2
25-34,Female,Ulaanbaatar,Employee,1M-2M,HighSchool,Business,FewYears,3,LawFirm,HighCost,SameDay,3,Maybe,Chat,4,10k-30k,Maybe,20k-50k,Reviews,Maybe,8
35-44,Male,Rural,Student,1M-2M,Master,Labor,Once,2,OnlineSearch,TrustIssue,SameDay,2,Yes,Video,5,100k+,Yes,100k+,VerifiedLawyers,Yes,7
55+,Male,Ulaanbaatar,Unemployed,2M-4M,Bachelor,Immigration,Once,4,OnlineSearch,TrustIssue,SeveralDays,5,Yes,Phone,5,30k-50k,Maybe,20k-50k,SecurePayments,No,3
18-24,Male,Ulaanbaatar,Employee,1M-2M,HighSchool,Property,FewYears,2,OnlineSearch,TrustIssue,SameDay,5,Maybe,Chat,5,10k-30k,Maybe,20k-50k,VerifiedLawyers,No,10
25-34,Male,Ulaanbaatar,Employee,2M-4M,Bachelor,Immigration,Once,2,OnlineSearch,Transparency,SameDay,4,No,Video,4,100k+,No,20k-50k,Reviews,Maybe,4
35-44,Male,Ulaanbaatar,Employee,2M-4M,Bachelor,Criminal,Yearly,4,PersonalContact,SlowResponse,SameDay,4,Yes,InPerson,5,30k-50k,Yes,50k-100k,VerifiedLawyers,Maybe,6
25-34,Female,Ulaanbaatar,Student,1M-2M,Master,Labor,SeveralPerYear,2,OnlineSearch,SlowResponse,SeveralDays,5,Yes,Chat,5,100k+,Yes,20k-50k,TransparentPricing,No,0
35-44,Female,Rural,Employee,4M-6M,Master,Criminal,Once,5,OnlineSearch,TrustIssue,<1hr,5,Yes,Video,3,50k-100k,Maybe,20k-50k,SecurePayments,No,3
18-24,Male,Ulaanbaatar,Student,6M+,Master,Labor,Once,1,PersonalContact,TrustIssue,SeveralDays,4,No,InPerson,2,Free,Maybe,<20k,TransparentPricing,Yes,1
18-24,Male,Rural,Unemployed,4M-6M,HighSchool,Immigration,Once,3,PersonalContact,ComplexProcess,SameDay,3,Yes,Chat,2,30k-50k,Maybe,50k-100k,SecurePayments,Maybe,5
25-34,Male,Ulaanbaatar,Student,1M-2M,Bachelor,Other,Once,2,OnlineSearch,TrustIssue,SeveralDays,2,No,InPerson,1,10k-30k,Maybe,100k+,GovPartnership,Maybe,5
35-44,Female,Ulaanbaatar,Employee,1M-2M,Bachelor,Property,FewYears,1,LawFirm,Transparency,<1hr,2,Maybe,Video,1,50k-100k,No,50k-100k,SecurePayments,No,9
25-34,Male,Ulaanbaatar,Freelancer,1M-2M,Master,Business,SeveralPerYear,1,GovAid,Transparency,SeveralDays,2,Yes,InPerson,5,Free,Yes,<20k,VerifiedLawyers,Yes,7
25-34,Female,Rural,Unemployed,2M-4M,Master,Labor,Yearly,4,OnlineSearch,Transparency,SameDay,3,Maybe,InPerson,2,10k-30k,Yes,<20k,VerifiedLawyers,Maybe,2
18-24,Female,Rural,Employee,<1M,Doctorate,Immigration,Yearly,5,SocialMedia,SlowResponse,Week+,3,Maybe,InPerson,2,Free,Maybe,20k-50k,Reviews,Maybe,0
25-34,Male,Ulaanbaatar,Business Owner,1M-2M,HighSchool,Criminal,Once,5,LawFirm,TrustIssue,SameDay,1,Maybe,Video,3,Free,No,50k-100k,GovPartnership,Yes,1
18-24,Male,Ulaanbaatar,Unemployed,1M-2M,Bachelor,Property,Once,3,LawFirm,Transparency,SameDay,5,Yes,Phone,3,10k-30k,Yes,50k-100k,VerifiedLawyers,No,7
35-44,Male,Other City,Student,6M+,Bachelor,Business,FewYears,4,PersonalContact,ComplexProcess,SameDay,5,Yes,InPerson,5,30k-50k,Yes,20k-50k,VerifiedLawyers,Maybe,4
25-34,Female,Ulaanbaatar,Student,4M-6M,Master,Labor,Once,1,PersonalContact,SlowResponse,SameDay,3,Yes,Video,2,50k-100k,No,20k-50k,GovPartnership,Maybe,0
25-34,Female,Rural,Business Owner,1M-2M,HighSchool,Business,FewYears,5,PersonalContact,HighCost,<1hr,1,No,Chat,2,10k-30k,Yes,20k-50k,GovPartnership,No,8
25-34,Female,Ulaanbaatar,Employee,6M+,Master,Business,Once,2,OnlineSearch,Transparency,Week+,3,Yes,Video,3,10k-30k,No,20k-50k,VerifiedLawyers,Yes,5
18-24,Female,Ulaanbaatar,Business Owner,1M-2M,Bachelor,Business,Once,2,OnlineSearch,TrustIssue,SameDay,2,Yes,Phone,3,30k-50k,Yes,20k-50k,GovPartnership,Maybe,2
18-24,Male,Ulaanbaatar,Employee,2M-4M,Bachelor,Labor,Once,3,SocialMedia,SlowResponse,SameDay,1,Maybe,Chat,4,Free,Maybe,<20k,VerifiedLawyers,Yes,6
25-34,Male,Ulaanbaatar,Student,<1M,HighSchool,Business,SeveralPerYear,0,SocialMedia,HighCost,SameDay,4,Yes,InPerson,7,10k-30k,Yes,100k+,SecurePayments,No,9
18-24,Female,Ulaanbaatar,Student,<1M,Bachelor,Other,Once,2,OnlineSearch,Transparency,<1hr,4,Yes,Phone,4,10k-30k,No,<20k,SecurePayments,Maybe,4
25-34,Male,Ulaanbaatar,Unemployed,1M-2M,Master,Property,Once,3,GovAid,Transparency,SameDay,3,Yes,Phone,1,10k-30k,No,20k-50k,TransparentPricing,Maybe,3
18-24,Male,Other City,Freelancer,4M-6M,Bachelor,Other,Yearly,3,PersonalContact,Transparency,SeveralDays,4,Yes,Chat,4,100k+,No,20k-50k,VerifiedLawyers,Maybe,4
18-24,Female,Ulaanbaatar,Freelancer,1M-2M,Bachelor,Divorce,Once,2,PersonalContact,ComplexProcess,SameDay,1,Yes,Chat,4,30k-50k,Maybe,<20k,TransparentPricing,Maybe,4
25-34,Male,Ulaanbaatar,Student,1M-2M,Master,Immigration,Once,4,PersonalContact,ComplexProcess,SeveralDays,1,Maybe,Phone,2,30k-50k,No,20k-50k,TransparentPricing,Maybe,3
18-24,Male,Ulaanbaatar,Unemployed,1M-2M,Bachelor,Immigration,SeveralPerYear,2,PersonalContact,Transparency,Week+,1,No,Chat,5,50k-100k,No,<20k,VerifiedLawyers,Yes,6
25-34,Male,Ulaanbaatar,Freelancer,<1M,HighSchool,Business,SeveralPerYear,2,LawFirm,SlowResponse,SeveralDays,2,No,InPerson,5,30k-50k,Yes,20k-50k,SecurePayments,Maybe,6
35-44,Male,Other City,Employee,1M-2M,HighSchool,Criminal,Once,3,PersonalContact,ComplexProcess,SameDay,1,Yes,Chat,3,Free,Yes,<20k,GovPartnership,No,4
45-54,Male,Ulaanbaatar,Unemployed,1M-2M,Master,Immigration,Once,4,PersonalContact,TrustIssue,SameDay,5,Yes,Chat,2,10k-30k,Maybe,<20k,VerifiedLawyers,No,0
18-24,Male,Ulaanbaatar,Business Owner,Unknown,Bachelor,Business,FewYears,2,SocialMedia,Transparency,SameDay,1,No,Chat,4,Free,Maybe,50k-100k,GovPartnership,Maybe,9
25-34,Female,Ulaanbaatar,Student,4M-6M,Bachelor,Other,Once,2,OnlineSearch,ComplexProcess,Week+,2,Maybe,Video,4,10k-30k,Maybe,100k+,GovPartnership,Yes,3
25-34,Male,Other City,Unemployed,2M-4M,Bachelor,Criminal,FewYears,1,LawFirm,ComplexProcess,SameDay,3,Yes,InPerson,4,10k-30k,No,<20k,TransparentPricing,Maybe,6
18-24,Female,Ulaanbaatar,Employee,<1M,Bachelor,Divorce,Once,5,OnlineSearch,TrustIssue,SameDay,3,Yes,Video,5,50k-100k,Maybe,<20k,Reviews,Yes,1
45-54,Female,Rural,Student,1M-2M,HighSchool,Other,Once,3,GovAid,HighCost,SameDay,2,Yes,Video,3,30k-50k,No,50k-100k,VerifiedLawyers,Maybe,4
35-44,Female,Rural,Employee,1M-2M,Bachelor,Labor,Once,5,LawFirm,ComplexProcess,SeveralDays,2,Yes,InPerson,5,50k-100k,Maybe,<20k,VerifiedLawyers,No,9
18-24,Male,Ulaanbaatar,Employee,6M+,Bachelor,Divorce,Once,4,PersonalContact,TrustIssue,SeveralDays,2,Maybe,Chat,5,30k-50k,Maybe,<20k,VerifiedLawyers,No,0
18-24,Male,Ulaanbaatar,Freelancer,2M-4M,Bachelor,Criminal,Once,3,LawFirm,SlowResponse,Week+,4,Maybe,Chat,4,30k-50k,Maybe,<20k,GovPartnership,No,6
18-24,Female,Ulaanbaatar,Student,1M-2M,HighSchool,Labor,FewYears,5,GovAid,TrustIssue,<1hr,1,Maybe,Chat,3,100k+,No,20k-50k,VerifiedLawyers,Maybe,2
18-24,Male,Ulaanbaatar,Employee,<1M,Bachelor,Labor,Once,3,GovAid,SlowResponse,SeveralDays,5,Maybe,Chat,3,Free,Yes,20k-50k,Reviews,Maybe,3
25-34,Female,Ulaanbaatar,Freelancer,1M-2M,HighSchool,Labor,Once,5,OnlineSearch,SlowResponse,SeveralDays,1,Maybe,Chat,3,50k-100k,Yes,100k+,TransparentPricing,Yes,1
35-44,Female,Ulaanbaatar,Employee,<1M,HighSchool,Business,Yearly,3,SocialMedia,SlowResponse,SeveralDays,5,Maybe,Video,5,100k+,No,<20k,TransparentPricing,Maybe,1
18-24,Female,Ulaanbaatar,Employee,2M-4M,Master,Divorce,Once,4,PersonalContact,SlowResponse,Week+,2,Maybe,Phone,5,Free,Yes,100k+,VerifiedLawyers,No,3
18-24,Male,Ulaanbaatar,Employee,6M+,Bachelor,Property,FewYears,3,SocialMedia,SlowResponse,SameDay,4,No,Chat,4,30k-50k,Yes,<20k,SecurePayments,No,1
45-54,Other,Ulaanbaatar,Unemployed,<1M,Bachelor,Immigration,FewYears,2,OnlineSearch,HighCost,SeveralDays,5,Maybe,Chat,5,Free,Yes,20k-50k,GovPartnership,Maybe,6
25-34,Female,Ulaanbaatar,Student,<1M,HighSchool,Property,Once,2,OnlineSearch,TrustIssue,Week+,2,Yes,Video,3,10k-30k,Maybe,20k-50k,Reviews,Maybe,5
25-34,Female,Ulaanbaatar,Employee,4M-6M,HighSchool,Divorce,Once,3,PersonalContact,ComplexProcess,Week+,2,Maybe,Video,1,50k-100k,No,<20k,TransparentPricing,Yes,6
25-34,Male,Ulaanbaatar,Employee,4M-6M,Master,Criminal,FewYears,4,OnlineSearch,Transparency,SeveralDays,2,Yes,Chat,2,10k-30k,No,<20k,TransparentPricing,No,5
25-34,Male,Ulaanbaatar,Student,2M-4M,HighSchool,Other,Once,0,PersonalContact,TrustIssue,Week+,2,Maybe,Video,0,10k-30k,Maybe,<20k,SecurePayments,Maybe,6
18-24,Female,Rural,Employee,2M-4M,Bachelor,Property,SeveralPerYear,2,GovAid,Transparency,SameDay,1,Maybe,Video,5,50k-100k,No,50k-100k,SecurePayments,Maybe,2
35-44,Male,Other City,Student,1M-2M,Bachelor,Property,Once,5,SocialMedia,TrustIssue,Week+,2,Yes,Chat,5,Free,Yes,<20k,VerifiedLawyers,No,7
35-44,Female,Other City,Unemployed,<1M,Bachelor,Property,SeveralPerYear,5,LawFirm,HighCost,<1hr,4,Maybe,Chat,2,10k-30k,Yes,20k-50k,Reviews,Maybe,9
35-44,Female,Other City,Employee,1M-2M,Bachelor,Property,Once,5,LawFirm,SlowResponse,<1hr,4,Yes,Video,2,10k-30k,Yes,20k-50k,GovPartnership,Maybe,10
35-44,Female,Other City,Employee,<1M,HighSchool,Criminal,Yearly,1,GovAid,SlowResponse,Week+,3,Yes,InPerson,2,30k-50k,Maybe,100k+,VerifiedLawyers,No,9
35-44,Male,Other City,Unemployed,1M-2M,HighSchool,Divorce,Yearly,5,OnlineSearch,TrustIssue,Week+,2,Yes,Chat,2,10k-30k,No,<20k,VerifiedLawyers,No,4
18-24,Female,Rural,Employee,1M-2M,Bachelor,Labor,FewYears,1,LawFirm,SlowResponse,SeveralDays,4,Yes,Video,2,50k-100k,Maybe,20k-50k,GovPartnership,No,1
35-44,Female,Other City,Employee,2M-4M,Bachelor,Labor,Once,4,GovAid,ComplexProcess,Week+,1,Yes,Phone,1,30k-50k,Maybe,20k-50k,SecurePayments,Maybe,7
18-24,Female,Ulaanbaatar,Business Owner,6M+,Master,Property,FewYears,3,OnlineSearch,SlowResponse,SameDay,5,No,Phone,4,10k-30k,Yes,<20k,TransparentPricing,No,4
35-44,Female,Ulaanbaatar,Unemployed,1M-2M,Bachelor,Divorce,Once,1,OnlineSearch,TrustIssue,<1hr,4,No,Phone,1,30k-50k,No,<20k,TransparentPricing,Yes,0
18-24,Female,Ulaanbaatar,Employee,2M-4M,Bachelor,Criminal,Yearly,1,GovAid,HighCost,SameDay,1,Yes,Phone,2,Free,Yes,100k+,SecurePayments,Yes,0
